partido;deputados_legislatura;leis;por_100
PSD;269;8;2.97
PP;210;6;2.86
PCdoB;120;3;2.5
MDB;186;4;2.15
PL;245;5;2.04
PT;738;14;1.9
REPUBLICANOS;145;2;1.38
DEM;223;3;1.35
PSB;318;3;0.94
PSDB;656;6;0.91
PDT;377;3;0.8
PPB;128;1;0.78
PR;258;2;0.78
UNIÃO;209;1;0.48
PTB (1946-1965);424;2;0.47
PFL;637;2;0.31
PMDB;1409;4;0.28
PSD (1946-1965);739;1;0.14
ARENA (1966-1979);961;1;0.1
UDN (1946-1965);497;0;0.0
PSP (1946-1965);137;0;0.0
MDB* (1966-1979);538;0;0.0
PDS;352;0;0.0
PTB;340;0;0.0
PL*;130;0;0.0
PSC;122;0;0.0
PP**;247;0;0.0
PPS;108;0;0.0
