id;inicio;fim;deputados;bancadas;leis_por_partido_autor
38;1946-09-23;1951-03-09;286;"{""PSD (1946-1965)"": 151, ""UDN (1946-1965)"": 77, ""PTB (1946-1965)"": 22, ""PCB (1946-1965)"": 14, ""PR (1946-1965)"": 7, ""coligação UDN / PR (1946-1965)"": 6, ""PPS (1946-1965)"": 4, ""PDC (1946-1965)"": 2, ""PRP (1946-1965)"": 2, ""PL (1946-1965)"": 1}";"{""PSD (1946-1965)"": 1}"
39;1951-03-10;1955-01-31;399;"{""PSD (1946-1965)"": 143, ""UDN (1946-1965)"": 97, ""PTB (1946-1965)"": 67, ""PSP (1946-1965)"": 28, ""sem partido na fonte (1946-1965)"": 16, ""PR (1946-1965)"": 15, ""PST (1946-1965)"": 12, ""PTN (1946-1965)"": 6, ""PL* (1946-1965)"": 5, ""PRP (1946-1965)"": 4, ""PDC (1946-1965)"": 2, ""PRT (1946-1965)"": 2, ""PSC (1946-1965)"": 1, ""PNI (1946-1965)"": 1}";"{""PTB (1946-1965)"": 1}"
40;1955-02-01;1959-01-31;444;"{""PSD (1946-1965)"": 145, ""UDN (1946-1965)"": 104, ""PTB (1946-1965)"": 87, ""PSP (1946-1965)"": 41, ""PR (1946-1965)"": 20, ""PL* (1946-1965)"": 12, ""PTN (1946-1965)"": 9, ""PRP (1946-1965)"": 7, ""PDC (1946-1965)"": 4, ""PSB (1946-1965)"": 4, ""sem partido na fonte (1946-1965)"": 3, ""PST (1946-1965)"": 2, ""ARENA (1946-1965)"": 2, ""PNI (1946-1965)"": 2, ""PTR (1946-1965)"": 1, ""PDS (1946-1965)"": 1}";{}
41;1959-02-01;1963-01-31;457;"{""PSD (1946-1965)"": 153, ""UDN (1946-1965)"": 100, ""PTB (1946-1965)"": 87, ""PSP (1946-1965)"": 35, ""PR (1946-1965)"": 24, ""PSB (1946-1965)"": 11, ""PDC (1946-1965)"": 10, ""PTN (1946-1965)"": 8, ""PRP (1946-1965)"": 7, ""PL* (1946-1965)"": 7, ""sem partido na fonte (1946-1965)"": 6, ""PRT (1946-1965)"": 2, ""ARENA (1946-1965)"": 2, ""MDB* (1946-1965)"": 2, ""PST (1946-1965)"": 1, ""PDS (1946-1965)"": 1, ""PNI (1946-1965)"": 1}";"{""PTB (1946-1965)"": 1}"
42;1963-02-01;1967-01-31;573;"{""PTB (1946-1965)"": 161, ""PSD (1946-1965)"": 147, ""UDN (1946-1965)"": 119, ""PSP (1946-1965)"": 33, ""PDC (1946-1965)"": 24, ""ARENA (1946-1965)"": 22, ""PTN (1946-1965)"": 12, ""PST (1946-1965)"": 11, ""PR (1946-1965)"": 9, ""PRT* (1946-1965)"": 6, ""MDB* (1946-1965)"": 5, ""MTR (1946-1965)"": 5, ""sem partido na fonte (1946-1965)"": 4, ""PSB* (1946-1965)"": 4, ""PL** (1946-1965)"": 4, ""PRP* (1946-1965)"": 3, ""PSB (1946-1965)"": 2, ""PRP (1946-1965)"": 1, ""PTB* (1946-1965)"": 1}";{}
43;1967-02-01;1971-01-31;490;"{""ARENA (1966-1979)"": 329, ""MDB* (1966-1979)"": 156, ""sem partido na fonte (1966-1979)"": 5}";{}
44;1971-02-01;1975-01-31;334;"{""ARENA (1966-1979)"": 240, ""MDB* (1966-1979)"": 94}";{}
45;1975-02-01;1979-01-31;399;"{""ARENA (1966-1979)"": 219, ""MDB* (1966-1979)"": 173, ""PNI (1966-1979)"": 4, ""sem partido na fonte (1966-1979)"": 3}";"{""ARENA (1966-1979)"": 1}"
46;1979-02-01;1983-01-31;482;"{""ARENA (1966-1979)"": 173, ""MDB* (1966-1979)"": 115, ""PDS (1966-1979)"": 83, ""PMDB (1966-1979)"": 55, ""PP** (1966-1979)"": 27, ""PNI (1966-1979)"": 19, ""PDT (1966-1979)"": 5, ""sem partido na fonte (1966-1979)"": 4, ""PTB (1966-1979)"": 1}";{}
47;1983-02-01;1987-01-31;570;"{""PDS"": 261, ""PMDB"": 247, ""PDT"": 26, ""PTB"": 17, ""sem partido na fonte"": 10, ""PT"": 9}";{}
48;1987-02-01;1991-01-31;590;"{""PMDB"": 303, ""PFL"": 127, ""PDS"": 43, ""PDT"": 30, ""PT"": 21, ""PTB"": 17, ""sem partido na fonte"": 13, ""PL*"": 9, ""PDC"": 8, ""PCdoB"": 4, ""PSC"": 3, ""PCB***"": 3, ""PSB"": 3, ""PSDB"": 3, ""PJ"": 1, ""PTdoB"": 1, ""PRN"": 1}";"{""PFL"": 1}"
49;1991-02-01;1995-01-31;614;"{""PMDB"": 142, ""PFL"": 97, ""PDT"": 54, ""PSDB"": 51, ""PDS"": 48, ""PRN"": 47, ""PTB"": 45, ""PT"": 34, ""PL*"": 22, ""PDC"": 22, ""PSB"": 13, ""PCdoB"": 7, ""sem partido na fonte"": 5, ""PSC"": 5, ""PTR"": 5, ""PRS"": 5, ""PCB***"": 3, ""PST"": 3, ""PMN"": 2, ""PDC*"": 1, ""PSTU"": 1, ""PP**"": 1, ""PSD*"": 1}";"{""PL"": 1, ""PSDB"": 1, ""PT"": 1}"
50;1995-02-01;1999-01-31;638;"{""PMDB"": 140, ""PFL"": 99, ""PSDB"": 84, ""PPR"": 66, ""PT"": 57, ""PP***"": 46, ""PDT"": 41, ""PTB"": 37, ""PSB"": 18, ""PL*"": 15, ""PCdoB"": 11, ""sem partido na fonte"": 10, ""PMN"": 5, ""PSD*"": 4, ""PSC"": 4, ""PPS"": 2, ""PPB"": 2, ""PRP"": 1, ""PV"": 1, ""PRN"": 1}";"{""PT"": 3, ""PPB"": 1}"
51;1999-02-01;2003-01-31;638;"{""PFL"": 131, ""PSDB"": 120, ""PMDB"": 107, ""PT"": 78, ""PPB"": 71, ""PTB"": 34, ""PDT"": 32, ""PSB"": 20, ""PL*"": 16, ""PCdoB"": 11, ""PPS"": 5, ""PRONA"": 3, ""PSD*"": 3, ""sem partido na fonte"": 2, ""PSC"": 2, ""PMN"": 2, ""PV"": 1, ""PST"": 1, ""PSL"": 1}";"{""PT"": 2, ""PSDB"": 1}"
52;2003-02-01;2007-01-31;626;"{""PMDB"": 136, ""PT"": 107, ""PFL"": 99, ""PSDB"": 97, ""PP**"": 75, ""PTB"": 74, ""PL*"": 68, ""PSB"": 57, ""PPB"": 55, ""S.PART."": 52, ""PR"": 44, ""PDT"": 36, ""PPS"": 34, ""PCdoB"": 14, ""PSC"": 11, ""PV"": 9, ""PSOL"": 7, ""PRONA"": 6, ""PSL"": 3, ""PMN"": 2, ""PMR"": 2, ""PRB"": 2, ""PTC"": 1, ""PST"": 1, ""PSDC"": 1, ""PRP"": 1}";"{""PT"": 3, ""PFL"": 1, ""PL"": 1}"
53;2007-02-01;2011-01-31;636;"{""PMDB"": 122, ""PT"": 98, ""PSDB"": 85, ""PFL"": 84, ""DEM"": 78, ""PR"": 60, ""PP**"": 48, ""PTB"": 41, ""PSB"": 38, ""PDT"": 31, ""PPS"": 24, ""PSC"": 21, ""PV"": 16, ""PCdoB"": 14, ""PRB"": 10, ""PAN"": 6, ""S.PART."": 6, ""PTC"": 5, ""PMN"": 5, ""PSOL"": 4, ""PHS"": 4, ""PRTB"": 1, ""PTdoB"": 1}";"{""PT"": 1, ""PRB"": 1}"
54;2011-02-01;2015-01-31;671;"{""PT"": 114, ""PMDB"": 113, ""PSDB"": 74, ""PSD"": 62, ""DEM"": 59, ""PP**"": 56, ""PR"": 52, ""PSB"": 51, ""PDT"": 36, ""PTB"": 30, ""PSC"": 24, ""SDD"": 24, ""SD"": 24, ""PROS"": 21, ""PCdoB"": 19, ""PV"": 19, ""PPS"": 17, ""PRB"": 15, ""S.PART."": 8, ""PMN"": 7, ""PEN"": 4, ""PTdoB"": 4, ""PSOL"": 3, ""PRP"": 3, ""PSL"": 3, ""PRTB"": 2, ""PHS"": 2, ""PSDC"": 1, ""PTC"": 1}";"{""PT"": 1, ""PSB"": 1, ""PCdoB"": 1, ""PMDB"": 2, ""PDT"": 1, ""DEM"": 1, ""PP"": 1, ""PSD"": 1}"
55;2015-02-01;2019-01-31;623;"{""PMDB"": 99, ""PT"": 76, ""MDB"": 71, ""PSDB"": 70, ""PP**"": 67, ""PP"": 62, ""PSD"": 61, ""PR"": 55, ""PSB"": 52, ""DEM"": 51, ""PDT"": 35, ""PRB"": 33, ""PODE"": 29, ""PTB"": 29, ""PROS"": 29, ""PMB"": 25, ""SD"": 24, ""S.PART."": 23, ""PSC"": 23, ""PCdoB"": 19, ""PTN"": 16, ""PPS"": 16, ""PSL"": 14, ""PHS"": 13, ""PV"": 13, ""SOLIDARIEDADE"": 11, ""AVANTE"": 8, ""PTdoB"": 7, ""PSOL"": 7, ""PEN"": 6, ""REDE"": 5, ""PATRI"": 5, ""PRP"": 4, ""PSDC"": 4, ""PMN"": 4, ""PTC"": 2, ""PRTB"": 2, ""PPL"": 1}";"{""PMDB"": 2, ""SD"": 3, ""PSDB"": 2, ""PR"": 2, ""PHS"": 1, ""MDB"": 1, ""AVANTE"": 1, ""PODE"": 1, ""PRB"": 2, ""PSD"": 3, ""DEM"": 1, ""PSB"": 1}"
56;2019-02-01;2023-01-31;613;"{""UNIÃO"": 112, ""PL"": 102, ""PP"": 71, ""PSD"": 67, ""PT"": 64, ""REPUBLICANOS"": 62, ""PSL"": 59, ""MDB"": 52, ""PR"": 47, ""PSDB"": 44, ""PSB"": 43, ""PRB"": 36, ""DEM"": 35, ""PDT"": 32, ""PODE"": 22, ""PROS"": 18, ""PSC"": 17, ""SOLIDARIEDADE"": 17, ""PTB"": 15, ""PSOL"": 11, ""PPS"": 10, ""CIDADANIA"": 10, ""PCdoB"": 10, ""AVANTE"": 10, ""PV"": 9, ""NOVO"": 8, ""PATRIOTA"": 8, ""PHS"": 7, ""PATRI"": 7, ""S.PART."": 7, ""PRP"": 4, ""PMN"": 3, ""PTC"": 2, ""REDE"": 2, ""DC"": 1, ""PPL"": 1}";"{""PP"": 4, ""PL"": 1, ""AVANTE"": 1, ""PROS"": 1, ""PSB"": 1, ""PSDB"": 2, ""PCdoB"": 1, ""MDB"": 2, ""PSL"": 3, ""PSOL"": 1, ""REDE"": 1, ""PDT"": 2, ""PT"": 1, ""DEM"": 1, ""REPUBLICANOS"": 1, ""NOVO"": 1}"
57;2023-02-01;2027-01-31;648;"{""PL"": 143, ""UNIÃO"": 97, ""REPUBLICANOS"": 83, ""PT"": 80, ""PSD"": 79, ""PP"": 77, ""MDB"": 63, ""PODE"": 43, ""PSDB"": 28, ""PDT"": 24, ""PSB"": 23, ""PSOL"": 16, ""SOLIDARIEDADE"": 13, ""PSC"": 12, ""PCdoB"": 11, ""AVANTE"": 10, ""PV"": 9, ""PATRIOTA"": 9, ""PRD"": 9, ""REDE"": 8, ""NOVO"": 5, ""CIDADANIA"": 5, ""S.PART."": 3, ""PROS"": 3, ""PTB"": 1, ""DC"": 1, ""MISSÃO"": 1}";"{""PCdoB"": 1, ""PSD"": 4, ""PT"": 2, ""PSOL"": 1, ""UNIÃO"": 1, ""PL"": 2, ""PP"": 1, ""REPUBLICANOS"": 1, ""MDB"": 1}"
