id;uri;dataInicio;dataFim
1;https://dadosabertos.camara.leg.br/api/v2/legislaturas/1;1826-04-29;1830-04-24
2;https://dadosabertos.camara.leg.br/api/v2/legislaturas/2;1830-04-25;1834-04-24
3;https://dadosabertos.camara.leg.br/api/v2/legislaturas/3;1834-04-25;1838-04-24
4;https://dadosabertos.camara.leg.br/api/v2/legislaturas/4;1838-04-25;1842-04-24
5;https://dadosabertos.camara.leg.br/api/v2/legislaturas/5;1842-04-25;1844-05-24
6;https://dadosabertos.camara.leg.br/api/v2/legislaturas/6;1844-12-24;1848-04-24
7;https://dadosabertos.camara.leg.br/api/v2/legislaturas/7;1848-04-25;1849-02-19
8;https://dadosabertos.camara.leg.br/api/v2/legislaturas/8;1849-12-15;1853-04-14
9;https://dadosabertos.camara.leg.br/api/v2/legislaturas/9;1853-04-15;1857-04-14
10;https://dadosabertos.camara.leg.br/api/v2/legislaturas/10;1857-04-15;1861-04-14
11;https://dadosabertos.camara.leg.br/api/v2/legislaturas/11;1861-04-15;1863-05-12
12;https://dadosabertos.camara.leg.br/api/v2/legislaturas/12;1863-12-14;1867-04-14
13;https://dadosabertos.camara.leg.br/api/v2/legislaturas/13;1867-04-15;1868-07-18
14;https://dadosabertos.camara.leg.br/api/v2/legislaturas/14;1869-04-15;1872-05-22
15;https://dadosabertos.camara.leg.br/api/v2/legislaturas/15;1872-11-13;1876-11-12
16;https://dadosabertos.camara.leg.br/api/v2/legislaturas/16;1876-12-13;1878-04-11
17;https://dadosabertos.camara.leg.br/api/v2/legislaturas/17;1878-11-27;1881-06-30
18;https://dadosabertos.camara.leg.br/api/v2/legislaturas/18;1881-12-13;1884-09-03
19;https://dadosabertos.camara.leg.br/api/v2/legislaturas/19;1885-02-11;1885-09-26
20;https://dadosabertos.camara.leg.br/api/v2/legislaturas/20;1886-04-15;1889-06-15
21;https://dadosabertos.camara.leg.br/api/v2/legislaturas/21;1889-11-02;1889-11-15
22;https://dadosabertos.camara.leg.br/api/v2/legislaturas/22;1891-06-10;1894-04-17
23;https://dadosabertos.camara.leg.br/api/v2/legislaturas/23;1894-04-18;1897-04-17
24;https://dadosabertos.camara.leg.br/api/v2/legislaturas/24;1897-04-18;1900-04-17
25;https://dadosabertos.camara.leg.br/api/v2/legislaturas/25;1900-04-18;1903-04-17
26;https://dadosabertos.camara.leg.br/api/v2/legislaturas/26;1903-04-18;1906-04-17
27;https://dadosabertos.camara.leg.br/api/v2/legislaturas/27;1906-04-18;1909-04-17
28;https://dadosabertos.camara.leg.br/api/v2/legislaturas/28;1909-04-18;1912-04-17
29;https://dadosabertos.camara.leg.br/api/v2/legislaturas/29;1912-04-18;1915-04-02
30;https://dadosabertos.camara.leg.br/api/v2/legislaturas/30;1915-04-03;1918-04-17
31;https://dadosabertos.camara.leg.br/api/v2/legislaturas/31;1918-04-18;1921-04-14
32;https://dadosabertos.camara.leg.br/api/v2/legislaturas/32;1921-04-15;1924-04-14
33;https://dadosabertos.camara.leg.br/api/v2/legislaturas/33;1924-04-15;1927-04-14
34;https://dadosabertos.camara.leg.br/api/v2/legislaturas/34;1927-04-15;1930-04-14
35;https://dadosabertos.camara.leg.br/api/v2/legislaturas/35;1930-04-15;1930-11-11
36;https://dadosabertos.camara.leg.br/api/v2/legislaturas/36;1934-07-21;1935-04-27
37;https://dadosabertos.camara.leg.br/api/v2/legislaturas/37;1935-04-28;1937-11-10
38;https://dadosabertos.camara.leg.br/api/v2/legislaturas/38;1946-09-23;1951-03-09
39;https://dadosabertos.camara.leg.br/api/v2/legislaturas/39;1951-03-10;1955-01-31
40;https://dadosabertos.camara.leg.br/api/v2/legislaturas/40;1955-02-01;1959-01-31
41;https://dadosabertos.camara.leg.br/api/v2/legislaturas/41;1959-02-01;1963-01-31
42;https://dadosabertos.camara.leg.br/api/v2/legislaturas/42;1963-02-01;1967-01-31
43;https://dadosabertos.camara.leg.br/api/v2/legislaturas/43;1967-02-01;1971-01-31
44;https://dadosabertos.camara.leg.br/api/v2/legislaturas/44;1971-02-01;1975-01-31
45;https://dadosabertos.camara.leg.br/api/v2/legislaturas/45;1975-02-01;1979-01-31
46;https://dadosabertos.camara.leg.br/api/v2/legislaturas/46;1979-02-01;1983-01-31
47;https://dadosabertos.camara.leg.br/api/v2/legislaturas/47;1983-02-01;1987-01-31
48;https://dadosabertos.camara.leg.br/api/v2/legislaturas/48;1987-02-01;1991-01-31
49;https://dadosabertos.camara.leg.br/api/v2/legislaturas/49;1991-02-01;1995-01-31
50;https://dadosabertos.camara.leg.br/api/v2/legislaturas/50;1995-02-01;1999-01-31
51;https://dadosabertos.camara.leg.br/api/v2/legislaturas/51;1999-02-01;2003-01-31
52;https://dadosabertos.camara.leg.br/api/v2/legislaturas/52;2003-02-01;2007-01-31
53;https://dadosabertos.camara.leg.br/api/v2/legislaturas/53;2007-02-01;2011-01-31
54;https://dadosabertos.camara.leg.br/api/v2/legislaturas/54;2011-02-01;2015-01-31
55;https://dadosabertos.camara.leg.br/api/v2/legislaturas/55;2015-02-01;2019-01-31
56;https://dadosabertos.camara.leg.br/api/v2/legislaturas/56;2019-02-01;2023-01-31
57;https://dadosabertos.camara.leg.br/api/v2/legislaturas/57;2023-02-01;2027-01-31
