url;rotulo;conferencia;texto
https://www2.camara.leg.br/legin/fed/declei/1940-1949/decreto-lei-2848-7-dezembro-1940-412868-retificacao-13765-pe.html;Retificação;"{""fala_em_retificacao"": true, ""cita_o_decreto_lei_2848"": true, ""cita_codigo_penal"": true, ""caracteres"": 3882}";"Portal da Câmara dos Deputados 
 







 DECRETO-LEI Nº 2.848, DE 7 DE DEZEMBRO DE 1940 - Retificação - Portal Câmara dos Deputados 

 

 
 

 
 

 
 

 
 
 
 
 
 
 Ir ao conteúdo 
 
 
 Ir à navegação principal 
 
 

 
 
 Você está usando um navegador defasado . Por favor,
 atualize seu navegador para
 melhorar sua experiência e sua segurança.
 
 

 
 
 Página inicial 

 

 
 
 
 
 
 
 
 
 
 
 Acessibilidade 
 
 
 Fale Conosco 
 
 

 
 
 Congresso 
 
 
 Senado 
 
 

 
 
 PT 
 

 
 
 
 
 English 
 EN 
 
 
 
 
 
 Español 
 ES 
 
 
 
 
 
 
 

 
 
 
 

 
 Página inicial 
 

 
 
 
 
 
 

 
 
 
 

 
 
 
 
 
 Assuntos 

 
 
 
 Agropecuária 
 
 
 Cidades e transportes 
 
 
 Ciência, tecnologia e comunicações 
 
 
 Consumidor 
 
 
 Direitos humanos 
 
 
 Economia 
 
 
 Educação, cultura e esportes 
 
 
 Meio ambiente e energia 
 
 
 Política e administração pública 
 
 
 Relações exteriores 
 
 
 Saúde 
 
 
 Segurança 
 
 
 Trabalho, previdência e assistência 
 
 
 
 
 
 
 
 
 
 Institucional 

 
 
 
 Agenda 
 
 
 Serviços 
 
 
 Presidência 
 
 
 Biblioteca e publicações 
 
 
 Escola da Câmara 
 
 
 Papel e estrutura 
 
 
 História e arquivo 
 
 
 Visite 
 
 
 
 
 
 
 
 
 
 Deputados 

 
 
 
 Quem são 
 
 
 Lideranças e bancadas 
 
 
 Frentes e grupos parlamentares 
 
 
 
 
 
 
 
 
 
 Atividade Legislativa 

 
 
 
 Propostas legislativas 
 
 
 Plenário 
 
 
 Comissões 
 
 
 Sessões e reuniões 
 
 
 Estudos legislativos 
 
 
 Orçamento da União 
 
 
 Legislação 
 
 
 Entenda o processo legislativo 
 
 
 Participe 
 
 
 
 
 
 
 
 
 
 Comunicação 

 
 
 
 Agência Câmara de Notícias 
 
 
 Rádio Câmara 
 
 
 TV Câmara 
 
 
 Banco de Imagens 
 
 
 Assessoria de Imprensa 
 
 
 Comprove uma notícia 
 
 
 
 
 
 
 
 
 
 Transparência e prestação de contas 

 
 
 
 Transparência 
 
 
 Prestação de contas 
 
 
 Dados abertos 
 
 
 
 
 
 
 
 
 
 
 Acessibilidade 
 
 
 Fale Conosco 
 
 
 
 
 
 PT 
 
 
 
 
 
 
 English 
 EN 
 
 
 
 
 
 Español 
 ES 
 
 
 
 
 


 
 
 Pesquise no Portal da Câmara 
 
 
 
 
 
 
 

 
 
 
 
 Início 
 
 Atividade Legislativa 
 Legislação 

 Esta página 
 
 
 
 
 
 
 
 
 
 Legislação 
 
 
 
 
 
 

 
 


 
 
 
 
 
 Legislação Informatizada - DECRETO-LEI Nº 2.848, DE 7 DE DEZEMBRO DE 1940 - Retificação 

 
 
 
 
 Veja também: 
 
 


 Texto Atualizado (HTML) 
 ( formato docx )
 
 ( formato pdf )

 
 
 
 Publicação Original 
 
 
 Dados da Norma 
 
 
 
 

 DECRETO-LEI Nº 2.848, DE 7 DE DEZEMBRO DE 1940 
 
 
 
 
 Código Penal. 
 
 
 
 RETIFICAÇÃO 
 (Diário Oficial - Seção I - Edição de 31 de dezembro de 1940) 
 CAPÍTULO II Das Lesões Corporais 
 Art. 129 - §2º - III. 
 Onde se lê: 
 III - debilidade permanente de membro, sentido ou função; 
 leia-se: 
 III - perda ou inutilização de membro, sentido ou função. 
 
 
 
 

 
 
 
 Este texto não substitui o original publicado no Diário Oficial da União - Seção 1 de 03/01/1941
 
 

 
 
 Publicação: 
 
 
 
 Diário Oficial da União - Seção 1
 - 3/1/1941, Página 61 
 
 (Retificação)
 
 
 
 



 
 
 
 

 
 
 

 
 
 

 
 

 

 
 
 
 
 
 
 57ª Legislatura - 4ª Sessão Legislativa Ordinária 
 
 

 
 
 Câmara dos Deputados - Palácio do Congresso Nacional - Praça
 dos Três Poderes 
 Brasília - DF - Brasil - CEP 70160-900 
 CNPJ: 
 00.530.352/0001-59 
 

 
 
 
 Disque-Câmara: 
 0800-0-619-619 , das 8h às
 20h
 
 
 Atendimento por WhatsApp: 
 (61) 3216-0000 , das 8h às 19h
 
 
 Atendimento presencial: 
 das 9h às 19h
 
 
 
 
 
 
 
 
 
 
 
 
 
 
 
 
 
 
 Whatsapp 
 
 

 
 
 
 Telegram 
 
 

 
 
 
 Facebook 
 
 

 
 
 
 X 
 
 

 
 
 
 Youtube 
 
 

 
 
 
 Tiktok 
 
 

 
 
 
 Instagram 
 
 
 
 
 
 Threads 
 
 
 
 
 
 Bluesky 
 
 
 
 
 
 
 
 
 
 
 Sobre o portal 
 

 
 Termos de uso 
 

 
 Aplicativos 
 

 
 Extranet 
 
 
 
 
 

 
 
 
 
 Carregando 
 
 
 Por favor, aguarde."
