grupo;anos_no_grupo;anos_fora;normas_no_grupo;normas_fora;media_no_grupo;media_fora;razao;anos;diferenca_observada;p_valor_bilateral;recorte;motivo
PRESIDENCIAL DIRETA;13;73;17;87;1.308;1.192;1.097;[1945, 1950, 1955, 1960, 1989, 1994, 1998, 2002, 2006, 2010, 2014, 2018, 2022];0.116;0.90407;1940-2025;
presidencial INDIRETA;6;80;1;103;0.167;1.288;0.129;[1964, 1966, 1969, 1974, 1978, 1985];-1.121;0.2891;1940-2025;
MUNICIPAL (qualquer);28;58;29;75;1.036;1.293;0.801;[1947, 1950, 1954, 1955, 1958, 1960, 1962, 1965, 1966, 1968, 1969, 1970, 1972, 1976, 1982, 1985, 1986, 1988, 1989, 1992, 1996, 2000, 2004, 2008, 2012, 2016, 2020, 2024];-0.257;0.51854;1940-2025;
MUNICIPAL ISOLADA, sem presidencial;21;65;28;76;1.333;1.169;1.14;[1947, 1954, 1958, 1962, 1965, 1968, 1970, 1972, 1976, 1982, 1986, 1988, 1992, 1996, 2000, 2004, 2008, 2012, 2016, 2020, 2024];0.164;0.68511;1940-2025;
LEGISLATIVA FEDERAL direta;22;64;19;85;0.864;1.328;0.65;[1945, 1947, 1950, 1954, 1958, 1962, 1966, 1970, 1974, 1978, 1982, 1986, 1988, 1990, 1994, 1998, 2002, 2006, 2010, 2014, 2018, 2022];-0.464;0.20209;1940-2025;
PRESIDENCIAL DIRETA;9;32;16;72;1.778;2.25;0.79;[1989, 1994, 1998, 2002, 2006, 2010, 2014, 2018, 2022];-0.472;0.54739;1985-2025;
presidencial INDIRETA;1;40;0;88;0.0;2.2;0.0;[1985];;;1985-2025;menos de 3 anos no grupo
MUNICIPAL (qualquer);13;28;23;65;1.769;2.321;0.762;[1985, 1986, 1988, 1989, 1992, 1996, 2000, 2004, 2008, 2012, 2016, 2020, 2024];-0.552;0.57933;1985-2025;
MUNICIPAL ISOLADA, sem presidencial;11;30;23;65;2.091;2.167;0.965;[1986, 1988, 1992, 1996, 2000, 2004, 2008, 2012, 2016, 2020, 2024];-0.076;0.92587;1985-2025;
LEGISLATIVA FEDERAL direta;11;30;19;69;1.727;2.3;0.751;[1986, 1988, 1990, 1994, 1998, 2002, 2006, 2010, 2014, 2018, 2022];-0.573;0.58755;1985-2025;
