ano;normas_alteradoras;dispositivos_tocados;eleicao_geral;eleicao_municipal
1940;0;0;0;0
1941;0;0;0;0
1942;0;0;0;0
1943;0;0;0;0
1944;0;0;0;0
1945;0;0;1;0
1946;0;0;0;0
1947;0;0;0;1
1948;0;0;0;0
1949;0;0;0;0
1950;0;0;1;0
1951;0;0;0;1
1952;0;0;0;0
1953;0;0;0;0
1954;0;0;1;0
1955;0;0;1;1
1956;0;0;0;0
1957;0;0;0;0
1958;0;0;1;0
1959;0;0;0;1
1960;0;0;1;0
1961;0;0;0;0
1962;0;0;1;0
1963;0;0;0;1
1964;0;0;0;0
1965;1;1;0;0
1966;0;0;1;0
1967;1;1;0;1
1968;2;3;0;0
1969;0;0;0;0
1970;0;0;1;0
1971;1;1;0;1
1972;0;0;0;0
1973;0;0;0;0
1974;0;0;1;0
1975;0;0;0;1
1976;1;2;0;0
1977;1;1;0;0
1978;0;0;1;0
1979;0;0;0;1
1980;1;1;0;0
1981;1;4;0;0
1982;0;0;1;0
1983;0;0;0;1
1984;2;304;0;0
1985;0;0;0;0
1986;0;0;1;0
1987;0;0;0;0
1988;0;0;0;1
1989;0;0;1;0
1990;3;14;1;0
1991;0;0;0;0
1992;0;0;0;1
1993;1;2;0;0
1994;0;0;1;0
1995;1;4;0;0
1996;4;38;0;1
1997;0;0;0;0
1998;3;63;1;0
1999;0;0;0;0
2000;2;73;0;1
2001;2;10;0;0
2002;1;11;1;0
2003;4;31;0;0
2004;2;10;0;1
2005;1;15;0;0
2006;1;2;1;0
2007;2;2;0;0
2008;0;0;0;1
2009;4;57;0;0
2010;1;4;1;0
2011;1;14;0;0
2012;4;24;0;1
2013;1;3;0;0
2014;2;19;1;0
2015;2;2;0;0
2016;1;17;0;1
2017;2;9;0;0
2018;4;32;1;0
2019;3;40;0;0
2020;1;1;0;1
2021;6;118;0;0
2022;2;9;1;0
2023;2;11;0;0
2024;4;39;0;1
2025;8;43;0;0
2026;10;81;1;0
