partido;tipo;docs_lidos;docs_sem_texto;palavras;por_10mil_palavras;ocorrencias;indice_ordem_menos_direitos
AGIR;atual;10;0;55503;"{""ordem"": 1.62, ""direitos"": 1.26, ""socialismo"": 0.0, ""trabalhismo"": 16.94, ""liberalismo"": 0.0, ""conservador"": 0.0, ""cristao"": 17.12, ""familia"": 0.72}";"{""ordem"": 9, ""direitos"": 7, ""socialismo"": 0, ""trabalhismo"": 94, ""liberalismo"": 0, ""conservador"": 0, ""cristao"": 95, ""familia"": 4}";0.36
AVANTE;atual;6;0;59276;"{""ordem"": 0.34, ""direitos"": 0.34, ""socialismo"": 0.0, ""trabalhismo"": 10.29, ""liberalismo"": 0.0, ""conservador"": 0.17, ""cristao"": 3.21, ""familia"": 0.0}";"{""ordem"": 2, ""direitos"": 2, ""socialismo"": 0, ""trabalhismo"": 61, ""liberalismo"": 0, ""conservador"": 1, ""cristao"": 19, ""familia"": 0}";0.0
Aliança Democrática Brasileira;historico;2;0;4170;"{""ordem"": 0.0, ""direitos"": 0.0, ""socialismo"": 0.0, ""trabalhismo"": 4.8, ""liberalismo"": 0.0, ""conservador"": 2.4, ""cristao"": 2.4, ""familia"": 0.0}";"{""ordem"": 0, ""direitos"": 0, ""socialismo"": 0, ""trabalhismo"": 2, ""liberalismo"": 0, ""conservador"": 1, ""cristao"": 1, ""familia"": 0}";0.0
Aliança Renovadora Nacional;historico;1;0;9995;"{""ordem"": 0.0, ""direitos"": 0.0, ""socialismo"": 0.0, ""trabalhismo"": 0.0, ""liberalismo"": 0.0, ""conservador"": 0.0, ""cristao"": 2.0, ""familia"": 0.0}";"{""ordem"": 0, ""direitos"": 0, ""socialismo"": 0, ""trabalhismo"": 0, ""liberalismo"": 0, ""conservador"": 0, ""cristao"": 2, ""familia"": 0}";0.0
Aliança Social Democrata;historico;3;0;2103;"{""ordem"": 0.0, ""direitos"": 0.0, ""socialismo"": 0.0, ""trabalhismo"": 0.0, ""liberalismo"": 0.0, ""conservador"": 0.0, ""cristao"": 0.0, ""familia"": 0.0}";"{""ordem"": 0, ""direitos"": 0, ""socialismo"": 0, ""trabalhismo"": 0, ""liberalismo"": 0, ""conservador"": 0, ""cristao"": 0, ""familia"": 0}";0.0
CIDADANIA;atual;9;0;58221;"{""ordem"": 0.17, ""direitos"": 1.2, ""socialismo"": 10.65, ""trabalhismo"": 0.0, ""liberalismo"": 0.0, ""conservador"": 2.4, ""cristao"": 1.55, ""familia"": 0.0}";"{""ordem"": 1, ""direitos"": 7, ""socialismo"": 62, ""trabalhismo"": 0, ""liberalismo"": 0, ""conservador"": 14, ""cristao"": 9, ""familia"": 0}";-1.03
DC;atual;10;0;95470;"{""ordem"": 0.42, ""direitos"": 0.42, ""socialismo"": 0.21, ""trabalhismo"": 2.41, ""liberalismo"": 0.21, ""conservador"": 0.0, ""cristao"": 22.21, ""familia"": 1.05}";"{""ordem"": 4, ""direitos"": 4, ""socialismo"": 2, ""trabalhismo"": 23, ""liberalismo"": 2, ""conservador"": 0, ""cristao"": 212, ""familia"": 10}";0.0
DEMOCRATA;atual;7;0;55780;"{""ordem"": 0.54, ""direitos"": 0.18, ""socialismo"": 0.0, ""trabalhismo"": 1.43, ""liberalismo"": 0.18, ""conservador"": 0.0, ""cristao"": 1.61, ""familia"": 0.72}";"{""ordem"": 3, ""direitos"": 1, ""socialismo"": 0, ""trabalhismo"": 8, ""liberalismo"": 1, ""conservador"": 0, ""cristao"": 9, ""familia"": 4}";0.36
MDB;atual;8;0;121891;"{""ordem"": 0.74, ""direitos"": 0.25, ""socialismo"": 0.25, ""trabalhismo"": 0.49, ""liberalismo"": 0.25, ""conservador"": 0.08, ""cristao"": 0.82, ""familia"": 0.49}";"{""ordem"": 9, ""direitos"": 3, ""socialismo"": 3, ""trabalhismo"": 6, ""liberalismo"": 3, ""conservador"": 1, ""cristao"": 10, ""familia"": 6}";0.49
MISSÃO;atual;2;0;15516;"{""ordem"": 1.29, ""direitos"": 0.64, ""socialismo"": 0.0, ""trabalhismo"": 0.0, ""liberalismo"": 0.0, ""conservador"": 0.0, ""cristao"": 0.64, ""familia"": 1.29}";"{""ordem"": 2, ""direitos"": 1, ""socialismo"": 0, ""trabalhismo"": 0, ""liberalismo"": 0, ""conservador"": 0, ""cristao"": 1, ""familia"": 2}";0.65
MOBILIZA;atual;7;0;71466;"{""ordem"": 0.0, ""direitos"": 0.0, ""socialismo"": 1.4, ""trabalhismo"": 0.14, ""liberalismo"": 0.0, ""conservador"": 0.0, ""cristao"": 0.98, ""familia"": 0.0}";"{""ordem"": 0, ""direitos"": 0, ""socialismo"": 10, ""trabalhismo"": 1, ""liberalismo"": 0, ""conservador"": 0, ""cristao"": 7, ""familia"": 0}";0.0
Movimento Democrático Brasileiro;historico;2;0;5254;"{""ordem"": 1.9, ""direitos"": 0.0, ""socialismo"": 0.0, ""trabalhismo"": 3.81, ""liberalismo"": 0.0, ""conservador"": 0.0, ""cristao"": 1.9, ""familia"": 0.0}";"{""ordem"": 1, ""direitos"": 0, ""socialismo"": 0, ""trabalhismo"": 2, ""liberalismo"": 0, ""conservador"": 0, ""cristao"": 1, ""familia"": 0}";1.9
Movimento Trabalhista Renovador;historico;2;0;8174;"{""ordem"": 0.0, ""direitos"": 0.0, ""socialismo"": 0.0, ""trabalhismo"": 19.57, ""liberalismo"": 0.0, ""conservador"": 0.0, ""cristao"": 0.0, ""familia"": 3.67}";"{""ordem"": 0, ""direitos"": 0, ""socialismo"": 0, ""trabalhismo"": 16, ""liberalismo"": 0, ""conservador"": 0, ""cristao"": 0, ""familia"": 3}";0.0
NOVO;atual;6;0;79917;"{""ordem"": 0.88, ""direitos"": 0.5, ""socialismo"": 0.0, ""trabalhismo"": 0.63, ""liberalismo"": 0.38, ""conservador"": 0.0, ""cristao"": 0.5, ""familia"": 0.0}";"{""ordem"": 7, ""direitos"": 4, ""socialismo"": 0, ""trabalhismo"": 5, ""liberalismo"": 3, ""conservador"": 0, ""cristao"": 4, ""familia"": 0}";0.38
Núcleo Eleitoral Pró-Emancipação Carioca;historico;1;0;1097;"{""ordem"": 0.0, ""direitos"": 0.0, ""socialismo"": 0.0, ""trabalhismo"": 0.0, ""liberalismo"": 0.0, ""conservador"": 0.0, ""cristao"": 0.0, ""familia"": 0.0}";"{""ordem"": 0, ""direitos"": 0, ""socialismo"": 0, ""trabalhismo"": 0, ""liberalismo"": 0, ""conservador"": 0, ""cristao"": 0, ""familia"": 0}";0.0
Organização Político-Social Feminina;historico;2;0;1802;"{""ordem"": 0.0, ""direitos"": 0.0, ""socialismo"": 0.0, ""trabalhismo"": 0.0, ""liberalismo"": 0.0, ""conservador"": 0.0, ""cristao"": 0.0, ""familia"": 0.0}";"{""ordem"": 0, ""direitos"": 0, ""socialismo"": 0, ""trabalhismo"": 0, ""liberalismo"": 0, ""conservador"": 0, ""cristao"": 0, ""familia"": 0}";0.0
PCB;atual;4;0;25369;"{""ordem"": 0.79, ""direitos"": 0.0, ""socialismo"": 20.5, ""trabalhismo"": 7.49, ""liberalismo"": 0.0, ""conservador"": 0.0, ""cristao"": 0.0, ""familia"": 0.0}";"{""ordem"": 2, ""direitos"": 0, ""socialismo"": 52, ""trabalhismo"": 19, ""liberalismo"": 0, ""conservador"": 0, ""cristao"": 0, ""familia"": 0}";0.79
PCO;atual;1;0;1062;"{""ordem"": 0.0, ""direitos"": 0.0, ""socialismo"": 0.0, ""trabalhismo"": 0.0, ""liberalismo"": 0.0, ""conservador"": 0.0, ""cristao"": 0.0, ""familia"": 0.0}";"{""ordem"": 0, ""direitos"": 0, ""socialismo"": 0, ""trabalhismo"": 0, ""liberalismo"": 0, ""conservador"": 0, ""cristao"": 0, ""familia"": 0}";0.0
PCdoB;atual;10;0;101230;"{""ordem"": 0.2, ""direitos"": 0.79, ""socialismo"": 48.8, ""trabalhismo"": 10.67, ""liberalismo"": 0.1, ""conservador"": 0.79, ""cristao"": 0.69, ""familia"": 0.0}";"{""ordem"": 2, ""direitos"": 8, ""socialismo"": 494, ""trabalhismo"": 108, ""liberalismo"": 1, ""conservador"": 8, ""cristao"": 7, ""familia"": 0}";-0.59
PDT;atual;5;0;57546;"{""ordem"": 0.0, ""direitos"": 0.17, ""socialismo"": 2.61, ""trabalhismo"": 12.86, ""liberalismo"": 0.0, ""conservador"": 0.7, ""cristao"": 0.0, ""familia"": 0.52}";"{""ordem"": 0, ""direitos"": 1, ""socialismo"": 15, ""trabalhismo"": 74, ""liberalismo"": 0, ""conservador"": 4, ""cristao"": 0, ""familia"": 3}";-0.17
PL;atual;10;0;82758;"{""ordem"": 0.48, ""direitos"": 0.48, ""socialismo"": 0.12, ""trabalhismo"": 0.24, ""liberalismo"": 0.0, ""conservador"": 0.0, ""cristao"": 0.12, ""familia"": 2.3}";"{""ordem"": 4, ""direitos"": 4, ""socialismo"": 1, ""trabalhismo"": 2, ""liberalismo"": 0, ""conservador"": 0, ""cristao"": 1, ""familia"": 19}";0.0
PODE;atual;7;0;70854;"{""ordem"": 3.95, ""direitos"": 0.71, ""socialismo"": 0.0, ""trabalhismo"": 7.9, ""liberalismo"": 0.0, ""conservador"": 0.0, ""cristao"": 1.27, ""familia"": 0.56}";"{""ordem"": 28, ""direitos"": 5, ""socialismo"": 0, ""trabalhismo"": 56, ""liberalismo"": 0, ""conservador"": 0, ""cristao"": 9, ""familia"": 4}";3.24
PP;atual;18;0;249325;"{""ordem"": 0.52, ""direitos"": 0.32, ""socialismo"": 0.0, ""trabalhismo"": 3.21, ""liberalismo"": 0.2, ""conservador"": 0.04, ""cristao"": 0.6, ""familia"": 0.76}";"{""ordem"": 13, ""direitos"": 8, ""socialismo"": 0, ""trabalhismo"": 80, ""liberalismo"": 5, ""conservador"": 1, ""cristao"": 15, ""familia"": 19}";0.2
PRD;atual;2;0;22642;"{""ordem"": 0.0, ""direitos"": 0.0, ""socialismo"": 0.0, ""trabalhismo"": 1.32, ""liberalismo"": 0.0, ""conservador"": 0.0, ""cristao"": 0.0, ""familia"": 0.0}";"{""ordem"": 0, ""direitos"": 0, ""socialismo"": 0, ""trabalhismo"": 3, ""liberalismo"": 0, ""conservador"": 0, ""cristao"": 0, ""familia"": 0}";0.0
PRTB;atual;3;0;37315;"{""ordem"": 0.0, ""direitos"": 0.0, ""socialismo"": 0.0, ""trabalhismo"": 14.74, ""liberalismo"": 0.0, ""conservador"": 0.0, ""cristao"": 0.0, ""familia"": 0.0}";"{""ordem"": 0, ""direitos"": 0, ""socialismo"": 0, ""trabalhismo"": 55, ""liberalismo"": 0, ""conservador"": 0, ""cristao"": 0, ""familia"": 0}";0.0
PSB;atual;4;0;40104;"{""ordem"": 0.0, ""direitos"": 0.75, ""socialismo"": 12.47, ""trabalhismo"": 4.49, ""liberalismo"": 0.0, ""conservador"": 0.5, ""cristao"": 0.0, ""familia"": 0.0}";"{""ordem"": 0, ""direitos"": 3, ""socialismo"": 50, ""trabalhismo"": 18, ""liberalismo"": 0, ""conservador"": 2, ""cristao"": 0, ""familia"": 0}";-0.75
PSD;atual;7;0;75771;"{""ordem"": 0.0, ""direitos"": 0.13, ""socialismo"": 0.0, ""trabalhismo"": 0.79, ""liberalismo"": 0.0, ""conservador"": 0.13, ""cristao"": 0.0, ""familia"": 0.26}";"{""ordem"": 0, ""direitos"": 1, ""socialismo"": 0, ""trabalhismo"": 6, ""liberalismo"": 0, ""conservador"": 1, ""cristao"": 0, ""familia"": 2}";-0.13
PSDB;atual;11;0;245338;"{""ordem"": 0.53, ""direitos"": 0.0, ""socialismo"": 0.0, ""trabalhismo"": 2.28, ""liberalismo"": 0.0, ""conservador"": 0.0, ""cristao"": 0.49, ""familia"": 0.16}";"{""ordem"": 13, ""direitos"": 0, ""socialismo"": 0, ""trabalhismo"": 56, ""liberalismo"": 0, ""conservador"": 0, ""cristao"": 12, ""familia"": 4}";0.53
PSOL;atual;3;0;29289;"{""ordem"": 0.0, ""direitos"": 0.0, ""socialismo"": 16.05, ""trabalhismo"": 4.1, ""liberalismo"": 0.0, ""conservador"": 0.0, ""cristao"": 3.07, ""familia"": 0.0}";"{""ordem"": 0, ""direitos"": 0, ""socialismo"": 47, ""trabalhismo"": 12, ""liberalismo"": 0, ""conservador"": 0, ""cristao"": 9, ""familia"": 0}";0.0
PSTU;atual;7;0;59205;"{""ordem"": 0.0, ""direitos"": 0.0, ""socialismo"": 12.33, ""trabalhismo"": 17.73, ""liberalismo"": 0.0, ""conservador"": 0.0, ""cristao"": 1.35, ""familia"": 0.0}";"{""ordem"": 0, ""direitos"": 0, ""socialismo"": 73, ""trabalhismo"": 105, ""liberalismo"": 0, ""conservador"": 0, ""cristao"": 8, ""familia"": 0}";0.0
PT;atual;12;0;177643;"{""ordem"": 0.79, ""direitos"": 0.06, ""socialismo"": 0.28, ""trabalhismo"": 11.37, ""liberalismo"": 0.0, ""conservador"": 0.23, ""cristao"": 1.18, ""familia"": 0.0}";"{""ordem"": 14, ""direitos"": 1, ""socialismo"": 5, ""trabalhismo"": 202, ""liberalismo"": 0, ""conservador"": 4, ""cristao"": 21, ""familia"": 0}";0.73
PV;atual;9;0;71915;"{""ordem"": 0.7, ""direitos"": 2.09, ""socialismo"": 0.0, ""trabalhismo"": 0.42, ""liberalismo"": 0.0, ""conservador"": 0.0, ""cristao"": 0.97, ""familia"": 0.42}";"{""ordem"": 5, ""direitos"": 15, ""socialismo"": 0, ""trabalhismo"": 3, ""liberalismo"": 0, ""conservador"": 0, ""cristao"": 7, ""familia"": 3}";-1.39
Partido Agrário Nacional;historico;3;0;9402;"{""ordem"": 0.0, ""direitos"": 0.0, ""socialismo"": 0.0, ""trabalhismo"": 2.13, ""liberalismo"": 0.0, ""conservador"": 0.0, ""cristao"": 3.19, ""familia"": 1.06}";"{""ordem"": 0, ""direitos"": 0, ""socialismo"": 0, ""trabalhismo"": 2, ""liberalismo"": 0, ""conservador"": 0, ""cristao"": 3, ""familia"": 1}";0.0
Partido Comunista Brasileiro;historico;2;0;6892;"{""ordem"": 0.0, ""direitos"": 0.0, ""socialismo"": 49.33, ""trabalhismo"": 11.61, ""liberalismo"": 0.0, ""conservador"": 0.0, ""cristao"": 1.45, ""familia"": 1.45}";"{""ordem"": 0, ""direitos"": 0, ""socialismo"": 34, ""trabalhismo"": 8, ""liberalismo"": 0, ""conservador"": 0, ""cristao"": 1, ""familia"": 1}";0.0
Partido Comunista Do Brasil;historico;2;0;3151;"{""ordem"": 0.0, ""direitos"": 0.0, ""socialismo"": 31.74, ""trabalhismo"": 0.0, ""liberalismo"": 0.0, ""conservador"": 0.0, ""cristao"": 3.17, ""familia"": 0.0}";"{""ordem"": 0, ""direitos"": 0, ""socialismo"": 10, ""trabalhismo"": 0, ""liberalismo"": 0, ""conservador"": 0, ""cristao"": 1, ""familia"": 0}";0.0
Partido Constitucionalista Brasileiro;historico;1;0;1075;"{""ordem"": 0.0, ""direitos"": 0.0, ""socialismo"": 0.0, ""trabalhismo"": 0.0, ""liberalismo"": 0.0, ""conservador"": 0.0, ""cristao"": 0.0, ""familia"": 0.0}";"{""ordem"": 0, ""direitos"": 0, ""socialismo"": 0, ""trabalhismo"": 0, ""liberalismo"": 0, ""conservador"": 0, ""cristao"": 0, ""familia"": 0}";0.0
Partido Da Boa Vontade;historico;2;0;2846;"{""ordem"": 0.0, ""direitos"": 0.0, ""socialismo"": 0.0, ""trabalhismo"": 3.51, ""liberalismo"": 0.0, ""conservador"": 0.0, ""cristao"": 42.16, ""familia"": 3.51}";"{""ordem"": 0, ""direitos"": 0, ""socialismo"": 0, ""trabalhismo"": 1, ""liberalismo"": 0, ""conservador"": 0, ""cristao"": 12, ""familia"": 1}";0.0
Partido Da Lavoura, Indústria e Comércio;historico;3;0;4426;"{""ordem"": 2.26, ""direitos"": 0.0, ""socialismo"": 0.0, ""trabalhismo"": 0.0, ""liberalismo"": 0.0, ""conservador"": 0.0, ""cristao"": 2.26, ""familia"": 2.26}";"{""ordem"": 1, ""direitos"": 0, ""socialismo"": 0, ""trabalhismo"": 0, ""liberalismo"": 0, ""conservador"": 0, ""cristao"": 1, ""familia"": 1}";2.26
Partido De Representação Popular;historico;3;0;6362;"{""ordem"": 0.0, ""direitos"": 1.57, ""socialismo"": 0.0, ""trabalhismo"": 3.14, ""liberalismo"": 0.0, ""conservador"": 1.57, ""cristao"": 12.57, ""familia"": 4.72}";"{""ordem"": 0, ""direitos"": 1, ""socialismo"": 0, ""trabalhismo"": 2, ""liberalismo"": 0, ""conservador"": 1, ""cristao"": 8, ""familia"": 3}";-1.57
Partido Democrata Cristão;historico;11;0;20935;"{""ordem"": 0.96, ""direitos"": 0.0, ""socialismo"": 0.0, ""trabalhismo"": 0.96, ""liberalismo"": 0.0, ""conservador"": 0.0, ""cristao"": 21.02, ""familia"": 4.78}";"{""ordem"": 2, ""direitos"": 0, ""socialismo"": 0, ""trabalhismo"": 2, ""liberalismo"": 0, ""conservador"": 0, ""cristao"": 44, ""familia"": 10}";0.96
Partido Democrático Progressista;historico;2;0;3274;"{""ordem"": 0.0, ""direitos"": 0.0, ""socialismo"": 3.05, ""trabalhismo"": 0.0, ""liberalismo"": 0.0, ""conservador"": 0.0, ""cristao"": 3.05, ""familia"": 0.0}";"{""ordem"": 0, ""direitos"": 0, ""socialismo"": 1, ""trabalhismo"": 0, ""liberalismo"": 0, ""conservador"": 0, ""cristao"": 1, ""familia"": 0}";0.0
Partido Industrial Agrícola Democrático;historico;3;0;3304;"{""ordem"": 0.0, ""direitos"": 0.0, ""socialismo"": 0.0, ""trabalhismo"": 0.0, ""liberalismo"": 0.0, ""conservador"": 0.0, ""cristao"": 0.0, ""familia"": 3.03}";"{""ordem"": 0, ""direitos"": 0, ""socialismo"": 0, ""trabalhismo"": 0, ""liberalismo"": 0, ""conservador"": 0, ""cristao"": 0, ""familia"": 1}";0.0
Partido Libertador;historico;2;0;4483;"{""ordem"": 0.0, ""direitos"": 0.0, ""socialismo"": 0.0, ""trabalhismo"": 0.0, ""liberalismo"": 0.0, ""conservador"": 0.0, ""cristao"": 11.15, ""familia"": 11.15}";"{""ordem"": 0, ""direitos"": 0, ""socialismo"": 0, ""trabalhismo"": 0, ""liberalismo"": 0, ""conservador"": 0, ""cristao"": 5, ""familia"": 5}";0.0
Partido Nacional Classista;historico;2;0;4252;"{""ordem"": 0.0, ""direitos"": 0.0, ""socialismo"": 0.0, ""trabalhismo"": 0.0, ""liberalismo"": 0.0, ""conservador"": 0.0, ""cristao"": 0.0, ""familia"": 2.35}";"{""ordem"": 0, ""direitos"": 0, ""socialismo"": 0, ""trabalhismo"": 0, ""liberalismo"": 0, ""conservador"": 0, ""cristao"": 0, ""familia"": 1}";0.0
Partido Nacional Evolucionista;historico;3;0;5163;"{""ordem"": 1.94, ""direitos"": 1.94, ""socialismo"": 1.94, ""trabalhismo"": 5.81, ""liberalismo"": 0.0, ""conservador"": 0.0, ""cristao"": 5.81, ""familia"": 1.94}";"{""ordem"": 1, ""direitos"": 1, ""socialismo"": 1, ""trabalhismo"": 3, ""liberalismo"": 0, ""conservador"": 0, ""cristao"": 3, ""familia"": 1}";0.0
Partido Nacional Popular Democrático;historico;2;0;2268;"{""ordem"": 0.0, ""direitos"": 0.0, ""socialismo"": 0.0, ""trabalhismo"": 0.0, ""liberalismo"": 0.0, ""conservador"": 0.0, ""cristao"": 17.64, ""familia"": 0.0}";"{""ordem"": 0, ""direitos"": 0, ""socialismo"": 0, ""trabalhismo"": 0, ""liberalismo"": 0, ""conservador"": 0, ""cristao"": 4, ""familia"": 0}";0.0
Partido Nacionalista;historico;2;0;4510;"{""ordem"": 0.0, ""direitos"": 0.0, ""socialismo"": 0.0, ""trabalhismo"": 2.22, ""liberalismo"": 0.0, ""conservador"": 0.0, ""cristao"": 0.0, ""familia"": 4.43}";"{""ordem"": 0, ""direitos"": 0, ""socialismo"": 0, ""trabalhismo"": 1, ""liberalismo"": 0, ""conservador"": 0, ""cristao"": 0, ""familia"": 2}";0.0
Partido Orientador Trabalhista;historico;3;0;7991;"{""ordem"": 0.0, ""direitos"": 0.0, ""socialismo"": 0.0, ""trabalhismo"": 7.51, ""liberalismo"": 0.0, ""conservador"": 1.25, ""cristao"": 5.01, ""familia"": 0.0}";"{""ordem"": 0, ""direitos"": 0, ""socialismo"": 0, ""trabalhismo"": 6, ""liberalismo"": 0, ""conservador"": 1, ""cristao"": 4, ""familia"": 0}";0.0
Partido Popular Progressista;historico;3;0;4008;"{""ordem"": 0.0, ""direitos"": 0.0, ""socialismo"": 0.0, ""trabalhismo"": 4.99, ""liberalismo"": 0.0, ""conservador"": 0.0, ""cristao"": 0.0, ""familia"": 0.0}";"{""ordem"": 0, ""direitos"": 0, ""socialismo"": 0, ""trabalhismo"": 2, ""liberalismo"": 0, ""conservador"": 0, ""cristao"": 0, ""familia"": 0}";0.0
Partido Popular Sindicalista;historico;3;0;6966;"{""ordem"": 0.0, ""direitos"": 0.0, ""socialismo"": 0.0, ""trabalhismo"": 4.31, ""liberalismo"": 0.0, ""conservador"": 4.31, ""cristao"": 4.31, ""familia"": 1.44}";"{""ordem"": 0, ""direitos"": 0, ""socialismo"": 0, ""trabalhismo"": 3, ""liberalismo"": 0, ""conservador"": 3, ""cristao"": 3, ""familia"": 1}";0.0
Partido Regenerador;historico;2;0;6776;"{""ordem"": 1.48, ""direitos"": 0.0, ""socialismo"": 0.0, ""trabalhismo"": 0.0, ""liberalismo"": 0.0, ""conservador"": 1.48, ""cristao"": 5.9, ""familia"": 2.95}";"{""ordem"": 1, ""direitos"": 0, ""socialismo"": 0, ""trabalhismo"": 0, ""liberalismo"": 0, ""conservador"": 1, ""cristao"": 4, ""familia"": 2}";1.48
Partido Republicano;historico;3;0;6160;"{""ordem"": 6.49, ""direitos"": 0.0, ""socialismo"": 0.0, ""trabalhismo"": 0.0, ""liberalismo"": 0.0, ""conservador"": 0.0, ""cristao"": 0.0, ""familia"": 3.25}";"{""ordem"": 4, ""direitos"": 0, ""socialismo"": 0, ""trabalhismo"": 0, ""liberalismo"": 0, ""conservador"": 0, ""cristao"": 0, ""familia"": 2}";6.49
Partido Republicano Progressista;historico;2;0;4213;"{""ordem"": 0.0, ""direitos"": 0.0, ""socialismo"": 0.0, ""trabalhismo"": 11.87, ""liberalismo"": 0.0, ""conservador"": 0.0, ""cristao"": 0.0, ""familia"": 7.12}";"{""ordem"": 0, ""direitos"": 0, ""socialismo"": 0, ""trabalhismo"": 5, ""liberalismo"": 0, ""conservador"": 0, ""cristao"": 0, ""familia"": 3}";0.0
Partido Republicano Trabalhista;historico;2;0;4765;"{""ordem"": 0.0, ""direitos"": 0.0, ""socialismo"": 0.0, ""trabalhismo"": 0.0, ""liberalismo"": 0.0, ""conservador"": 0.0, ""cristao"": 0.0, ""familia"": 0.0}";"{""ordem"": 0, ""direitos"": 0, ""socialismo"": 0, ""trabalhismo"": 0, ""liberalismo"": 0, ""conservador"": 0, ""cristao"": 0, ""familia"": 0}";0.0
Partido Ruralista Brasileiro;historico;4;0;8264;"{""ordem"": 0.0, ""direitos"": 0.0, ""socialismo"": 0.0, ""trabalhismo"": 0.0, ""liberalismo"": 0.0, ""conservador"": 0.0, ""cristao"": 0.0, ""familia"": 2.42}";"{""ordem"": 0, ""direitos"": 0, ""socialismo"": 0, ""trabalhismo"": 0, ""liberalismo"": 0, ""conservador"": 0, ""cristao"": 0, ""familia"": 2}";0.0
Partido Social Democrático;historico;3;0;5571;"{""ordem"": 0.0, ""direitos"": 0.0, ""socialismo"": 0.0, ""trabalhismo"": 5.39, ""liberalismo"": 0.0, ""conservador"": 1.8, ""cristao"": 3.59, ""familia"": 7.18}";"{""ordem"": 0, ""direitos"": 0, ""socialismo"": 0, ""trabalhismo"": 3, ""liberalismo"": 0, ""conservador"": 1, ""cristao"": 2, ""familia"": 4}";0.0
Partido Social Progressista;historico;3;0;7488;"{""ordem"": 1.34, ""direitos"": 0.0, ""socialismo"": 0.0, ""trabalhismo"": 8.01, ""liberalismo"": 0.0, ""conservador"": 4.01, ""cristao"": 6.68, ""familia"": 4.01}";"{""ordem"": 1, ""direitos"": 0, ""socialismo"": 0, ""trabalhismo"": 6, ""liberalismo"": 0, ""conservador"": 3, ""cristao"": 5, ""familia"": 3}";1.34
Partido Social Trabalhista;historico;2;0;3614;"{""ordem"": 0.0, ""direitos"": 0.0, ""socialismo"": 0.0, ""trabalhismo"": 19.37, ""liberalismo"": 0.0, ""conservador"": 0.0, ""cristao"": 2.77, ""familia"": 5.53}";"{""ordem"": 0, ""direitos"": 0, ""socialismo"": 0, ""trabalhismo"": 7, ""liberalismo"": 0, ""conservador"": 0, ""cristao"": 1, ""familia"": 2}";0.0
Partido Socialista Brasileiro;historico;3;0;5257;"{""ordem"": 1.9, ""direitos"": 0.0, ""socialismo"": 0.0, ""trabalhismo"": 0.0, ""liberalismo"": 1.9, ""conservador"": 0.0, ""cristao"": 1.9, ""familia"": 1.9}";"{""ordem"": 1, ""direitos"": 0, ""socialismo"": 0, ""trabalhismo"": 0, ""liberalismo"": 1, ""conservador"": 0, ""cristao"": 1, ""familia"": 1}";1.9
Partido Socialista Cristão;historico;2;0;2428;"{""ordem"": 4.12, ""direitos"": 0.0, ""socialismo"": 49.42, ""trabalhismo"": 4.12, ""liberalismo"": 0.0, ""conservador"": 0.0, ""cristao"": 70.02, ""familia"": 0.0}";"{""ordem"": 1, ""direitos"": 0, ""socialismo"": 12, ""trabalhismo"": 1, ""liberalismo"": 0, ""conservador"": 0, ""cristao"": 17, ""familia"": 0}";4.12
Partido Socialista Do Brasil;historico;3;0;13770;"{""ordem"": 2.9, ""direitos"": 0.0, ""socialismo"": 20.33, ""trabalhismo"": 3.63, ""liberalismo"": 0.0, ""conservador"": 0.0, ""cristao"": 2.18, ""familia"": 7.99}";"{""ordem"": 4, ""direitos"": 0, ""socialismo"": 28, ""trabalhismo"": 5, ""liberalismo"": 0, ""conservador"": 0, ""cristao"": 3, ""familia"": 11}";2.9
Partido Trabalhista Nacional;historico;2;0;5591;"{""ordem"": 0.0, ""direitos"": 0.0, ""socialismo"": 0.0, ""trabalhismo"": 7.15, ""liberalismo"": 0.0, ""conservador"": 0.0, ""cristao"": 0.0, ""familia"": 0.0}";"{""ordem"": 0, ""direitos"": 0, ""socialismo"": 0, ""trabalhismo"": 4, ""liberalismo"": 0, ""conservador"": 0, ""cristao"": 0, ""familia"": 0}";0.0
Partido Trabalhista Republicano;historico;2;0;8619;"{""ordem"": 0.0, ""direitos"": 0.0, ""socialismo"": 0.0, ""trabalhismo"": 24.36, ""liberalismo"": 0.0, ""conservador"": 0.0, ""cristao"": 0.0, ""familia"": 1.16}";"{""ordem"": 0, ""direitos"": 0, ""socialismo"": 0, ""trabalhismo"": 21, ""liberalismo"": 0, ""conservador"": 0, ""cristao"": 0, ""familia"": 1}";0.0
REDE;atual;4;0;76991;"{""ordem"": 0.52, ""direitos"": 1.04, ""socialismo"": 0.0, ""trabalhismo"": 0.52, ""liberalismo"": 0.0, ""conservador"": 0.0, ""cristao"": 1.56, ""familia"": 0.0}";"{""ordem"": 4, ""direitos"": 8, ""socialismo"": 0, ""trabalhismo"": 4, ""liberalismo"": 0, ""conservador"": 0, ""cristao"": 12, ""familia"": 0}";-0.52
REPUBLICANOS;atual;8;0;74347;"{""ordem"": 0.94, ""direitos"": 0.27, ""socialismo"": 0.0, ""trabalhismo"": 0.0, ""liberalismo"": 0.0, ""conservador"": 0.0, ""cristao"": 2.56, ""familia"": 0.4}";"{""ordem"": 7, ""direitos"": 2, ""socialismo"": 0, ""trabalhismo"": 0, ""liberalismo"": 0, ""conservador"": 0, ""cristao"": 19, ""familia"": 3}";0.67
SOLIDARIEDADE;atual;5;0;55993;"{""ordem"": 0.0, ""direitos"": 0.0, ""socialismo"": 0.0, ""trabalhismo"": 0.0, ""liberalismo"": 0.0, ""conservador"": 0.0, ""cristao"": 0.71, ""familia"": 2.32}";"{""ordem"": 0, ""direitos"": 0, ""socialismo"": 0, ""trabalhismo"": 0, ""liberalismo"": 0, ""conservador"": 0, ""cristao"": 4, ""familia"": 13}";0.0
UNIÃO;atual;2;0;20688;"{""ordem"": 0.0, ""direitos"": 0.48, ""socialismo"": 0.0, ""trabalhismo"": 0.0, ""liberalismo"": 0.48, ""conservador"": 0.0, ""cristao"": 0.0, ""familia"": 0.0}";"{""ordem"": 0, ""direitos"": 1, ""socialismo"": 0, ""trabalhismo"": 0, ""liberalismo"": 1, ""conservador"": 0, ""cristao"": 0, ""familia"": 0}";-0.48
UP;atual;2;0;17341;"{""ordem"": 1.73, ""direitos"": 0.0, ""socialismo"": 3.46, ""trabalhismo"": 1.15, ""liberalismo"": 0.0, ""conservador"": 0.0, ""cristao"": 2.31, ""familia"": 1.15}";"{""ordem"": 3, ""direitos"": 0, ""socialismo"": 6, ""trabalhismo"": 2, ""liberalismo"": 0, ""conservador"": 0, ""cristao"": 4, ""familia"": 2}";1.73
União Democrática Nacional;historico;3;0;4905;"{""ordem"": 0.0, ""direitos"": 0.0, ""socialismo"": 0.0, ""trabalhismo"": 0.0, ""liberalismo"": 0.0, ""conservador"": 0.0, ""cristao"": 2.04, ""familia"": 0.0}";"{""ordem"": 0, ""direitos"": 0, ""socialismo"": 0, ""trabalhismo"": 0, ""liberalismo"": 0, ""conservador"": 0, ""cristao"": 1, ""familia"": 0}";0.0
União Nacional Do Trabalho;historico;3;0;7295;"{""ordem"": 0.0, ""direitos"": 0.0, ""socialismo"": 5.48, ""trabalhismo"": 15.08, ""liberalismo"": 0.0, ""conservador"": 6.85, ""cristao"": 5.48, ""familia"": 0.0}";"{""ordem"": 0, ""direitos"": 0, ""socialismo"": 4, ""trabalhismo"": 11, ""liberalismo"": 0, ""conservador"": 5, ""cristao"": 4, ""familia"": 0}";0.0
União Social Pelos Direitos Do Homem;historico;2;0;3179;"{""ordem"": 0.0, ""direitos"": 0.0, ""socialismo"": 0.0, ""trabalhismo"": 0.0, ""liberalismo"": 0.0, ""conservador"": 0.0, ""cristao"": 0.0, ""familia"": 0.0}";"{""ordem"": 0, ""direitos"": 0, ""socialismo"": 0, ""trabalhismo"": 0, ""liberalismo"": 0, ""conservador"": 0, ""cristao"": 0, ""familia"": 0}";0.0
