urn;especie;numero;ano;data;motivo
"urn:lex:br:federal:decreto.lei:1968-12-26;385";DL;385;1968;1968-12-26;o portal do Congresso respondeu 200 com metadado e SEM articulacao
"urn:lex:br:federal:lei:2000-10-19;10028";LEI;10028;2000;2000-10-19;o portal do Congresso respondeu 200 com metadado e SEM articulacao
"urn:lex:br:federal:lei:2001-05-15;10224";LEI;10224;2001;2001-05-15;o portal do Congresso respondeu 200 com metadado e SEM articulacao
"urn:lex:br:federal:lei:2001-08-28;10268";LEI;10268;2001;2001-08-28;o portal do Congresso respondeu 200 com metadado e SEM articulacao
"urn:lex:br:federal:lei:2002-06-11;10467";LEI;10467;2002;2002-06-11;o portal do Congresso respondeu 200 com metadado e SEM articulacao
"urn:lex:br:federal:lei:2003-07-01;10695";LEI;10695;2003;2003-07-01;o portal do Congresso respondeu 200 com metadado e SEM articulacao
"urn:lex:br:federal:lei:2003-10-01;10741";LEI;10741;2003;2003-10-01;o portal do Congresso respondeu 200 com metadado e SEM articulacao
"urn:lex:br:federal:lei:2003-11-12;10763";LEI;10763;2003;2003-11-12;o portal do Congresso respondeu 200 com metadado e SEM articulacao
"urn:lex:br:federal:lei:2003-12-11;10803";LEI;10803;2003;2003-12-11;o portal do Congresso respondeu 200 com metadado e SEM articulacao
"urn:lex:br:federal:lei:2004-06-17;10886";LEI;10886;2004;2004-06-17;o portal do Congresso respondeu 200 com metadado e SEM articulacao
"urn:lex:br:federal:lei:2004-12-22;11035";LEI;11035;2004;2004-12-22;o portal do Congresso respondeu 200 com metadado e SEM articulacao
"urn:lex:br:federal:lei:2005-03-28;11106";LEI;11106;2005;2005-03-28;o portal do Congresso respondeu 200 com metadado e SEM articulacao
"urn:lex:br:federal:lei:2006-08-07;11340";LEI;11340;2006;2006-08-07;o portal do Congresso respondeu 200 com metadado e SEM articulacao
"urn:lex:br:federal:lei:2007-03-28;11466";LEI;11466;2007;2007-03-28;o portal do Congresso respondeu 200 com metadado e SEM articulacao
"urn:lex:br:federal:lei:2007-11-29;11596";LEI;11596;2007;2007-11-29;o portal do Congresso respondeu 200 com metadado e SEM articulacao
"urn:lex:br:federal:lei:2009-04-17;11923";LEI;11923;2009;2009-04-17;o portal do Congresso respondeu 200 com metadado e SEM articulacao
"urn:lex:br:federal:lei:2009-08-06;12012";LEI;12012;2009;2009-08-06;o portal do Congresso respondeu 200 com metadado e SEM articulacao
"urn:lex:br:federal:lei:2009-08-07;12015";LEI;12015;2009;2009-08-07;o portal do Congresso respondeu 200 com metadado e SEM articulacao
"urn:lex:br:federal:lei:2009-09-29;12033";LEI;12033;2009;2009-09-29;o portal do Congresso respondeu 200 com metadado e SEM articulacao
"urn:lex:br:federal:lei:2010-05-05;12234";LEI;12234;2010;2010-05-05;o portal do Congresso respondeu 200 com metadado e SEM articulacao
"urn:lex:br:federal:lei:2011-12-15;12550";LEI;12550;2011;2011-12-15;o portal do Congresso respondeu 200 com metadado e SEM articulacao
"urn:lex:br:federal:lei:2012-05-17;12650";LEI;12650;2012;2012-05-17;o portal do Congresso respondeu 200 com metadado e SEM articulacao
"urn:lex:br:federal:lei:2012-05-28;12653";LEI;12653;2012;2012-05-28;o portal do Congresso respondeu 200 com metadado e SEM articulacao
"urn:lex:br:federal:lei:2012-07-24;12694";LEI;12694;2012;2012-07-24;o portal do Congresso respondeu 200 com metadado e SEM articulacao
"urn:lex:br:federal:lei:2012-09-27;12720";LEI;12720;2012;2012-09-27;o portal do Congresso respondeu 200 com metadado e SEM articulacao
"urn:lex:br:federal:lei:2012-11-30;12735";LEI;12735;2012;2012-11-30;o portal do Congresso respondeu 200 com metadado e SEM articulacao
"urn:lex:br:federal:lei:2012-11-30;12737";LEI;12737;2012;2012-11-30;o portal do Congresso respondeu 200 com metadado e SEM articulacao
"urn:lex:br:federal:lei:2013-08-02;12850";LEI;12850;2013;2013-08-02;o portal do Congresso respondeu 200 com metadado e SEM articulacao
"urn:lex:br:federal:lei:2014-05-21;12978";LEI;12978;2014;2014-05-21;o portal do Congresso respondeu 200 com metadado e SEM articulacao
"urn:lex:br:federal:lei:2014-06-26;13008";LEI;13008;2014;2014-06-26;o portal do Congresso respondeu 200 com metadado e SEM articulacao
"urn:lex:br:federal:lei:2015-03-09;13104";LEI;13104;2015;2015-03-09;o portal do Congresso respondeu 200 com metadado e SEM articulacao
"urn:lex:br:federal:lei:2015-07-06;13142";LEI;13142;2015;2015-07-06;o portal do Congresso respondeu 200 com metadado e SEM articulacao
"urn:lex:br:federal:lei:2015-11-11;13188";LEI;13188;2015;2015-11-11;o portal do Congresso respondeu 200 com metadado e SEM articulacao
"urn:lex:br:federal:lei:2015-12-28;13228";LEI;13228;2015;2015-12-28;o portal do Congresso respondeu 200 com metadado e SEM articulacao
"urn:lex:br:federal:lei:2016-08-02;13330";LEI;13330;2016;2016-08-02;o portal do Congresso respondeu 200 com metadado e SEM articulacao
"urn:lex:br:federal:lei:2016-10-06;13344";LEI;13344;2016;2016-10-06;o portal do Congresso respondeu 200 com metadado e SEM articulacao
"urn:lex:br:federal:lei:2019-12-24;13964";LEI;13964;2019;2019-12-24;resposta TRUNCADA pela fonte: 49,152 bytes chegaram e o JSON nao fecha. Isto NAO e' ausencia de texto: e' entrega incompleta da fonte.
"urn:lex:br:federal:lei:1951-09-12;1431";LEI;1431;1951;1951-09-12;o portal do Congresso respondeu 200 com metadado e SEM articulacao
"urn:lex:br:federal:lei:1955-06-11;2505";LEI;2505;1955;1955-06-11;o portal do Congresso respondeu 200 com metadado e SEM articulacao
"urn:lex:br:federal:lei:1964-11-04;4451";LEI;4451;1964;1964-11-04;o portal do Congresso respondeu 200 com metadado e SEM articulacao
"urn:lex:br:federal:lei:1965-07-14;4729";LEI;4729;1965;1965-07-14;o portal do Congresso respondeu 200 com metadado e SEM articulacao
"urn:lex:br:federal:lei:1967-11-03;5346";LEI;5346;1967;1967-11-03;o portal do Congresso respondeu 200 com metadado e SEM articulacao
"urn:lex:br:federal:lei:1968-07-05;5467";LEI;5467;1968;1968-07-05;o portal do Congresso respondeu 200 com metadado e SEM articulacao
"urn:lex:br:federal:lei:1968-07-18;5474";LEI;5474;1968;1968-07-18;o portal do Congresso respondeu 200 com metadado e SEM articulacao
"urn:lex:br:federal:lei:1968-07-25;5478";LEI;5478;1968;1968-07-25;o portal do Congresso respondeu 200 com metadado e SEM articulacao
"urn:lex:br:federal:lei:1971-10-29;5726";LEI;5726;1971;1971-10-29;o portal do Congresso respondeu 200 com metadado e SEM articulacao
"urn:lex:br:federal:lei:1977-05-24;6416";LEI;6416;1977;1977-05-24;o portal do Congresso respondeu 200 com metadado e SEM articulacao
"urn:lex:br:federal:lei:1980-06-23;6799";LEI;6799;1980;1980-06-23;o portal do Congresso respondeu 200 com metadado e SEM articulacao
"urn:lex:br:federal:lei:1980-12-17;6895";LEI;6895;1980;1980-12-17;o portal do Congresso respondeu 200 com metadado e SEM articulacao
"urn:lex:br:federal:lei:1981-03-30;6898";LEI;6898;1981;1981-03-30;o portal do Congresso respondeu 200 com metadado e SEM articulacao
"urn:lex:br:federal:lei:1984-07-11;7209";LEI;7209;1984;1984-07-11;o portal do Congresso respondeu 200 com metadado e SEM articulacao
"urn:lex:br:federal:lei:1984-11-19;7251";LEI;7251;1984;1984-11-19;o portal do Congresso respondeu 200 com metadado e SEM articulacao
"urn:lex:br:federal:lei:1990-07-13;8069";LEI;8069;1990;1990-07-13;o portal do Congresso respondeu 200 com metadado e SEM articulacao
"urn:lex:br:federal:lei:1990-07-25;8072";LEI;8072;1990;1990-07-25;o portal do Congresso respondeu 200 com metadado e SEM articulacao
"urn:lex:br:federal:lei:1990-12-27;8137";LEI;8137;1990;1990-12-27;o portal do Congresso respondeu 200 com metadado e SEM articulacao
"urn:lex:br:federal:lei:1991-02-08;8176";LEI;8176;1991;1991-02-08;o portal do Congresso respondeu 200 com metadado e SEM articulacao
"urn:lex:br:federal:lei:1993-03-16;8635";LEI;8635;1993;1993-03-16;o portal do Congresso respondeu 200 com metadado e SEM articulacao
"urn:lex:br:federal:lei:1993-07-15;8683";LEI;8683;1993;1993-07-15;o portal do Congresso respondeu 200 com metadado e SEM articulacao
"urn:lex:br:federal:lei:1995-11-16;9127";LEI;9127;1995;1995-11-16;o portal do Congresso respondeu 200 com metadado e SEM articulacao
"urn:lex:br:federal:lei:1996-04-01;9268";LEI;9268;1996;1996-04-01;o portal do Congresso respondeu 200 com metadado e SEM articulacao
"urn:lex:br:federal:lei:1996-04-02;9269";LEI;9269;1996;1996-04-02;o portal do Congresso respondeu 200 com metadado e SEM articulacao
"urn:lex:br:federal:lei:1996-05-14;9279";LEI;9279;1996;1996-05-14;o portal do Congresso respondeu 200 com metadado e SEM articulacao
"urn:lex:br:federal:lei:1996-06-04;9281";LEI;9281;1996;1996-06-04;o portal do Congresso respondeu 200 com metadado e SEM articulacao
"urn:lex:br:federal:lei:1996-12-05;9318";LEI;9318;1996;1996-12-05;o portal do Congresso respondeu 200 com metadado e SEM articulacao
"urn:lex:br:federal:lei:1996-12-24;9426";LEI;9426;1996;1996-12-24;o portal do Congresso respondeu 200 com metadado e SEM articulacao
"urn:lex:br:federal:lei:1997-05-13;9459";LEI;9459;1997;1997-05-13;o portal do Congresso respondeu 200 com metadado e SEM articulacao
"urn:lex:br:federal:lei:1998-07-02;9677";LEI;9677;1998;1998-07-02;o portal do Congresso respondeu 200 com metadado e SEM articulacao
"urn:lex:br:federal:lei:1998-11-25;9714";LEI;9714;1998;1998-11-25;o portal do Congresso respondeu 200 com metadado e SEM articulacao
"urn:lex:br:federal:lei:1998-12-29;9777";LEI;9777;1998;1998-12-29;o portal do Congresso respondeu 200 com metadado e SEM articulacao
"urn:lex:br:federal:lei:2000-07-14;9983";LEI;9983;2000;2000-07-14;o portal do Congresso respondeu 200 com metadado e SEM articulacao
