uf;eleicao;cargo_no_dhbb;nome;verbete;forma;papel;leitura
AC;1970;gov. AC 1971-1975;DANTAS, Vanderlei;1670;forma não registrada nas frases do verbete que citam o ano;governador;
AL;1970;gov. AL 1971-1975;LAJES, Afrânio;2711;indireta, registrada no verbete;governador;
AM;1970;gov. AM 1971-1975;ANDRADE, João Válter de;263;indireta, registrada no verbete;governador;
BA;1970;gov. BA 1971-1975;MAGALHÃES, Antônio Carlos;3147;forma não registrada nas frases do verbete que citam o ano;governador;
CE;1970;gov. CE 1971-1975;CALS, César;952;forma não registrada nas frases do verbete que citam o ano;governador;
ES;1970;gov. ES 1971-1975;GERHARDT, Artur;2314;indireta, registrada no verbete;governador;
GB;1970;gov. GB 1971-1975;FREITAS, Chagas;2184;indireta, registrada no verbete;governador;
GO;1970;gov. GO 1971-1975;CAIADO, Leonino;926;indireta, registrada no verbete;governador;
MA;1970;gov. MA 1971-1975;NEIVA, Pedro;3781;indireta, registrada no verbete;governador;
MG;1970;gov. MG 1971-1975;PACHECO, Rondon;3985;forma não registrada nas frases do verbete que citam o ano;governador;
MT;1970;gov. MT 1971-1975;FRAGELLI, José;2113;forma não registrada nas frases do verbete que citam o ano;governador;
PA;1970;gov. PA 1971-1975;GUILLON, Fernando;2469;forma não registrada nas frases do verbete que citam o ano;governador;
PB;1970;gov. PB 1971-1975;SÁTIRO, Ernâni;4912;forma não registrada nas frases do verbete que citam o ano;governador;
PE;1970;gov. PE 1971-1975;GUEIROS, Eraldo;2446;forma não registrada nas frases do verbete que citam o ano;governador;
PI;1970;gov. PI 1971-1975;SILVA, Alberto;4979;forma não registrada nas frases do verbete que citam o ano;governador;
PR;1970;gov. PR 1971;PERES, Haroldo Leon;4182;indireta, registrada no verbete;governador;"nome referendado pela Assembleia Legislativa em outubro de 1970; renunciou em 1971"
RJ;1970;gov. RJ 1971-1975;PADILHA, Raimundo;3989;indireta, registrada no verbete;governador;
RN;1970;gov. RN 1971-1975;PEREIRA, Cortez;4151;indireta, registrada no verbete;governador;
RS;1970;gov. RS 1971-1975;TRICHES, Euclides;5380;indireta, registrada no verbete;governador;
SC;1970;gov. SC 1971-1975;SALES, Colombo;4781;indireta, registrada no verbete;governador;
SE;1970;gov. SE 1971-1975;BARRETO, Paulo;525;forma não registrada nas frases do verbete que citam o ano;governador;
SP;1970;gov. SP 1971-1975;NATEL, Laudo;3765;indireta, registrada no verbete;governador;
AC;1974;gov. AC 1975-1979;MESQUITA, Geraldo;3520;forma não registrada nas frases do verbete que citam o ano;governador;
AL;1974;gov. AL 1975-1978;SURUAGY, Divaldo;5225;forma não registrada nas frases do verbete que citam o ano;governador;
AM;1974;gov. AM 1975-1979;REIS, Enoc;4493;forma não registrada nas frases do verbete que citam o ano;governador;
BA;1974;gov. BA 1975-1979;SANTOS, Roberto;4891;forma não registrada nas frases do verbete que citam o ano;governador;
CE;1974;gov. CE 1975-1978;BEZERRA, Adauto;665;indireta, registrada no verbete;governador;
ES;1974;gov. ES 1975-1979;ÁLVARES, Élcio;165;indireta, registrada no verbete;governador;
GO;1974;gov. GO 1975-1979;COSTA JÚNIOR, Irapuan;1485;indireta, registrada no verbete;governador;
MA;1974;gov. MA 1975-1979;FREIRE, Nunes;2176;forma não registrada nas frases do verbete que citam o ano;governador;
MG;1974;gov. MG 1975-1978;CHAVES, Aureliano;1326;forma não registrada nas frases do verbete que citam o ano;governador;
MT;1974;gov. MT 1975-1978;GARCIA NETO, José;2278;forma não registrada nas frases do verbete que citam o ano;governador;
PA;1974;gov. PA 1975-1978;CHAVES, Aluísio;1324;forma não registrada nas frases do verbete que citam o ano;governador;
PB;1974;gov. PB 1975-1978;BICHARA, Ivan;685;forma não registrada nas frases do verbete que citam o ano;governador;
PE;1974;gov. PE 1975-1979;CAVALCANTI, Moura;1274;indireta, registrada no verbete;governador;
PI;1974;gov. PI 1975-1978;ARCOVERDE, Dirceu;358;forma não registrada nas frases do verbete que citam o ano;governador;
PR;1974;gov. PR 1975-1979;CANET JÚNIOR, Jayme;1040;indireta, registrada no verbete;governador;
RJ;1974;gov. RJ 1975-1979;LIMA, Faria;2862;forma não registrada nas frases do verbete que citam o ano;governador;"estado criado pela fusão do Rio de Janeiro com a Guanabara em 1974; o verbete não registra escolha pela Assembleia"
RN;1974;gov. RN 1975-1979;MAIA, Tarcísio;3203;forma não registrada nas frases do verbete que citam o ano;governador;
RS;1974;gov. RS 1975-1979;GUAZELLI, Sinval;2437;indireta, registrada no verbete;governador;
SC;1974;gov. SC 1975-1979;REIS, Antônio Carlos Konder;4489;indireta, registrada no verbete;governador;
SE;1974;gov. SE 1975-1979;ROLLEMBERG, José;4688;indireta, registrada no verbete;governador;
SP;1974;gov. SP 1975-1979;EGÍDIO, Paulo;1807;indireta, registrada no verbete;governador;
AC;1978;gov. AC 1979-1983;MACEDO, Joaquim;3063;indireta, registrada no verbete;governador;
AL;1978;gov. AL 1979-1982;PALMEIRA, Guilherme;4022;forma não registrada nas frases do verbete que citam o ano;governador;
AM;1978;gov. AM 1979-1982;LINDOSO, José;2919;forma não registrada nas frases do verbete que citam o ano;governador;
BA;1978;gov. BA 1979-1983;MAGALHÃES, Antônio Carlos;3147;forma não registrada nas frases do verbete que citam o ano;governador;
CE;1978;gov. CE 1979-1982;TÁVORA, Virgílio;5269;forma não registrada nas frases do verbete que citam o ano;governador;
ES;1978;gov. ES 1979-1983;RESENDE, Eurico;4517;forma não registrada nas frases do verbete que citam o ano;governador;
GO;1978;gov. GO 1979-1983;VALADÃO, ARI;5415;indireta, registrada no verbete;governador;
MA;1978;gov. MA 1979-1982;CASTELO, João;1209;forma não registrada nas frases do verbete que citam o ano;governador;
MG;1978;gov. MG 1979-1983;PEREIRA, Francelino;4156;forma não registrada nas frases do verbete que citam o ano;governador;
MT;1978;gov. MT 1979-1983;CAMPOS, Frederico;1006;indireta, registrada no verbete;governador;
PA;1978;gov. PA 1979-1983;NUNES, Alacid;3870;indireta, registrada no verbete;governador;
PB;1978;gov. PB 1979-1982;BURITI, Tarcísio;893;indireta, registrada no verbete;governador;
PE;1978;gov. PE 1979-1982;MACIEL, Marco;3129;indireta, registrada no verbete;governador;
PI;1978;gov. PI 1979-1983;PORTELA, Lucídio;4328;forma não registrada nas frases do verbete que citam o ano;governador;
PR;1978;gov. PR 1979-1982;BRAGA, Ney;790;indireta, registrada no verbete;governador;
RJ;1978;gov. RJ 1979-1983;FREITAS, Chagas;2184;forma não registrada nas frases do verbete que citam o ano;governador;
RN;1978;gov. RN 1979-1983;MAIA, Lavoisier;3199;forma não registrada nas frases do verbete que citam o ano;governador;
RS;1978;gov. RS 1979-1983;SOUSA, Amaral de;5143;forma não registrada nas frases do verbete que citam o ano;governador;
SC;1978;gov. SC 1979-1982;BORNHAUSEN, Jorge;758;forma não registrada nas frases do verbete que citam o ano;governador;
SE;1978;gov. SE 1979-1982;FRANCO, Augusto;2137;indireta, registrada no verbete;governador;
SP;1978;gov. SP 1979-1982;MALUF, Paulo;3217;indireta, registrada no verbete;governador;
