uf;inicio;cargo_no_dhbb;nome;verbete;unidade
AC;1950;gov. AC 1950-1951;PINHEIRO FILHO, Raimundo;4230;território até 1962
AC;1951;gov. AC 1951-1952;MENESES, Amílcar Dutra de;3502;território até 1962
AC;1952;gov. AC 1952-1953;FIGUEIREDO, João Kubitschek de;2018;território até 1962
AC;1953;gov. AC 1953-1954;MACIEL FILHO, Abel Pinheiro;3117;território até 1962
AC;1954;gov. AC 1954-1955;CONDE, Francisco d’Oliveira;1424;território até 1962
AC;1955;gov. AC 1955-1956;TORRES, Paulo;5357;território até 1962
AC;1956;gov. AC 1956-1958;MAGALHÃES, Valério;3174;território até 1962
AC;1958;gov. AC 1958-1961;CASTRO, Manuel Fontenele de;1243;território até 1962
AC;1961;gov. AC 1961;LIMA, Osvaldo Pinheiro de;2898;território até 1962
AC;1961;gov. AC 1961-1962;LINO, Rui;2928;território até 1962
AC;1961;gov. AC 1961;MACHADO, Altino;3078;território até 1962
AL;1965;interv. AL 1966;TUBINO, João José Batista;5392;"interventor federal nomeado pelo presidente depois da eleição de 1965 sem maioria absoluta; o verbete 1205 dá a posse em 28 de dezembro de 1965, e o 5392, a nomeação em janeiro de 1966"
AP;1956;gov. AP 1956-1958;PEREIRA, Amílcar;4142;território até 1988
AP;1961;gov. AP 1961;CAVALCANTI, Moura;1274;território até 1988
AP;1979;gov. AP 1979-1985;BARCELOS, Aníbal;501;território até 1988
AP;1985;gov. AP 1985-1990;COSTA, Jorge Nova da;1518;território até 1988
AP;1990;gov. AP 1990-1991;GARCIA, Gílton;2284;território até 1988
DF;1962;gov. DF 1962-1964;MAGALHÃES, Ivo de;3157;Distrito Federal, governador nomeado até a primeira eleição, em 1990
DF;1967;gov. DF 1967-1969;GOMIDE, Wadjô;2376;Distrito Federal, governador nomeado até a primeira eleição, em 1990
DF;1969;gov. DF 1969-1974;SILVEIRA, Hélio Prates da;5073;Distrito Federal, governador nomeado até a primeira eleição, em 1990
DF;1974;gov. DF 1974-1979;SEREJO, Elmo;4949;Distrito Federal, governador nomeado até a primeira eleição, em 1990
DF;1979;gov. DF 1979-1982;LAMAISON, Aimé;2713;Distrito Federal, governador nomeado até a primeira eleição, em 1990
DF;1982;gov. DF 1982-1985;SOUSA, José Ornelas de;5168;Distrito Federal, governador nomeado até a primeira eleição, em 1990
DF;1985;gov. DF 1985;COUTO, Ronaldo Costa;1570;Distrito Federal, governador nomeado até a primeira eleição, em 1990
DF;1985;gov. DF 1985-1988;OLIVEIRA, José Aparecido de;297;Distrito Federal, governador nomeado até a primeira eleição, em 1990
DF;1988;gov. DF 1988-1990;RORIZ, Joaquim;4705;Distrito Federal, governador nomeado até a primeira eleição, em 1990
DF;1990;gov. DF 1990;VALIM, Vanderley;5442;Distrito Federal, governador nomeado até a primeira eleição, em 1990
MS;1979;gov. MS 1979-1980;MIRANDA, Marcelo;3556;estado criado em 1977, governador nomeado até a eleição de 1982
MS;1980;gov. MS 1980-1983;PEDROSSIAN, Pedro;4097;estado criado em 1977, governador nomeado até a eleição de 1982
RO;1954;gov. RO 1954-1955;LEAL, Nunes;2745;"território até 1981, chamado Guaporé até 1956; estado com governador nomeado até 1986"
RO;1958;gov. RO 1958-1962;LEAL, Nunes;2745;"território até 1981, chamado Guaporé até 1956; estado com governador nomeado até 1986"
RO;1979;gov. RO 1979-1985;TEIXEIRA, Jorge;5288;"território até 1981, chamado Guaporé até 1956; estado com governador nomeado até 1986"
RO;1985;gov. RO 1985-1987;ANGELIM, Ângelo;281;"território até 1981, chamado Guaporé até 1956; estado com governador nomeado até 1986"
RR;1967;gov. RR 1967-1974;CAMPOS, Hélio;1008;território até 1988, chamado Rio Branco até 1962
RR;1979;gov. RR 1979-1983;PINTO, Otomar;4275;território até 1988, chamado Rio Branco até 1962
RR;1985;gov. RR 1985-1988;CRUZ, Getúlio;1585;território até 1988, chamado Rio Branco até 1962
RR;1988;gov. RR 1988-1990;JUCÁ, Romero;2621;território até 1988, chamado Rio Branco até 1962
RR;1990;gov. RR 1990-1991;VILAR, Rubens;5610;território até 1988, chamado Rio Branco até 1962
