cruza_cid;eleicao;mandato;uf;nome_urna;nome;partido;turno;votos;fonte;homicidios_ano_eleicao;ultimo_ano_medido;homicidios_ultimo_ano;variacao_pct;serie
False;1982;1983-1986;AC;NABOR TELES DA ROCHA JÚNIOR;NABOR TELES DA ROCHA JÚNIOR;PMDB;1;36369;TSE, dados abertos, votação nominal por UF, 1982;41;1986;62;51.2;"{""1982"": 41, ""1983"": 33, ""1984"": 36, ""1985"": 51, ""1986"": 62}"
False;1982;1983-1986;AL;DIVALDO SURUAGY;DIVALDO SURUAGY;PDS;1;257898;TSE, dados abertos, votação nominal por UF, 1982;430;1986;564;31.2;"{""1982"": 430, ""1983"": 558, ""1984"": 543, ""1985"": 512, ""1986"": 564}"
False;1982;1983-1986;AM;GILBERTO MESTRINHO DE MEDEIROS RAPOSO;GILBERTO MESTRINHO DE MEDEIROS RAPOSO;PMDB;1;201182;TSE, dados abertos, votação nominal por UF, 1982;156;1986;159;1.9;"{""1982"": 156, ""1983"": 151, ""1984"": 209, ""1985"": 184, ""1986"": 159}"
False;1982;1983-1986;BA;JOÃO DURVAL CARNEIRO;JOÃO DURVAL CARNEIRO;PDS;1;1623422;TSE, dados abertos, votação nominal por UF, 1982;491;1986;547;11.4;"{""1982"": 491, ""1983"": 372, ""1984"": 512, ""1985"": 540, ""1986"": 547}"
False;1982;1983-1986;CE;LUÍS DE GONZAGA FONSECA MOTA;LUÍS DE GONZAGA FONSECA MOTA;PDS;1;1149259;TSE, dados abertos, votação nominal por UF, 1982;495;1986;521;5.3;"{""1982"": 495, ""1983"": 614, ""1984"": 593, ""1985"": 549, ""1986"": 521}"
False;1982;1983-1986;ES;GERSON CAMATA;GERSON CAMATA;PMDB;1;448074;TSE, dados abertos, votação nominal por UF, 1982;354;1986;483;36.4;"{""1982"": 354, ""1983"": 365, ""1984"": 402, ""1985"": 455, ""1986"": 483}"
False;1982;1983-1986;GO;IRIS REZENDE MACHADO;IRIS REZENDE MACHADO;PMDB;1;964179;TSE, dados abertos, votação nominal por UF, 1982;602;1986;561;-6.8;"{""1982"": 602, ""1983"": 603, ""1984"": 561, ""1985"": 523, ""1986"": 561}"
False;1982;1983-1986;MA;LUÍS ALVES COELHO ROCHA;LUÍS ALVES COELHO ROCHA;PDS;1;673916;TSE, dados abertos, votação nominal por UF, 1982;146;1986;259;77.4;"{""1982"": 146, ""1983"": 164, ""1984"": 184, ""1985"": 162, ""1986"": 259}"
False;1982;1983-1986;MG;TANCREDO DE ALMEIDA NEVES;TANCREDO DE ALMEIDA NEVES;PMDB;1;2667595;TSE, dados abertos, votação nominal por UF, 1982;1104;1986;1046;-5.3;"{""1982"": 1104, ""1983"": 1008, ""1984"": 1128, ""1985"": 1028, ""1986"": 1046}"
False;1982;1983-1986;MS;WILSON BARBOSA MARTINS;WILSON BARBOSA MARTINS;PMDB;1;258192;TSE, dados abertos, votação nominal por UF, 1982;271;1986;288;6.3;"{""1982"": 271, ""1983"": 303, ""1984"": 340, ""1985"": 253, ""1986"": 288}"
False;1982;1983-1986;MT;JÚLIO JOSÉ DE CAMPOS;JÚLIO JOSÉ DE CAMPOS;PDS;1;203605;TSE, dados abertos, votação nominal por UF, 1982;65;1986;357;449.2;"{""1982"": 65, ""1983"": 143, ""1984"": 194, ""1985"": 270, ""1986"": 357}"
False;1982;1983-1986;PA;JADER FONTENELLE BARBALHO;JADER FONTENELLE BARBALHO;PMDB;1;501605;TSE, dados abertos, votação nominal por UF, 1982;362;1986;582;60.8;"{""1982"": 362, ""1983"": 459, ""1984"": 522, ""1985"": 507, ""1986"": 582}"
False;1982;1983-1986;PB;WILSON LEITE BRAGA;WILSON LEITE BRAGA;PDS;1;509855;TSE, dados abertos, votação nominal por UF, 1982;328;1986;475;44.8;"{""1982"": 328, ""1983"": 360, ""1984"": 386, ""1985"": 380, ""1986"": 475}"
False;1982;1983-1986;PE;ROBERTO MAGALHÃES MELO;ROBERTO MAGALHÃES MELO;PDS;1;913774;TSE, dados abertos, votação nominal por UF, 1982;1509;1986;2043;35.4;"{""1982"": 1509, ""1983"": 1646, ""1984"": 1857, ""1985"": 2011, ""1986"": 2043}"
False;1982;1983-1986;PI;HUGO NAPOLEÃO DO REGO NETO;HUGO NAPOLEÃO DO REGO NETO;PDS;1;393818;TSE, dados abertos, votação nominal por UF, 1982;111;1986;103;-7.2;"{""1982"": 111, ""1983"": 125, ""1984"": 94, ""1985"": 76, ""1986"": 103}"
False;1982;1983-1986;PR;JOSÉ RICHA;JOSÉ RICHA;PMDB;1;1715842;TSE, dados abertos, votação nominal por UF, 1982;1076;1986;931;-13.5;"{""1982"": 1076, ""1983"": 1153, ""1984"": 1066, ""1985"": 921, ""1986"": 931}"
False;1982;1983-1986;RJ;LEONEL DE MOURA BRIZOLA;LEONEL DE MOURA BRIZOLA;PDT;1;1709180;TSE, dados abertos, votação nominal por UF, 1982;2180;1986;2454;12.6;"{""1982"": 2180, ""1983"": 1863, ""1984"": 2468, ""1985"": 2541, ""1986"": 2454}"
False;1982;1983-1986;RN;JOSÉ AGRIPINO MAIA;JOSÉ AGRIPINO MAIA;PDS;1;389924;TSE, dados abertos, votação nominal por UF, 1982;201;1986;104;-48.3;"{""1982"": 201, ""1983"": 174, ""1984"": 136, ""1985"": 134, ""1986"": 104}"
False;1982;1983-1986;RS;JAIR SOARES;JAIR SOARES;PDS;1;1294962;TSE, dados abertos, votação nominal por UF, 1982;689;1986;770;11.8;"{""1982"": 689, ""1983"": 663, ""1984"": 686, ""1985"": 681, ""1986"": 770}"
False;1982;1983-1986;SC;ESPERIDIÃO AMIN HELOU FILHO;ESPERIDIÃO AMIN HELOU FILHO;PDS;1;838150;TSE, dados abertos, votação nominal por UF, 1982;266;1986;239;-10.2;"{""1982"": 266, ""1983"": 317, ""1984"": 295, ""1985"": 263, ""1986"": 239}"
False;1982;1983-1986;SE;JOÃO ALVES FILHO;JOÃO ALVES FILHO;PDS;1;256385;TSE, dados abertos, votação nominal por UF, 1982;120;1986;77;-35.8;"{""1982"": 120, ""1983"": 106, ""1984"": 61, ""1985"": 64, ""1986"": 77}"
False;1982;1983-1986;SP;ANDRÉ FRANCO MONTORO;ANDRÉ FRANCO MONTORO;PMDB;1;5209952;TSE, dados abertos, votação nominal por UF, 1982;4183;1986;7196;72.0;"{""1982"": 4183, ""1983"": 5857, ""1984"": 7080, ""1985"": 7027, ""1986"": 7196}"
False;1986;1987-1990;AC;FLAVIANO FLÁVIO BAPTISTA DE MELO;FLAVIANO FLÁVIO BAPTISTA DE MELO;PMDB;1;68117;TSE, dados abertos, votação nominal por UF, 1986;62;1990;64;3.2;"{""1986"": 62, ""1987"": 98, ""1988"": 76, ""1989"": 95, ""1990"": 64}"
False;1986;1987-1990;AL;FERNANDO AFFONSO COLLOR DE MELLO;FERNANDO AFFONSO COLLOR DE MELLO;PMDB;1;400246;TSE, dados abertos, votação nominal por UF, 1986;564;1990;719;27.5;"{""1986"": 564, ""1987"": 536, ""1988"": 720, ""1989"": 804, ""1990"": 719}"
False;1986;1987-1990;AM;AMAZONINO ARMANDO MENDES;AMAZONINO ARMANDO MENDES;PMDB;1;270875;TSE, dados abertos, votação nominal por UF, 1986;159;1990;367;130.8;"{""1986"": 159, ""1987"": 184, ""1988"": 228, ""1989"": 321, ""1990"": 367}"
False;1986;1987-1990;BA;FRANCISCO WALDIR PIRES DE SOUZA;FRANCISCO WALDIR PIRES DE SOUZA;PMDB;1;2675108;TSE, dados abertos, votação nominal por UF, 1986;547;1990;867;58.5;"{""1986"": 547, ""1987"": 672, ""1988"": 832, ""1989"": 1086, ""1990"": 867}"
False;1986;1987-1990;CE;TASSO RIBEIRO JEREISSATI;TASSO RIBEIRO JEREISSATI;PMDB;1;1407693;TSE, dados abertos, votação nominal por UF, 1986;521;1990;555;6.5;"{""1986"": 521, ""1987"": 435, ""1988"": 507, ""1989"": 607, ""1990"": 555}"
False;1986;1987-1990;ES;MAX FREITAS MAURO;MAX FREITAS MAURO;PMDB;1;532713;TSE, dados abertos, votação nominal por UF, 1986;483;1990;881;82.4;"{""1986"": 483, ""1987"": 537, ""1988"": 677, ""1989"": 844, ""1990"": 881}"
False;1986;1987-1990;GO;HENRIQUE SANTILLO;HENRIQUE SANTILLO;PMDB;1;993494;TSE, dados abertos, votação nominal por UF, 1986;561;1990;681;21.4;"{""1986"": 561, ""1987"": 643, ""1988"": 790, ""1989"": 810, ""1990"": 681}"
False;1986;1987-1990;MA;EPITÁCIO CAFETEIRA AFONSO PEREIRA;EPITÁCIO CAFETEIRA AFONSO PEREIRA;PMDB;1;1040384;TSE, dados abertos, votação nominal por UF, 1986;259;1990;442;70.7;"{""1986"": 259, ""1987"": 288, ""1988"": 341, ""1989"": 411, ""1990"": 442}"
False;1986;1987-1990;MG;NEWTON CARDOSO;NEWTON CARDOSO;PMDB;1;2869635;TSE, dados abertos, votação nominal por UF, 1986;1046;1990;1177;12.5;"{""1986"": 1046, ""1987"": 1021, ""1988"": 1028, ""1989"": 1216, ""1990"": 1177}"
False;1986;1987-1990;MS;MARCELO MIRANDA SOARES;MARCELO MIRANDA SOARES;PMDB;1;412974;TSE, dados abertos, votação nominal por UF, 1986;288;1990;348;20.8;"{""1986"": 288, ""1987"": 313, ""1988"": 319, ""1989"": 371, ""1990"": 348}"
False;1986;1987-1990;MT;CARLOS GOMES BEZERRA;CARLOS GOMES BEZERRA;PMDB;1;394786;TSE, dados abertos, votação nominal por UF, 1986;357;1990;415;16.2;"{""1986"": 357, ""1987"": 382, ""1988"": 377, ""1989"": 471, ""1990"": 415}"
False;1986;1987-1990;PA;HÉLIO MOTA GUEIROS;HÉLIO MOTA GUEIROS;PMDB;1;707536;TSE, dados abertos, votação nominal por UF, 1986;582;1990;748;28.5;"{""1986"": 582, ""1987"": 544, ""1988"": 589, ""1989"": 666, ""1990"": 748}"
False;1986;1987-1990;PB;TARCÍSIO DE MIRANDA BURITY;TARCÍSIO DE MIRANDA BURITY;PMDB;1;755625;TSE, dados abertos, votação nominal por UF, 1986;475;1990;440;-7.4;"{""1986"": 475, ""1987"": 377, ""1988"": 402, ""1989"": 461, ""1990"": 440}"
False;1986;1987-1990;PE;MIGUEL ARRAES DE ALENCAR;MIGUEL ARRAES DE ALENCAR;PMDB;1;1587726;TSE, dados abertos, votação nominal por UF, 1986;2043;1990;2741;34.2;"{""1986"": 2043, ""1987"": 2187, ""1988"": 2252, ""1989"": 2553, ""1990"": 2741}"
False;1986;1987-1990;PI;ALBERTO TAVARES SILVA;ALBERTO TAVARES SILVA;PMDB;1;440218;TSE, dados abertos, votação nominal por UF, 1986;103;1990;109;5.8;"{""1986"": 103, ""1987"": 82, ""1988"": 141, ""1989"": 142, ""1990"": 109}"
False;1986;1987-1990;PR;ÁLVARO FERNANDES DIAS;ÁLVARO FERNANDES DIAS;PMDB;1;2347795;TSE, dados abertos, votação nominal por UF, 1986;931;1990;1167;25.3;"{""1986"": 931, ""1987"": 922, ""1988"": 1004, ""1989"": 1112, ""1990"": 1167}"
False;1986;1987-1990;RJ;WELLINGTON MOREIRA FRANCO;WELLINGTON MOREIRA FRANCO;PMDB;1;3049776;TSE, dados abertos, votação nominal por UF, 1986;2454;1990;7099;189.3;"{""1986"": 2454, ""1987"": 3792, ""1988"": 3064, ""1989"": 4290, ""1990"": 7099}"
False;1986;1987-1990;RN;GERALDO JOSÉ DA CÂMARA FERREIRA DE MELO;GERALDO JOSÉ DA CÂMARA FERREIRA DE MELO;PMDB;1;464559;TSE, dados abertos, votação nominal por UF, 1986;104;1990;200;92.3;"{""1986"": 104, ""1987"": 149, ""1988"": 194, ""1989"": 236, ""1990"": 200}"
False;1986;1987-1990;RO;JERONIMO GARCIA DE SANTANA;JERONIMO GARCIA DE SANTANA;PMDB;1;153334;TSE, dados abertos, votação nominal por UF, 1986;371;1990;555;49.6;"{""1986"": 371, ""1987"": 428, ""1988"": 432, ""1989"": 490, ""1990"": 555}"
False;1986;1987-1990;RS;PEDRO JORGE SIMON;PEDRO JORGE SIMON;PMDB;1;2009381;TSE, dados abertos, votação nominal por UF, 1986;770;1990;1689;119.4;"{""1986"": 770, ""1987"": 822, ""1988"": 1100, ""1989"": 1556, ""1990"": 1689}"
False;1986;1987-1990;SC;PEDRO IVO FIGUEIREDO DE CAMPOS;PEDRO IVO FIGUEIREDO DE CAMPOS;PMDB;1;886414;TSE, dados abertos, votação nominal por UF, 1986;239;1990;382;59.8;"{""1986"": 239, ""1987"": 307, ""1988"": 320, ""1989"": 352, ""1990"": 382}"
False;1986;1987-1990;SE;ANTÔNIO CARLOS VALADARES;ANTÔNIO CARLOS VALADARES;PFL;1;292339;TSE, dados abertos, votação nominal por UF, 1986;77;1990;151;96.1;"{""1986"": 77, ""1987"": 68, ""1988"": 68, ""1989"": 139, ""1990"": 151}"
False;1986;1987-1990;SP;ORESTES QUERCIA;ORESTES QUERCIA;PMDB;1;5578795;TSE, dados abertos, votação nominal por UF, 1986;7196;1990;9503;32.1;"{""1986"": 7196, ""1987"": 7944, ""1988"": 7496, ""1989"": 9178, ""1990"": 9503}"
False;1990;1991-1994;AC;EDMUNDO PINTO DE ALMEIDA NETO;EDMUNDO PINTO DE ALMEIDA NETO;PDS;2;71876;TSE, dados abertos, votação nominal por UF, 1990;64;1994;88;37.5;"{""1990"": 64, ""1991"": 106, ""1992"": 107, ""1993"": 116, ""1994"": 88}"
False;1990;1991-1994;AL;GERALDO BULHÕES BARROS;GERALDO BULHÕES BARROS;PSC;2;424480;TSE, dados abertos, votação nominal por UF, 1990;719;1994;613;-14.7;"{""1990"": 719, ""1991"": 665, ""1992"": 591, ""1993"": 619, ""1994"": 613}"
False;1990;1991-1994;AM;GILBERTO MESTRINHO DE M. RAPOSO;GILBERTO MESTRINHO DE M. RAPOSO;PMDB;1;332085;TSE, dados abertos, votação nominal por UF, 1990;367;1994;383;4.4;"{""1990"": 367, ""1991"": 403, ""1992"": 351, ""1993"": 350, ""1994"": 383}"
False;1990;1991-1994;AP;ANNIBAL BARCELLOS;ANNIBAL BARCELLOS;PFL;2;59289;TSE, dados abertos, votação nominal por UF, 1990;45;1994;124;175.6;"{""1990"": 45, ""1991"": 53, ""1992"": 73, ""1993"": 66, ""1994"": 124}"
False;1990;1991-1994;BA;ANTONIO CARLOS MAGALHÃES;ANTONIO CARLOS MAGALHÃES;PFL;1;1642726;TSE, dados abertos, votação nominal por UF, 1990;867;1994;1739;100.6;"{""1990"": 867, ""1991"": 596, ""1992"": 840, ""1993"": 1502, ""1994"": 1739}"
False;1990;1991-1994;CE;CIRO FERREIRA GOMES;CIRO FERREIRA GOMES;PSDB;1;1279492;TSE, dados abertos, votação nominal por UF, 1990;555;1994;636;14.6;"{""1990"": 555, ""1991"": 607, ""1992"": 537, ""1993"": 702, ""1994"": 636}"
False;1990;1991-1994;DF;JOAQUIM DOMINGOS RORIZ;JOAQUIM DOMINGOS RORIZ;PTR;1;366035;TSE, dados abertos, votação nominal por UF, 1990;463;1994;556;20.1;"{""1990"": 463, ""1991"": 489, ""1992"": 424, ""1993"": 553, ""1994"": 556}"
False;1990;1991-1994;ES;ALBUINO CUNHA DE AZEREDO;ALBUINO CUNHA DE AZEREDO;PDT;2;584269;TSE, dados abertos, votação nominal por UF, 1990;881;1994;1165;32.2;"{""1990"": 881, ""1991"": 968, ""1992"": 839, ""1993"": 1097, ""1994"": 1165}"
False;1990;1991-1994;GO;IRIS REZENDE MACHADO;IRIS REZENDE MACHADO;PMDB;1;889927;TSE, dados abertos, votação nominal por UF, 1990;681;1994;773;13.5;"{""1990"": 681, ""1991"": 852, ""1992"": 828, ""1993"": 734, ""1994"": 773}"
False;1990;1991-1994;MA;EDISON LOBÃO;EDISON LOBÃO;PFL;2;695727;TSE, dados abertos, votação nominal por UF, 1990;442;1994;313;-29.2;"{""1990"": 442, ""1991"": 470, ""1992"": 427, ""1993"": 394, ""1994"": 313}"
False;1990;1991-1994;MG;HELIO CARVALHO GARCIA;HELIO CARVALHO GARCIA;PRS;2;3164094;TSE, dados abertos, votação nominal por UF, 1990;1177;1994;1117;-5.1;"{""1990"": 1177, ""1991"": 1232, ""1992"": 1131, ""1993"": 1211, ""1994"": 1117}"
False;1990;1991-1994;MS;PEDRO PEDROSSIAN;PEDRO PEDROSSIAN;PTB;1;417589;TSE, dados abertos, votação nominal por UF, 1990;348;1994;522;50.0;"{""1990"": 348, ""1991"": 388, ""1992"": 422, ""1993"": 457, ""1994"": 522}"
False;1990;1991-1994;MT;JAIME VERÍSSIMO DE CAMPOS;JAIME VERÍSSIMO DE CAMPOS;PFL;1;401005;TSE, dados abertos, votação nominal por UF, 1990;415;1994;316;-23.9;"{""1990"": 415, ""1991"": 452, ""1992"": 355, ""1993"": 356, ""1994"": 316}"
False;1990;1991-1994;PA;JADER FONTENELLE BARBALHO;JADER FONTENELLE BARBALHO;PMDB;2;708703;TSE, dados abertos, votação nominal por UF, 1990;748;1994;714;-4.5;"{""1990"": 748, ""1991"": 810, ""1992"": 759, ""1993"": 623, ""1994"": 714}"
False;1990;1991-1994;PB;RONALDO CUNHA LIMA;RONALDO JOSÉ DA CUNHA LIMA;PMDB;2;704375;TSE, dados abertos, votação nominal por UF, 1990;440;1994;385;-12.5;"{""1990"": 440, ""1991"": 401, ""1992"": 355, ""1993"": 365, ""1994"": 385}"
False;1990;1991-1994;PE;JOAQUIM FRANCISCO;JOAQUIM FRANCISCO DE FREITAS CAVALCANTI;PFL;1;1238326;TSE, dados abertos, votação nominal por UF, 1990;2741;1994;2593;-5.4;"{""1990"": 2741, ""1991"": 2944, ""1992"": 2531, ""1993"": 2763, ""1994"": 2593}"
False;1990;1991-1994;PI;ANTONIO DE ALMEIDA FREITAS NETO;ANTONIO DE ALMEIDA FREITAS NETO;PFL;2;572243;TSE, dados abertos, votação nominal por UF, 1990;109;1994;98;-10.1;"{""1990"": 109, ""1991"": 103, ""1992"": 92, ""1993"": 117, ""1994"": 98}"
False;1990;1991-1994;PR;ROBERTO REQUIÃO DE MELO E SILVA;ROBERTO REQUIÃO DE MELO E SILVA;PMDB;2;1877282;TSE, dados abertos, votação nominal por UF, 1990;1167;1994;1257;7.7;"{""1990"": 1167, ""1991"": 1225, ""1992"": 1090, ""1993"": 1237, ""1994"": 1257}"
False;1990;1991-1994;RJ;LEONEL DE MOURA BRIZOLA;LEONEL DE MOURA BRIZOLA;PDT;1;3521206;TSE, dados abertos, votação nominal por UF, 1990;7099;1994;6417;-9.6;"{""1990"": 7099, ""1991"": 5055, ""1992"": 4534, ""1993"": 5367, ""1994"": 6417}"
False;1990;1991-1994;RN;JOSÉ AGRIPINO MAIA;JOSÉ AGRIPINO MAIA;PDS;2;525229;TSE, dados abertos, votação nominal por UF, 1990;200;1994;211;5.5;"{""1990"": 200, ""1991"": 219, ""1992"": 199, ""1993"": 243, ""1994"": 211}"
False;1990;1991-1994;RO;OSWALDO PIANA FILHO;OSWALDO PIANA FILHO;PTR;2;181605;TSE, dados abertos, votação nominal por UF, 1990;555;1994;398;-28.3;"{""1990"": 555, ""1991"": 491, ""1992"": 395, ""1993"": 498, ""1994"": 398}"
False;1990;1991-1994;RR;OTTOMAR DE SOUSA PINTO;OTTOMAR DE SOUSA PINTO;PTB;2;32506;TSE, dados abertos, votação nominal por UF, 1990;127;1994;78;-38.6;"{""1990"": 127, ""1991"": 79, ""1992"": 95, ""1993"": 69, ""1994"": 78}"
False;1990;1991-1994;RS;ALCEU DE DEUS COLLARES;ALCEU DE DEUS COLLARES;PDT;2;2319400;TSE, dados abertos, votação nominal por UF, 1990;1689;1994;1334;-21.0;"{""1990"": 1689, ""1991"": 1694, ""1992"": 1565, ""1993"": 1177, ""1994"": 1334}"
False;1990;1991-1994;SC;VILSON PEDRO KLEINUBING;VILSON PEDRO KLEINUBING;PFL;1;932877;TSE, dados abertos, votação nominal por UF, 1990;382;1994;340;-11.0;"{""1990"": 382, ""1991"": 355, ""1992"": 357, ""1993"": 365, ""1994"": 340}"
False;1990;1991-1994;SE;JOÃO ALVES FILHO;JOÃO ALVES FILHO;PFL;1;364819;TSE, dados abertos, votação nominal por UF, 1990;151;1994;343;127.2;"{""1990"": 151, ""1991"": 317, ""1992"": 461, ""1993"": 312, ""1994"": 343}"
False;1990;1991-1994;SP;LUIZ ANTONIO FLEURY FILHO;LUIZ ANTONIO FLEURY FILHO;PMDB;2;7368730;TSE, dados abertos, votação nominal por UF, 1990;9503;1994;9981;5.0;"{""1990"": 9503, ""1991"": 9685, ""1992"": 9011, ""1993"": 9224, ""1994"": 9981}"
False;1990;1991-1994;TO;MOISÉS AVELINO;MOISÉS AVELINO;PMDB;2;175166;TSE, dados abertos, votação nominal por UF, 1990;54;1994;109;101.9;"{""1990"": 54, ""1991"": 91, ""1992"": 66, ""1993"": 93, ""1994"": 109}"
True;1994;1995-1998;AC;ORLEIR MESSIAS CAMELI;ORLEIR MESSIAS CAMELI;PPR;2;;;88;1998;110;;"{""1994"": 88, ""1995"": 103, ""1996"": 104, ""1997"": 100, ""1998"": 110}"
True;1994;1995-1998;AL;DIVALDO SURUAGY;DIVALDO SURUAGY;PMDB;1;;;613;1998;582;;"{""1994"": 613, ""1995"": 737, ""1996"": 740, ""1997"": 641, ""1998"": 582}"
True;1994;1995-1998;AM;AMAZONINO ARMANDO MENDES;AMAZONINO ARMANDO MENDES;PPR;1;;;383;1998;534;;"{""1994"": 383, ""1995"": 424, ""1996"": 450, ""1997"": 468, ""1998"": 534}"
True;1994;1995-1998;AP;JOAO ALBERTO RODRIGUES CAPIBER;JOAO ALBERTO RODRIGUES CAPIBERIBE;PSB;2;;;124;1998;160;;"{""1994"": 124, ""1995"": 124, ""1996"": 157, ""1997"": 140, ""1998"": 160}"
True;1994;1995-1998;BA;PAULO GANEM SOUTO;PAULO GANEM SOUTO;PFL;2;;;1739;1998;1271;;"{""1994"": 1739, ""1995"": 1536, ""1996"": 1883, ""1997"": 1981, ""1998"": 1271}"
True;1994;1995-1998;CE;TASSO RIBEIRO JEREISSATI;TASSO RIBEIRO JEREISSATI;PSDB;1;;;636;1998;946;;"{""1994"": 636, ""1995"": 845, ""1996"": 881, ""1997"": 1022, ""1998"": 946}"
True;1994;1995-1998;DF;CRISTOVAM RICARDO CAVALCANTI B;CRISTOVAM RICARDO CAVALCANTI BUARQUE;PT;2;;;556;1998;633;;"{""1994"": 556, ""1995"": 629, ""1996"": 615, ""1997"": 613, ""1998"": 633}"
True;1994;1995-1998;ES;VITOR BUAIZ;VITOR BUAIZ;PT;2;;;1165;1998;1675;;"{""1994"": 1165, ""1995"": 1153, ""1996"": 1190, ""1997"": 1416, ""1998"": 1675}"
True;1994;1995-1998;GO;LUIZ ALBERTO MAGUITO VILELA;LUIZ ALBERTO MAGUITO VILELA;PMDB;2;;;773;1998;703;;"{""1994"": 773, ""1995"": 784, ""1996"": 779, ""1997"": 744, ""1998"": 703}"
True;1994;1995-1998;MA;ROSEANA SARNEY MURAD;ROSEANA SARNEY MURAD;PFL;2;;;313;1998;277;;"{""1994"": 313, ""1995"": 385, ""1996"": 362, ""1997"": 333, ""1998"": 277}"
True;1994;1995-1998;MG;EDUARDO BRANDAO DE AZEREDO;EDUARDO BRANDAO DE AZEREDO;PSDB;2;;;1117;1998;1511;;"{""1994"": 1117, ""1995"": 1214, ""1996"": 1261, ""1997"": 1347, ""1998"": 1511}"
True;1994;1995-1998;MS;WILSON BARBOSA MARTINS;WILSON BARBOSA MARTINS;PMDB;1;;;522;1998;670;;"{""1994"": 522, ""1995"": 635, ""1996"": 722, ""1997"": 729, ""1998"": 670}"
True;1994;1995-1998;MT;DANTE MARTINS DE OLIVEIRA;DANTE MARTINS DE OLIVEIRA;PDT;1;;;316;1998;831;;"{""1994"": 316, ""1995"": 583, ""1996"": 657, ""1997"": 764, ""1998"": 831}"
True;1994;1995-1998;PA;ALMIR JOSE DE OLIVEIRA GABRIEL;ALMIR JOSE DE OLIVEIRA GABRIEL;PSDB;2;;;714;1998;772;;"{""1994"": 714, ""1995"": 700, ""1996"": 700, ""1997"": 754, ""1998"": 772}"
True;1994;1995-1998;PB;ANTONIO MARQUES DA SILVA MARIZ;ANTONIO MARQUES DA SILVA MARIZ;PMDB;2;;;385;1998;454;;"{""1994"": 385, ""1995"": 457, ""1996"": 636, ""1997"": 492, ""1998"": 454}"
True;1994;1995-1998;PE;MIGUEL ARRAES DE ALENCAR;MIGUEL ARRAES DE ALENCAR;PSB;1;;;2593;1998;4422;;"{""1994"": 2593, ""1995"": 2706, ""1996"": 3022, ""1997"": 3713, ""1998"": 4422}"
True;1994;1995-1998;PI;FRANCISCO DE ASSIS DE MORAES S;FRANCISCO DE ASSIS DE MORAES SOUSA;PMDB;2;;;98;1998;140;;"{""1994"": 98, ""1995"": 114, ""1996"": 117, ""1997"": 142, ""1998"": 140}"
True;1994;1995-1998;PR;JAIME LERNER;JAIME LERNER;PDT;1;;;1257;1998;1624;;"{""1994"": 1257, ""1995"": 1384, ""1996"": 1376, ""1997"": 1579, ""1998"": 1624}"
True;1994;1995-1998;RJ;MARCELLO NUNES DE ALENCAR;MARCELLO NUNES DE ALENCAR;PSDB;2;;;6417;1998;7569;;"{""1994"": 6417, ""1995"": 8216, ""1996"": 8030, ""1997"": 7953, ""1998"": 7569}"
True;1994;1995-1998;RN;GARIBALDI ALVES FILHO;GARIBALDI ALVES FILHO;PMDB;1;;;211;1998;222;;"{""1994"": 211, ""1995"": 247, ""1996"": 240, ""1997"": 235, ""1998"": 222}"
True;1994;1995-1998;RO;VALDIR RAUPP DE MATOS;VALDIR RAUPP DE MATOS;PMDB;2;;;398;1998;494;;"{""1994"": 398, ""1995"": 330, ""1996"": 301, ""1997"": 355, ""1998"": 494}"
True;1994;1995-1998;RR;NEUDO RIBEIRO CAMPOS;NEUDO RIBEIRO CAMPOS;PTB;2;;;78;1998;133;;"{""1994"": 78, ""1995"": 87, ""1996"": 107, ""1997"": 90, ""1998"": 133}"
True;1994;1995-1998;RS;ANTONIO BRITTO FILHO;ANTONIO BRITTO FILHO;PMDB;2;;;1334;1998;1520;;"{""1994"": 1334, ""1995"": 1437, ""1996"": 1475, ""1997"": 1642, ""1998"": 1520}"
True;1994;1995-1998;SC;PAULO AFONSO EVANGELISTA VIEIR;PAULO AFONSO EVANGELISTA VIEIRA;PMDB;2;;;340;1998;408;;"{""1994"": 340, ""1995"": 412, ""1996"": 405, ""1997"": 416, ""1998"": 408}"
True;1994;1995-1998;SE;ALBANO DO PRADO PIMENTEL FRANC;ALBANO DO PRADO PIMENTEL FRANCO;PSDB;2;;;343;1998;175;;"{""1994"": 343, ""1995"": 255, ""1996"": 238, ""1997"": 190, ""1998"": 175}"
True;1994;1995-1998;SP;MARIO COVAS JUNIOR;MARIO COVAS JUNIOR;PSDB;2;;;9981;1998;13985;;"{""1994"": 9981, ""1995"": 11555, ""1996"": 12320, ""1997"": 12536, ""1998"": 13985}"
True;1994;1995-1998;TO;JOSE WILSON SIQUEIRA CAMPOS;JOSE WILSON SIQUEIRA CAMPOS;PPR;1;;;109;1998;129;;"{""1994"": 109, ""1995"": 77, ""1996"": 126, ""1997"": 112, ""1998"": 129}"
False;1998;1999-2002;AC;JORGE VIANA;JORGE NEY VIANA MACEDO NEVES;PT;1;;;110;2002;151;37.3;"{""1998"": 110, ""1999"": 51, ""2000"": 106, ""2001"": 121, ""2002"": 151}"
False;1998;1999-2002;AL;RONALDO LESSA;RONALDO AUGUSTO LESSA SANTOS;PSB;1;;;582;2002;991;70.3;"{""1998"": 582, ""1999"": 554, ""2000"": 727, ""2001"": 830, ""2002"": 991}"
False;1998;1999-2002;AM;AMAZONINO MENDES;AMAZONINO ARMANDO MENDES;PFL;1;;;534;2002;513;-3.9;"{""1998"": 534, ""1999"": 527, ""2000"": 552, ""2001"": 485, ""2002"": 513}"
False;1998;1999-2002;AP;CAPI;JOÃO ALBERTO RODRIGUES CAPIBERIBE;PSB;2;;;160;2002;181;13.1;"{""1998"": 160, ""1999"": 192, ""2000"": 156, ""2001"": 182, ""2002"": 181}"
False;1998;1999-2002;BA;CESAR BORGES;CESAR AUGUSTO RABELLO BORGES;PFL;1;;;1271;2002;1759;38.4;"{""1998"": 1271, ""1999"": 913, ""2000"": 1242, ""2001"": 1622, ""2002"": 1759}"
False;1998;1999-2002;CE;TASSO;TASSO RIBEIRO JEREISSATI;PSDB;1;;;946;2002;1444;52.6;"{""1998"": 946, ""1999"": 1104, ""2000"": 1232, ""2001"": 1284, ""2002"": 1444}"
False;1998;1999-2002;DF;RORIZ;JOAQUIM DOMINGOS RORIZ;PMDB;2;;;633;2002;641;1.3;"{""1998"": 633, ""1999"": 658, ""2000"": 687, ""2001"": 693, ""2002"": 641}"
False;1998;1999-2002;ES;JOSÉ IGNÁCIO;JOSE IGNACIO FERREIRA;PSDB;1;;;1675;2002;1644;-1.9;"{""1998"": 1675, ""1999"": 1524, ""2000"": 1432, ""2001"": 1452, ""2002"": 1644}"
False;1998;1999-2002;GO;MARCONI PERILLO;MARCONI FERREIRA PERILLO JUNIOR;PSDB;2;;;703;2002;1368;94.6;"{""1998"": 703, ""1999"": 850, ""2000"": 1082, ""2001"": 1166, ""2002"": 1368}"
False;1998;1999-2002;MA;ROSEANA SARNEY;ROSEANA SARNEY MURAD;PFL;1;;;277;2002;606;118.8;"{""1998"": 277, ""1999"": 262, ""2000"": 351, ""2001"": 562, ""2002"": 606}"
False;1998;1999-2002;MG;ITAMAR FRANCO;ITAMAR AUGUSTO CAUTIERO FRANCO;PMDB;2;;;1511;2002;2993;98.1;"{""1998"": 1511, ""1999"": 1596, ""2000"": 2107, ""2001"": 2366, ""2002"": 2993}"
False;1998;1999-2002;MS;ZECA;JOSÉ ORCÍRIO MIRANDA DOS SANTOS;PT;2;;;670;2002;684;2.1;"{""1998"": 670, ""1999"": 571, ""2000"": 650, ""2001"": 621, ""2002"": 684}"
False;1998;1999-2002;MT;DANTE DE OLIVEIRA;DANTE MARTINS DE OLIVEIRA;PSDB;1;;;831;2002;948;14.1;"{""1998"": 831, ""1999"": 822, ""2000"": 990, ""2001"": 973, ""2002"": 948}"
False;1998;1999-2002;PA;ALMIR GABRIEL;ALMIR JOSÉ DE OLIVEIRA GABRIEL;PSDB;2;;;772;2002;1192;54.4;"{""1998"": 772, ""1999"": 641, ""2000"": 806, ""2001"": 965, ""2002"": 1192}"
False;1998;1999-2002;PB;ZE MARANHÃO;JOSE TARGINO MARANHAO;PMDB;1;;;454;2002;607;33.7;"{""1998"": 454, ""1999"": 403, ""2000"": 507, ""2001"": 484, ""2002"": 607}"
False;1998;1999-2002;PE;JARBAS VASCONCELOS;JARBAS DE ANDRADE VASCONCELOS;PMDB;1;;;4422;2002;4396;-0.6;"{""1998"": 4422, ""1999"": 4216, ""2000"": 4290, ""2001"": 4709, ""2002"": 4396}"
False;1998;1999-2002;PI;HUGO NAPOLEÃO;HUGO NAPOLEAO DO REGO NETO;PFL;2;;;140;2002;308;120.0;"{""1998"": 140, ""1999"": 133, ""2000"": 230, ""2001"": 262, ""2002"": 308}"
False;1998;1999-2002;PR;JAIME LERNER;JAIME LERNER;PFL;1;;;1624;2002;2238;37.8;"{""1998"": 1624, ""1999"": 1704, ""2000"": 1779, ""2001"": 2034, ""2002"": 2238}"
False;1998;1999-2002;RJ;GAROTINHO;ANTHONY WILLIAM GAROTINHO MATHEUS DE OLIVEIRA;PDT;2;;;7569;2002;8298;9.6;"{""1998"": 7569, ""1999"": 7254, ""2000"": 7328, ""2001"": 7349, ""2002"": 8298}"
False;1998;1999-2002;RN;GARIBALDI ALVES FILHO;GARIBALDI ALVES FILHO;PMDB;1;;;222;2002;299;34.7;"{""1998"": 222, ""1999"": 224, ""2000"": 257, ""2001"": 322, ""2002"": 299}"
False;1998;1999-2002;RO;BIANCO;JOSE DE ABREU BIANCO;PFL;2;;;494;2002;615;24.5;"{""1998"": 494, ""1999"": 432, ""2000"": 466, ""2001"": 573, ""2002"": 615}"
False;1998;1999-2002;RR;NEUDO CAMPOS;NEUDO RIBEIRO CAMPOS;PPB;2;;;133;2002;122;-8.3;"{""1998"": 133, ""1999"": 154, ""2000"": 130, ""2001"": 108, ""2002"": 122}"
False;1998;1999-2002;RS;OLIVIO DUTRA;OLIVIO DE OLIVEIRA DUTRA;PT;2;;;1520;2002;1912;25.8;"{""1998"": 1520, ""1999"": 1530, ""2000"": 1664, ""2001"": 1853, ""2002"": 1912}"
False;1998;1999-2002;SC;ESPERIDIÃO AMIN;ESPERIDIÃO AMIN HELOU FILHO;PPB;1;;;408;2002;573;40.4;"{""1998"": 408, ""1999"": 375, ""2000"": 424, ""2001"": 468, ""2002"": 573}"
False;1998;1999-2002;SE;ALBANO DO PRADO FRANCO;ALBANO DO PRADO PIMENTEL FRANCO;PSDB;2;;;175;2002;555;217.1;"{""1998"": 175, ""1999"": 329, ""2000"": 409, ""2001"": 517, ""2002"": 555}"
False;1998;1999-2002;SP;MÁRIO COVAS;MÁRIO COVAS JUNIOR;PSDB;2;;;13985;2002;14488;3.6;"{""1998"": 13985, ""1999"": 15758, ""2000"": 15581, ""2001"": 15731, ""2002"": 14488}"
False;1998;1999-2002;TO;SIQUEIRA CAMPOS;JOSE WILSON SIQUEIRA CAMPOS;PFL;1;;;129;2002;169;31.0;"{""1998"": 129, ""1999"": 137, ""2000"": 175, ""2001"": 211, ""2002"": 169}"
False;2002;2003-2006;AC;JORGE VIANA;JORGE NEY VIANA MACEDO NEVES;PT;1;;;151;2006;158;4.6;"{""2002"": 151, ""2003"": 147, ""2004"": 114, ""2005"": 123, ""2006"": 158}"
False;2002;2003-2006;AL;RONALDO LESSA;RONALDO AUGUSTO LESSA SANTOS;PSB;1;;;991;2006;1618;63.3;"{""2002"": 991, ""2003"": 1039, ""2004"": 1035, ""2005"": 1203, ""2006"": 1618}"
False;2002;2003-2006;AM;EDUARDO BRAGA;CARLOS EDUARDO DE SOUZA BRAGA;PPS;1;;;513;2006;699;36.3;"{""2002"": 513, ""2003"": 558, ""2004"": 526, ""2005"": 599, ""2006"": 699}"
False;2002;2003-2006;AP;WALDEZ;ANTONIO WALDEZ GOES DA SILVA;PDT;2;;;181;2006;202;11.6;"{""2002"": 181, ""2003"": 185, ""2004"": 172, ""2005"": 196, ""2006"": 202}"
False;2002;2003-2006;BA;PAULO SOUTO;PAULO GANEM SOUTO;PFL;1;;;1759;2006;3288;86.9;"{""2002"": 1759, ""2003"": 2164, ""2004"": 2261, ""2005"": 2816, ""2006"": 3288}"
False;2002;2003-2006;CE;LÚCIO ALCÂNTARA;LÚCIO GONÇALO DE ALCÂNTARA;PSDB;2;;;1444;2006;1792;24.1;"{""2002"": 1444, ""2003"": 1562, ""2004"": 1582, ""2005"": 1697, ""2006"": 1792}"
False;2002;2003-2006;DF;RORIZ;JOAQUIM DOMINGOS RORIZ;PMDB;2;;;641;2006;660;3.0;"{""2002"": 641, ""2003"": 742, ""2004"": 696, ""2005"": 657, ""2006"": 660}"
False;2002;2003-2006;ES;PAULO HARTUNG;PAULO CESAR HARTUNG GOMES;PSB;1;;;1644;2006;1762;7.2;"{""2002"": 1644, ""2003"": 1629, ""2004"": 1619, ""2005"": 1602, ""2006"": 1762}"
False;2002;2003-2006;GO;MARCONI PERILLO;MARCONI FERREIRA PERILLO JUNIOR;PSDB;1;;;1368;2006;1508;10.2;"{""2002"": 1368, ""2003"": 1346, ""2004"": 1524, ""2005"": 1466, ""2006"": 1508}"
False;2002;2003-2006;MA;ZE REINALDO;JOSE REINALDO CARNEIRO TAVARES;PFL;1;;;606;2006;963;58.9;"{""2002"": 606, ""2003"": 792, ""2004"": 729, ""2005"": 935, ""2006"": 963}"
False;2002;2003-2006;MG;AÉCIO NEVES;AÉCIO NEVES DA CUNHA;PSDB;1;;;2993;2006;4175;39.5;"{""2002"": 2993, ""2003"": 3865, ""2004"": 4283, ""2005"": 4219, ""2006"": 4175}"
False;2002;2003-2006;MS;ZECA DO PT;JOSÉ ORCÍRIO MIRANDA DOS SANTOS;PT;2;;;684;2006;677;-1.0;"{""2002"": 684, ""2003"": 705, ""2004"": 652, ""2005"": 628, ""2006"": 677}"
False;2002;2003-2006;MT;BLAIRO MAGGI;BLAIRO BORGES MAGGI;PPS;1;;;948;2006;895;-5.6;"{""2002"": 948, ""2003"": 908, ""2004"": 853, ""2005"": 906, ""2006"": 895}"
False;2002;2003-2006;PA;JATENE;SIMÃO ROBISON OLIVEIRA JATENE;PSDB;2;;;1192;2006;2072;73.8;"{""2002"": 1192, ""2003"": 1404, ""2004"": 1519, ""2005"": 1926, ""2006"": 2072}"
False;2002;2003-2006;PB;CASSIO CUNHA LIMA;CASSIO RODRIGUES DA CUNHA LIMA;PSDB;2;;;607;2006;824;35.7;"{""2002"": 607, ""2003"": 615, ""2004"": 675, ""2005"": 745, ""2006"": 824}"
False;2002;2003-2006;PE;JARBAS VASCONCELOS;JARBAS DE ANDRADE VASCONCELOS;PMDB;1;;;4396;2006;4470;1.7;"{""2002"": 4396, ""2003"": 4517, ""2004"": 4174, ""2005"": 4329, ""2006"": 4470}"
False;2002;2003-2006;PI;WELLINGTON DIAS;JOSE WELLINGTON BARROSO DE ARAUJO DIAS;PT;1;;;308;2006;418;35.7;"{""2002"": 308, ""2003"": 298, ""2004"": 327, ""2005"": 368, ""2006"": 418}"
False;2002;2003-2006;PR;ROBERTO REQUIÃO;ROBERTO REQUIÃO DE MELLO E SILVA;PMDB;2;;;2238;2006;3092;38.2;"{""2002"": 2238, ""2003"": 2531, ""2004"": 2805, ""2005"": 2965, ""2006"": 3092}"
False;2002;2003-2006;RJ;ROSINHA GAROTINHO;ROSANGELA BARROS ASSED MATHEUS DE OLIVEIRA;PSB;1;;;8298;2006;7099;-14.4;"{""2002"": 8298, ""2003"": 7819, ""2004"": 7374, ""2005"": 7084, ""2006"": 7099}"
False;2002;2003-2006;RN;VILMA;WILMA MARIA DE FARIA;PSB;2;;;299;2006;455;52.2;"{""2002"": 299, ""2003"": 405, ""2004"": 344, ""2005"": 406, ""2006"": 455}"
False;2002;2003-2006;RO;IVO CASSOL;IVO NARCISO CASSOL;PSDB;2;;;615;2006;584;-5.0;"{""2002"": 615, ""2003"": 566, ""2004"": 563, ""2005"": 555, ""2006"": 584}"
False;2002;2003-2006;RR;FLAMARION;FRANCISCO FLAMARION PORTELA;PSL;2;;;122;2006;111;-9.0;"{""2002"": 122, ""2003"": 106, ""2004"": 85, ""2005"": 93, ""2006"": 111}"
False;2002;2003-2006;RS;RIGOTTO;GERMANO ANTONIO RIGOTTO;PMDB;2;;;1912;2006;1971;3.1;"{""2002"": 1912, ""2003"": 1906, ""2004"": 1980, ""2005"": 2021, ""2006"": 1971}"
False;2002;2003-2006;SC;LUIZ HENRIQUE DA SILVEIRA;LUIZ HENRIQUE DA SILVEIRA;PMDB;2;;;573;2006;664;15.9;"{""2002"": 573, ""2003"": 661, ""2004"": 629, ""2005"": 630, ""2006"": 664}"
False;2002;2003-2006;SE;JOÃO ALVES;JOÃO ALVES FILHO;PFL;2;;;555;2006;584;5.2;"{""2002"": 555, ""2003"": 469, ""2004"": 454, ""2005"": 487, ""2006"": 584}"
False;2002;2003-2006;SP;GERALDO ALCKMIN;GERALDO JOSE RODRIGUES ALCKMIN FILHO;PSDB;2;;;14488;2006;8177;-43.6;"{""2002"": 14488, ""2003"": 13901, ""2004"": 11203, ""2005"": 8732, ""2006"": 8177}"
False;2002;2003-2006;TO;MARCELO MIRANDA;MARCELO DE CARVALHO MIRANDA;PFL;1;;;169;2006;227;34.3;"{""2002"": 169, ""2003"": 203, ""2004"": 196, ""2005"": 190, ""2006"": 227}"
False;2006;2007-2010;AC;BINHO MARQUES;ARNÓBIO MARQUES DE ALMEIDA JUNIOR;PT;1;;;158;2010;165;4.4;"{""2006"": 158, ""2007"": 135, ""2008"": 133, ""2009"": 153, ""2010"": 165}"
False;2006;2007-2010;AL;TEOTONIO VILELA FILHO;TEOTONIO BRANDÃO VILELA FILHO;PSDB;1;;;1618;2010;2087;29.0;"{""2006"": 1618, ""2007"": 1835, ""2008"": 1887, ""2009"": 1873, ""2010"": 2087}"
False;2006;2007-2010;AM;EDUARDO BRAGA;CARLOS EDUARDO DE SOUZA BRAGA;PMDB;1;;;699;2010;1082;54.8;"{""2006"": 699, ""2007"": 715, ""2008"": 830, ""2009"": 916, ""2010"": 1082}"
False;2006;2007-2010;AP;WALDEZ;ANTÔNIO WALDEZ GÓES DA SILVA;PDT;1;;;202;2010;260;28.7;"{""2006"": 202, ""2007"": 170, ""2008"": 210, ""2009"": 190, ""2010"": 260}"
False;2006;2007-2010;BA;JAQUES WAGNER;JAQUES WAGNER;PT;1;;;3288;2010;5756;75.1;"{""2006"": 3288, ""2007"": 3628, ""2008"": 4788, ""2009"": 5384, ""2010"": 5756}"
False;2006;2007-2010;CE;CID GOMES;CID FERREIRA GOMES;PSB;1;;;1792;2010;2687;49.9;"{""2006"": 1792, ""2007"": 1932, ""2008"": 2019, ""2009"": 2164, ""2010"": 2687}"
False;2006;2007-2010;DF;ARRUDA;JOSÉ ROBERTO ARRUDA;PFL;1;;;660;2010;786;19.1;"{""2006"": 660, ""2007"": 710, ""2008"": 812, ""2009"": 880, ""2010"": 786}"
False;2006;2007-2010;ES;PAULO HARTUNG;PAULO CÉSAR HARTUNG GOMES;PMDB;1;;;1762;2010;1792;1.7;"{""2006"": 1762, ""2007"": 1877, ""2008"": 1946, ""2009"": 1984, ""2010"": 1792}"
False;2006;2007-2010;GO;ALCIDES RODRIGUES;ALCIDES RODRIGUES FILHO;PP;2;;;1508;2010;1979;31.2;"{""2006"": 1508, ""2007"": 1521, ""2008"": 1792, ""2009"": 1902, ""2010"": 1979}"
False;2006;2007-2010;MA;JACKSON LAGO;JACKSON KEPLER LAGO;PDT;2;;;963;2010;1515;57.3;"{""2006"": 963, ""2007"": 1126, ""2008"": 1273, ""2009"": 1397, ""2010"": 1515}"
False;2006;2007-2010;MG;AÉCIO NEVES;AÉCIO NEVES DA CUNHA;PSDB;1;;;4175;2010;3641;-12.8;"{""2006"": 4175, ""2007"": 4120, ""2008"": 3880, ""2009"": 3741, ""2010"": 3641}"
False;2006;2007-2010;MS;ANDRÉ PUCCINELLI;ANDRÉ PUCCINELLI;PMDB;1;;;677;2010;646;-4.6;"{""2006"": 677, ""2007"": 700, ""2008"": 695, ""2009"": 723, ""2010"": 646}"
False;2006;2007-2010;MT;BLAIRO MAGGI;BLAIRO BORGES MAGGI;PPS;1;;;895;2010;971;8.5;"{""2006"": 895, ""2007"": 888, ""2008"": 936, ""2009"": 997, ""2010"": 971}"
False;2006;2007-2010;PA;ANA JULIA;ANA JULIA DE VASCONCELOS CAREPA;PT;2;;;2072;2010;3516;69.7;"{""2006"": 2072, ""2007"": 2193, ""2008"": 2857, ""2009"": 2989, ""2010"": 3516}"
False;2006;2007-2010;PB;CÁSSIO;CÁSSIO RODRIGUES DA CUNHA LIMA;PSDB;2;;;824;2010;1455;76.6;"{""2006"": 824, ""2007"": 861, ""2008"": 1027, ""2009"": 1263, ""2010"": 1455}"
False;2006;2007-2010;PE;EDUARDO CAMPOS;EDUARDO HENRIQUE ACCIOLY CAMPOS;PSB;2;;;4470;2010;3470;-22.4;"{""2006"": 4470, ""2007"": 4556, ""2008"": 4444, ""2009"": 3961, ""2010"": 3470}"
False;2006;2007-2010;PI;WELLINGTON DIAS;JOSÉ WELLINGTON BARROSO DE ARAÚJO DIAS;PT;1;;;418;2010;411;-1.7;"{""2006"": 418, ""2007"": 383, ""2008"": 360, ""2009"": 385, ""2010"": 411}"
False;2006;2007-2010;PR;ROBERTO REQUIÃO;ROBERTO REQUIÃO DE MELLO E SILVA;PMDB;2;;;3092;2010;3575;15.6;"{""2006"": 3092, ""2007"": 3098, ""2008"": 3440, ""2009"": 3680, ""2010"": 3575}"
False;2006;2007-2010;RJ;SERGIO CABRAL;SERGIO DE OLIVEIRA CABRAL SANTOS FILHO;PMDB;2;;;7099;2010;5253;-26.0;"{""2006"": 7099, ""2007"": 6304, ""2008"": 5383, ""2009"": 5064, ""2010"": 5253}"
False;2006;2007-2010;RN;VILMA;WILMA MARIA DE FARIA;PSB;2;;;455;2010;810;78.0;"{""2006"": 455, ""2007"": 589, ""2008"": 714, ""2009"": 800, ""2010"": 810}"
False;2006;2007-2010;RO;IVO CASSOL;IVO NARCISO CASSOL;PPS;1;;;584;2010;545;-6.7;"{""2006"": 584, ""2007"": 432, ""2008"": 480, ""2009"": 538, ""2010"": 545}"
False;2006;2007-2010;RR;OTTOMAR;OTTOMAR DE SOUSA PINTO;PSDB;1;;;111;2010;121;9.0;"{""2006"": 111, ""2007"": 116, ""2008"": 104, ""2009"": 117, ""2010"": 121}"
False;2006;2007-2010;RS;YEDA CRUSIUS;YEDA RORATO CRUSIUS;PSDB;2;;;1971;2010;2067;4.9;"{""2006"": 1971, ""2007"": 2181, ""2008"": 2372, ""2009"": 2232, ""2010"": 2067}"
False;2006;2007-2010;SC;LUIZ HENRIQUE DA SILVEIRA;LUIZ HENRIQUE DA SILVEIRA;PMDB;2;;;664;2010;821;23.6;"{""2006"": 664, ""2007"": 631, ""2008"": 795, ""2009"": 815, ""2010"": 821}"
False;2006;2007-2010;SE;DÉDA;MARCELO DÉDA CHAGAS;PT;1;;;584;2010;676;15.8;"{""2006"": 584, ""2007"": 522, ""2008"": 555, ""2009"": 653, ""2010"": 676}"
False;2006;2007-2010;SP;SERRA;JOSÉ SERRA;PSDB;1;;;8177;2010;5848;-28.5;"{""2006"": 8177, ""2007"": 6261, ""2008"": 6144, ""2009"": 6345, ""2010"": 5848}"
False;2006;2007-2010;TO;MARCELO MIRANDA;MARCELO DE CARVALHO MIRANDA;PMDB;1;;;227;2010;325;43.2;"{""2006"": 227, ""2007"": 223, ""2008"": 237, ""2009"": 288, ""2010"": 325}"
False;2010;2011-2014;AC;TIÃO VIANA;SEBASTIÃO AFONSO VIANA MACEDO NEVES;PT;1;;;165;2014;232;40.6;"{""2010"": 165, ""2011"": 164, ""2012"": 208, ""2013"": 234, ""2014"": 232}"
False;2010;2011-2014;AL;TEOTONIO VILELA;TEOTONIO BRANDAO VILELA FILHO;PSDB;2;;;2087;2014;2085;-0.1;"{""2010"": 2087, ""2011"": 2244, ""2012"": 2046, ""2013"": 2148, ""2014"": 2085}"
False;2010;2011-2014;AM;OMAR AZIZ;OMAR JOSE ABDEL AZIZ;PMN;1;;;1082;2014;1240;14.6;"{""2010"": 1082, ""2011"": 1292, ""2012"": 1344, ""2013"": 1191, ""2014"": 1240}"
False;2010;2011-2014;AP;CAMILO CAPIBERIBE;CARLOS CAMILO GOES CAPIBERIBE;PSB;2;;;260;2014;256;-1.5;"{""2010"": 260, ""2011"": 209, ""2012"": 253, ""2013"": 225, ""2014"": 256}"
False;2010;2011-2014;BA;WAGNER;JAQUES WAGNER;PT;1;;;5756;2014;5917;2.8;"{""2010"": 5756, ""2011"": 5464, ""2012"": 5938, ""2013"": 5554, ""2014"": 5917}"
False;2010;2011-2014;CE;CID GOMES;CID FERREIRA GOMES;PSB;1;;;2687;2014;4625;72.1;"{""2010"": 2687, ""2011"": 2790, ""2012"": 3841, ""2013"": 4473, ""2014"": 4625}"
False;2010;2011-2014;DF;AGNELO;AGNELO SANTOS QUEIROZ FILHO;PT;2;;;786;2014;841;7.0;"{""2010"": 786, ""2011"": 901, ""2012"": 952, ""2013"": 835, ""2014"": 841}"
False;2010;2011-2014;ES;RENATO CASAGRANDE;JOSÉ RENATO CASAGRANDE;PSB;1;;;1792;2014;1608;-10.3;"{""2010"": 1792, ""2011"": 1672, ""2012"": 1667, ""2013"": 1619, ""2014"": 1608}"
False;2010;2011-2014;GO;MARCONI PERILLO;MARCONI FERREIRA PERILLO JÚNIOR;PSDB;2;;;1979;2014;2886;45.8;"{""2010"": 1979, ""2011"": 2271, ""2012"": 2793, ""2013"": 2972, ""2014"": 2886}"
False;2010;2011-2014;MA;ROSEANA;ROSEANA SARNEY MURAD;PMDB;1;;;1515;2014;2457;62.2;"{""2010"": 1515, ""2011"": 1591, ""2012"": 1775, ""2013"": 2163, ""2014"": 2457}"
False;2010;2011-2014;MG;ANTONIO ANASTASIA;ANTONIO AUGUSTO JUNHO ANASTASIA;PSDB;1;;;3641;2014;4718;29.6;"{""2010"": 3641, ""2011"": 4260, ""2012"": 4558, ""2013"": 4713, ""2014"": 4718}"
False;2010;2011-2014;MS;ANDRE PUCCINELLI;ANDRE PUCCINELLI;PMDB;1;;;646;2014;699;8.2;"{""2010"": 646, ""2011"": 670, ""2012"": 682, ""2013"": 628, ""2014"": 699}"
False;2010;2011-2014;MT;SILVAL BARBOSA;SILVAL DA CUNHA BARBOSA;PMDB;1;;;971;2014;1356;39.6;"{""2010"": 971, ""2011"": 990, ""2012"": 1060, ""2013"": 1154, ""2014"": 1356}"
False;2010;2011-2014;PA;SIMAO JATENE;SIMÃO ROBSON OLIVEIRA JATENE;PSDB;2;;;3516;2014;3443;-2.1;"{""2010"": 3516, ""2011"": 3069, ""2012"": 3236, ""2013"": 3403, ""2014"": 3443}"
False;2010;2011-2014;PB;RICARDO COUTINHO;RICARDO VIEIRA COUTINHO;PSB;2;;;1455;2014;1551;6.6;"{""2010"": 1455, ""2011"": 1614, ""2012"": 1525, ""2013"": 1551, ""2014"": 1551}"
False;2010;2011-2014;PE;EDUARDO CAMPOS;EDUARDO HENRIQUE ACCIOLY CAMPOS;PSB;1;;;3470;2014;3358;-3.2;"{""2010"": 3470, ""2011"": 3466, ""2012"": 3326, ""2013"": 3124, ""2014"": 3358}"
False;2010;2011-2014;PI;WILSON MARTINS;WILSON NUNES MARTINS;PSB;2;;;411;2014;716;74.2;"{""2010"": 411, ""2011"": 436, ""2012"": 525, ""2013"": 595, ""2014"": 716}"
False;2010;2011-2014;PR;BETO RICHA;CARLOS ALBERTO RICHA;PSDB;1;;;3575;2014;2957;-17.3;"{""2010"": 3575, ""2011"": 3321, ""2012"": 3455, ""2013"": 2910, ""2014"": 2957}"
False;2010;2011-2014;RJ;SERGIO CABRAL;SERGIO DE OLIVEIRA CABRAL SANTOS FILHO;PMDB;1;;;5253;2014;5397;2.7;"{""2010"": 5253, ""2011"": 4562, ""2012"": 4586, ""2013"": 4886, ""2014"": 5397}"
False;2010;2011-2014;RN;ROSALBA CIARLINI;ROSALBA CIARLINI ROSADO;DEM;1;;;810;2014;1602;97.8;"{""2010"": 810, ""2011"": 1054, ""2012"": 1123, ""2013"": 1446, ""2014"": 1602}"
False;2010;2011-2014;RO;CONFUCIO MOURA;CONFUCIO AIRES DE MOURA;PMDB;2;;;545;2014;577;5.9;"{""2010"": 545, ""2011"": 448, ""2012"": 524, ""2013"": 481, ""2014"": 577}"
False;2010;2011-2014;RR;ANCHIETA;JOSE DE ANCHIETA JUNIOR;PSDB;2;;;121;2014;158;30.6;"{""2010"": 121, ""2011"": 95, ""2012"": 143, ""2013"": 214, ""2014"": 158}"
False;2010;2011-2014;RS;TARSO GENRO;TARSO FERNANDO HERZ GENRO;PT;1;;;2067;2014;2710;31.1;"{""2010"": 2067, ""2011"": 2058, ""2012"": 2364, ""2013"": 2314, ""2014"": 2710}"
False;2010;2011-2014;SC;RAIMUNDO COLOMBO;JOÃO RAIMUNDO COLOMBO;DEM;1;;;821;2014;863;5.1;"{""2010"": 821, ""2011"": 803, ""2012"": 811, ""2013"": 775, ""2014"": 863}"
False;2010;2011-2014;SE;DEDA;MARCELO DEDA CHAGAS;PT;1;;;676;2014;1097;62.3;"{""2010"": 676, ""2011"": 731, ""2012"": 879, ""2013"": 965, ""2014"": 1097}"
False;2010;2011-2014;SP;GERALDO ALCKMIN;GERALDO JOSE RODRIGUES ALCKMIN FILHO;PSDB;1;;;5848;2014;5952;1.8;"{""2010"": 5848, ""2011"": 5664, ""2012"": 6344, ""2013"": 5882, ""2014"": 5952}"
False;2010;2011-2014;TO;SIQUEIRA CAMPOS;JOSÉ WILSON SIQUEIRA CAMPOS;PSDB;1;;;325;2014;380;16.9;"{""2010"": 325, ""2011"": 359, ""2012"": 379, ""2013"": 349, ""2014"": 380}"
False;2014;2015-2018;AC;TIÃO VIANA;SEBASTIÃO AFONSO VIANA MACEDO NEVES;PT;2;;;232;2018;409;76.3;"{""2014"": 232, ""2015"": 217, ""2016"": 363, ""2017"": 516, ""2018"": 409}"
False;2014;2015-2018;AL;RENAN FILHO;JOSE RENAN VASCONCELOS CALHEIROS FILHO;PMDB;1;;;2085;2018;1440;-30.9;"{""2014"": 2085, ""2015"": 1748, ""2016"": 1820, ""2017"": 1811, ""2018"": 1440}"
False;2014;2015-2018;AM;JOSÉ MELO;JOSÉ MELO DE OLIVEIRA;PROS;2;;;1240;2018;1541;24.3;"{""2014"": 1240, ""2015"": 1472, ""2016"": 1452, ""2017"": 1674, ""2018"": 1541}"
False;2014;2015-2018;AP;WALDEZ;ANTÔNIO WALDEZ GÓES DA SILVA;PDT;2;;;256;2018;374;46.1;"{""2014"": 256, ""2015"": 293, ""2016"": 381, ""2017"": 332, ""2018"": 374}"
False;2014;2015-2018;BA;RUI COSTA;RUI COSTA DOS SANTOS;PT;1;;;5917;2018;6184;4.5;"{""2014"": 5917, ""2015"": 5787, ""2016"": 6807, ""2017"": 6873, ""2018"": 6184}"
False;2014;2015-2018;CE;CAMILO;CAMILO SOBREIRA DE SANTANA;PT;2;;;4625;2018;4893;5.8;"{""2014"": 4625, ""2015"": 4163, ""2016"": 3637, ""2017"": 5432, ""2018"": 4893}"
False;2014;2015-2018;DF;ROLLEMBERG;RODRIGO SOBRAL ROLLEMBERG;PSB;2;;;841;2018;528;-37.2;"{""2014"": 841, ""2015"": 741, ""2016"": 758, ""2017"": 608, ""2018"": 528}"
False;2014;2015-2018;ES;PAULO HARTUNG;PAULO CESAR HARTUNG GOMES;PMDB;1;;;1608;2018;1163;-27.7;"{""2014"": 1608, ""2015"": 1448, ""2016"": 1267, ""2017"": 1518, ""2018"": 1163}"
False;2014;2015-2018;GO;MARCONI PERILLO;MARCONI FERREIRA PERILLO JUNIOR;PSDB;2;;;2886;2018;2599;-9.9;"{""2014"": 2886, ""2015"": 2995, ""2016"": 3027, ""2017"": 2856, ""2018"": 2599}"
False;2014;2015-2018;MA;FLAVIO DINO;FLAVIO DINO DE CASTRO E COSTA;PC do B;1;;;2457;2018;1980;-19.4;"{""2014"": 2457, ""2015"": 2438, ""2016"": 2408, ""2017"": 2180, ""2018"": 1980}"
False;2014;2015-2018;MG;FERNANDO PIMENTEL;FERNANDO DAMATA PIMENTEL;PT;1;;;4718;2018;3355;-28.9;"{""2014"": 4718, ""2015"": 4525, ""2016"": 4615, ""2017"": 4278, ""2018"": 3355}"
False;2014;2015-2018;MS;REINALDO AZAMBUJA;REINALDO AZAMBUJA SILVA;PSDB;2;;;699;2018;535;-23.5;"{""2014"": 699, ""2015"": 627, ""2016"": 653, ""2017"": 632, ""2018"": 535}"
False;2014;2015-2018;MT;PEDRO TAQUES;JOSÉ PEDRO GONÇALVES TAQUES;PDT;1;;;1356;2018;971;-28.4;"{""2014"": 1356, ""2015"": 1199, ""2016"": 1179, ""2017"": 1096, ""2018"": 971}"
False;2014;2015-2018;PA;SIMÃO JATENE;SIMÃO ROBISON OLIVEIRA JATENE;PSDB;2;;;3443;2018;4506;30.9;"{""2014"": 3443, ""2015"": 3675, ""2016"": 4220, ""2017"": 4540, ""2018"": 4506}"
False;2014;2015-2018;PB;RICARDO COUTINHO;RICARDO VIEIRA COUTINHO;PSB;2;;;1551;2018;1237;-20.2;"{""2014"": 1551, ""2015"": 1521, ""2016"": 1355, ""2017"": 1337, ""2018"": 1237}"
False;2014;2015-2018;PE;PAULO CÂMARA;PAULO HENRIQUE SARAIVA CÂMARA;PSB;1;;;3358;2018;4188;24.7;"{""2014"": 3358, ""2015"": 3847, ""2016"": 4440, ""2017"": 5415, ""2018"": 4188}"
False;2014;2015-2018;PI;WELLINGTON DIAS;JOSÉ WELLINGTON BARROSO DE ARAÚJO DIAS;PT;1;;;716;2018;617;-13.8;"{""2014"": 716, ""2015"": 649, ""2016"": 701, ""2017"": 624, ""2018"": 617}"
False;2014;2015-2018;PR;BETO RICHA;CARLOS ALBERTO RICHA;PSDB;1;;;2957;2018;2308;-21.9;"{""2014"": 2957, ""2015"": 2861, ""2016"": 2992, ""2017"": 2663, ""2018"": 2308}"
False;2014;2015-2018;RJ;LUIZ FERNANDO PEZÃO;LUIZ FERNANDO DE SOUZA;PMDB;2;;;5397;2018;5619;4.1;"{""2014"": 5397, ""2015"": 4786, ""2016"": 5515, ""2017"": 5872, ""2018"": 5619}"
False;2014;2015-2018;RN;ROBINSON FARIA;ROBINSON MESQUITA DE FARIA;PSD;2;;;1602;2018;1824;13.9;"{""2014"": 1602, ""2015"": 1544, ""2016"": 1852, ""2017"": 2200, ""2018"": 1824}"
False;2014;2015-2018;RO;CONFUCIO MOURA;CONFUCIO AIRES MOURA;PMDB;2;;;577;2018;475;-17.7;"{""2014"": 577, ""2015"": 600, ""2016"": 700, ""2017"": 554, ""2018"": 475}"
False;2014;2015-2018;RR;SUELY CAMPOS;MARIA SUELY SILVA CAMPOS;PP;2;;;158;2018;413;161.4;"{""2014"": 158, ""2015"": 203, ""2016"": 203, ""2017"": 248, ""2018"": 413}"
False;2014;2015-2018;RS;JOSÉ IVO SARTORI;JOSÉ IVO SARTORI;PMDB;2;;;2710;2018;2667;-1.6;"{""2014"": 2710, ""2015"": 2920, ""2016"": 3188, ""2017"": 3280, ""2018"": 2667}"
False;2014;2015-2018;SC;RAIMUNDO COLOMBO;JOÃO RAIMUNDO COLOMBO;PSD;1;;;863;2018;802;-7.1;"{""2014"": 863, ""2015"": 932, ""2016"": 964, ""2017"": 1040, ""2018"": 802}"
False;2014;2015-2018;SE;JACKSON BARRETO;JACKSON BARRETO DE LIMA;PMDB;1;;;1097;2018;1133;3.3;"{""2014"": 1097, ""2015"": 1302, ""2016"": 1464, ""2017"": 1310, ""2018"": 1133}"
False;2014;2015-2018;SP;GERALDO ALCKMIN;GERALDO JOSE RODRIGUES ALCKMIN FILHO;PSDB;1;;;5952;2018;3599;-39.5;"{""2014"": 5952, ""2015"": 5150, ""2016"": 4616, ""2017"": 4320, ""2018"": 3599}"
False;2014;2015-2018;TO;MARCELO MIRANDA;MARCELO DE CARVALHO MIRANDA;PMDB;1;;;380;2018;554;45.8;"{""2014"": 380, ""2015"": 495, ""2016"": 566, ""2017"": 539, ""2018"": 554}"
False;2018;2019-2022;AC;GLADSON CAMELI;GLADSON DE LIMA CAMELI;PP;1;;;409;2022;238;-41.8;"{""2018"": 409, ""2019"": 325, ""2020"": 304, ""2021"": 205, ""2022"": 238}"
False;2018;2019-2022;AL;RENAN FILHO;JOSE RENAN VASCONCELOS CALHEIROS FILHO;MDB;1;;;1440;2022;1117;-22.4;"{""2018"": 1440, ""2019"": 1115, ""2020"": 1204, ""2021"": 1016, ""2022"": 1117}"
False;2018;2019-2022;AM;WILSON LIMA;WILSON MIRANDA LIMA;PSC;2;;;1541;2022;1770;14.9;"{""2018"": 1541, ""2019"": 1592, ""2020"": 1326, ""2021"": 1816, ""2022"": 1770}"
False;2018;2019-2022;AP;WALDEZ;ANTONIO WALDEZ GÓES DA SILVA;PDT;2;;;374;2022;306;-18.2;"{""2018"": 374, ""2019"": 330, ""2020"": 318, ""2021"": 404, ""2022"": 306}"
False;2018;2019-2022;BA;RUI COSTA;RUI COSTA DOS SANTOS;PT;1;;;6184;2022;5991;-3.1;"{""2018"": 6184, ""2019"": 5719, ""2020"": 6336, ""2021"": 6461, ""2022"": 5991}"
False;2018;2019-2022;CE;CAMILO;CAMILO SOBREIRA DE SANTANA;PT;1;;;4893;2022;3020;-38.3;"{""2018"": 4893, ""2019"": 2399, ""2020"": 3984, ""2021"": 3465, ""2022"": 3020}"
False;2018;2019-2022;DF;IBANEIS;IBANEIS ROCHA BARROS JUNIOR;MDB;2;;;528;2022;345;-34.7;"{""2018"": 528, ""2019"": 473, ""2020"": 442, ""2021"": 374, ""2022"": 345}"
False;2018;2019-2022;ES;RENATO CASAGRANDE;JOSE RENATO CASAGRANDE;PSB;1;;;1163;2022;1143;-1.7;"{""2018"": 1163, ""2019"": 1038, ""2020"": 1225, ""2021"": 1248, ""2022"": 1143}"
False;2018;2019-2022;GO;RONALDO CAIADO;RONALDO RAMOS CAIADO;DEM;1;;;2599;2022;1526;-41.3;"{""2018"": 2599, ""2019"": 2107, ""2020"": 2013, ""2021"": 1645, ""2022"": 1526}"
False;2018;2019-2022;MA;FLÁVIO DINO;FLÁVIO DINO DE CASTRO E COSTA;PC do B;1;;;1980;2022;1938;-2.1;"{""2018"": 1980, ""2019"": 1703, ""2020"": 2100, ""2021"": 1998, ""2022"": 1938}"
False;2018;2019-2022;MG;ROMEU ZEMA;ROMEU ZEMA NETO;NOVO;2;;;3355;2022;2686;-19.9;"{""2018"": 3355, ""2019"": 2866, ""2020"": 2731, ""2021"": 2561, ""2022"": 2686}"
False;2018;2019-2022;MS;REINALDO AZAMBUJA;REINALDO AZAMBUJA SILVA;PSDB;2;;;535;2022;510;-4.7;"{""2018"": 535, ""2019"": 462, ""2020"": 477, ""2021"": 528, ""2022"": 510}"
False;2018;2019-2022;MT;MAURO MENDES;MAURO MENDES FERREIRA;DEM;1;;;971;2022;1047;7.8;"{""2018"": 971, ""2019"": 890, ""2020"": 963, ""2021"": 871, ""2022"": 1047}"
False;2018;2019-2022;PA;HELDER;HELDER ZAHLUTH BARBALHO;MDB;2;;;4506;2022;2813;-37.6;"{""2018"": 4506, ""2019"": 3357, ""2020"": 2773, ""2021"": 2773, ""2022"": 2813}"
False;2018;2019-2022;PB;JOÃO;JOÃO AZEVEDO LINS FILHO;PSB;1;;;1237;2022;1105;-10.7;"{""2018"": 1237, ""2019"": 953, ""2020"": 1141, ""2021"": 1144, ""2022"": 1105}"
False;2018;2019-2022;PE;PAULO CÂMARA;PAULO HENRIQUE SARAIVA CÂMARA;PSB;1;;;4188;2022;3409;-18.6;"{""2018"": 4188, ""2019"": 3474, ""2020"": 3782, ""2021"": 3435, ""2022"": 3409}"
False;2018;2019-2022;PI;WELLINGTON DIAS;JOSÉ WELLINGTON BARROSO DE ARAÚJO DIAS;PT;1;;;617;2022;793;28.5;"{""2018"": 617, ""2019"": 569, ""2020"": 673, ""2021"": 765, ""2022"": 793}"
False;2018;2019-2022;PR;RATINHO JUNIOR;CARLOS ROBERTO MASSA JUNIOR;PSD;1;;;2308;2022;2238;-3.0;"{""2018"": 2308, ""2019"": 1900, ""2020"": 2060, ""2021"": 2071, ""2022"": 2238}"
False;2018;2019-2022;RJ;WILSON WITZEL;WILSON JOSÉ WITZEL;PSC;2;;;5619;2022;3431;-38.9;"{""2018"": 5619, ""2019"": 3244, ""2020"": 4237, ""2021"": 4054, ""2022"": 3431}"
False;2018;2019-2022;RN;FATIMA BEZERRA;MARIA DE FATIMA BEZERRA;PT;2;;;1824;2022;1167;-36.0;"{""2018"": 1824, ""2019"": 1345, ""2020"": 1403, ""2021"": 1176, ""2022"": 1167}"
False;2018;2019-2022;RO;CORONEL MARCOS ROCHA;MARCOS JOSE ROCHA DOS SANTOS;PSL;2;;;475;2022;598;25.9;"{""2018"": 475, ""2019"": 447, ""2020"": 456, ""2021"": 535, ""2022"": 598}"
False;2018;2019-2022;RR;ANTONIO DENARIUM;ANTONIO OLIVERIO GARCIA DE ALMEIDA;PSL;2;;;413;2022;229;-44.6;"{""2018"": 413, ""2019"": 233, ""2020"": 236, ""2021"": 257, ""2022"": 229}"
False;2018;2019-2022;RS;EDUARDO LEITE;EDUARDO FIGUEIREDO CAVALHEIRO LEITE;PSDB;2;;;2667;2022;1962;-26.4;"{""2018"": 2667, ""2019"": 2166, ""2020"": 2088, ""2021"": 1874, ""2022"": 1962}"
False;2018;2019-2022;SC;COMANDANTE MOISÉS;CARLOS MOISÉS DA SILVA;PSL;2;;;802;2022;645;-19.6;"{""2018"": 802, ""2019"": 732, ""2020"": 693, ""2021"": 683, ""2022"": 645}"
False;2018;2019-2022;SE;BELIVALDO;BELIVALDO CHAGAS SILVA;PSD;2;;;1133;2022;764;-32.6;"{""2018"": 1133, ""2019"": 968, ""2020"": 976, ""2021"": 787, ""2022"": 764}"
False;2018;2019-2022;SP;JOÃO DORIA;JOÃO AGRIPINO DA COSTA DORIA JUNIOR;PSDB;2;;;3599;2022;3126;-13.1;"{""2018"": 3599, ""2019"": 3179, ""2020"": 3261, ""2021"": 2984, ""2022"": 3126}"
False;2018;2019-2022;TO;MAURO CARLESSE;MAURO CARLESSE;PHS;1;;;554;2022;450;-18.8;"{""2018"": 554, ""2019"": 447, ""2020"": 478, ""2021"": 432, ""2022"": 450}"
False;2022;2023-2026;AC;GLADSON CAMELI;GLADSON DE LIMA CAMELI;PP;1;;;238;2025;183;-23.1;"{""2022"": 238, ""2023"": 216, ""2024"": 173, ""2025"": 183, ""2026"": 55}"
False;2022;2023-2026;AL;PAULO DANTAS;PAULO SURUAGY DO AMARAL DANTAS;MDB;2;;;1117;2025;1107;-0.9;"{""2022"": 1117, ""2023"": 1145, ""2024"": 1148, ""2025"": 1107, ""2026"": 283}"
False;2022;2023-2026;AM;WILSON LIMA;WILSON MIRANDA LIMA;UNIÃO;2;;;1770;2025;842;-52.4;"{""2022"": 1770, ""2023"": 1555, ""2024"": 1326, ""2025"": 842, ""2026"": 236}"
False;2022;2023-2026;AP;CLÉCIO;CLÉCIO LUÍS VILHENA VIEIRA;SOLIDARIEDADE;1;;;306;2025;232;-24.2;"{""2022"": 306, ""2023"": 385, ""2024"": 257, ""2025"": 232, ""2026"": 70}"
False;2022;2023-2026;BA;JERÔNIMO;JERÔNIMO RODRIGUES SOUZA;PT;2;;;5991;2025;4549;-24.1;"{""2022"": 5991, ""2023"": 5829, ""2024"": 4922, ""2025"": 4549, ""2026"": 1343}"
False;2022;2023-2026;CE;ELMANO DE FREITAS;ELMANO DE FREITAS DA COSTA;PT;1;;;3020;2025;2588;-14.3;"{""2022"": 3020, ""2023"": 2980, ""2024"": 3152, ""2025"": 2588, ""2026"": 576}"
False;2022;2023-2026;DF;IBANEIS ROCHA;IBANEIS ROCHA BARROS JÚNIOR;MDB;1;;;345;2025;260;-24.6;"{""2022"": 345, ""2023"": 321, ""2024"": 293, ""2025"": 260, ""2026"": 76}"
False;2022;2023-2026;ES;RENATO CASAGRANDE;JOSÉ RENATO CASAGRANDE;PSB;2;;;1143;2025;919;-19.6;"{""2022"": 1143, ""2023"": 1154, ""2024"": 1043, ""2025"": 919, ""2026"": 290}"
False;2022;2023-2026;GO;RONALDO CAIADO;RONALDO RAMOS CAIADO;UNIÃO;1;;;1526;2025;1102;-27.8;"{""2022"": 1526, ""2023"": 1439, ""2024"": 1222, ""2025"": 1102, ""2026"": 346}"
False;2022;2023-2026;MA;CARLOS BRANDÃO;CARLOS ORLEANS BRANDÃO JÚNIOR;PSB;1;;;1938;2025;2135;10.2;"{""2022"": 1938, ""2023"": 2005, ""2024"": 2160, ""2025"": 2135, ""2026"": 735}"
False;2022;2023-2026;MG;ZEMA;ROMEU ZEMA NETO;NOVO;1;;;2686;2025;2175;-19.0;"{""2022"": 2686, ""2023"": 2772, ""2024"": 2692, ""2025"": 2175, ""2026"": 544}"
False;2022;2023-2026;MS;EDUARDO RIEDEL;EDUARDO CORREA RIEDEL;PSDB;2;;;510;2025;437;-14.3;"{""2022"": 510, ""2023"": 494, ""2024"": 453, ""2025"": 437, ""2026"": 155}"
False;2022;2023-2026;MT;MAURO MENDES;MAURO MENDES FERREIRA;UNIÃO;1;;;1047;2025;795;-24.1;"{""2022"": 1047, ""2023"": 1074, ""2024"": 1038, ""2025"": 795, ""2026"": 222}"
False;2022;2023-2026;PA;HELDER;HELDER ZAHLUTH BARBALHO;MDB;1;;;2813;2025;2168;-22.9;"{""2022"": 2813, ""2023"": 2499, ""2024"": 2233, ""2025"": 2168, ""2026"": 727}"
False;2022;2023-2026;PB;JOÃO;JOÃO AZEVEDO LINS FILHO;PSB;2;;;1105;2025;1006;-9.0;"{""2022"": 1105, ""2023"": 1078, ""2024"": 1055, ""2025"": 1006, ""2026"": 335}"
False;2022;2023-2026;PE;RAQUEL LYRA;RAQUEL TEIXEIRA LYRA LUCENA;PSDB;2;;;3409;2025;3146;-7.7;"{""2022"": 3409, ""2023"": 3685, ""2024"": 3508, ""2025"": 3146, ""2026"": 860}"
False;2022;2023-2026;PI;RAFAEL FONTELES;RAFAEL TAJRA FONTELES;PT;1;;;793;2025;542;-31.7;"{""2022"": 793, ""2023"": 724, ""2024"": 691, ""2025"": 542, ""2026"": 161}"
False;2022;2023-2026;PR;CARLOS MASSA RATINHO JUNIOR;CARLOS ROBERTO MASSA JUNIOR;PSD;1;;;2238;2025;1473;-34.2;"{""2022"": 2238, ""2023"": 1979, ""2024"": 1858, ""2025"": 1473, ""2026"": 458}"
False;2022;2023-2026;RJ;CLÁUDIO CASTRO;CLÁUDIO BOMFIM DE CASTRO E SILVA;PL;1;;;3431;2025;2798;-18.4;"{""2022"": 3431, ""2023"": 3826, ""2024"": 3270, ""2025"": 2798, ""2026"": 613}"
False;2022;2023-2026;RN;FATIMA BEZERRA;MARIA DE FATIMA BEZERRA;PT;1;;;1167;2025;877;-24.9;"{""2022"": 1167, ""2023"": 914, ""2024"": 797, ""2025"": 877, ""2026"": 329}"
False;2022;2023-2026;RO;CORONEL MARCOS ROCHA;MARCOS JOSÉ ROCHA DOS SANTOS;UNIÃO;2;;;598;2025;505;-15.6;"{""2022"": 598, ""2023"": 547, ""2024"": 520, ""2025"": 505, ""2026"": 128}"
False;2022;2023-2026;RR;ANTONIO DENARIUM;ANTONIO OLIVERIO GARCIA DE ALMEIDA;PP;1;;;229;2025;217;-5.2;"{""2022"": 229, ""2023"": 208, ""2024"": 169, ""2025"": 217, ""2026"": 46}"
False;2022;2023-2026;RS;EDUARDO LEITE;EDUARDO FIGUEIREDO CAVALHEIRO LEITE;PSDB;2;;;1962;2025;1246;-36.5;"{""2022"": 1962, ""2023"": 1976, ""2024"": 1700, ""2025"": 1246, ""2026"": 378}"
False;2022;2023-2026;SC;JORGINHO MELLO;JORGINHO DOS SANTOS MELLO;PL;2;;;645;2025;538;-16.6;"{""2022"": 645, ""2023"": 620, ""2024"": 609, ""2025"": 538, ""2026"": 190}"
False;2022;2023-2026;SE;FÁBIO;FÁBIO CRUZ MITIDIERI;PSD;2;;;764;2025;495;-35.2;"{""2022"": 764, ""2023"": 692, ""2024"": 524, ""2025"": 495, ""2026"": 194}"
False;2022;2023-2026;SP;TARCÍSIO;TARCISIO GOMES DE FREITAS;REPUBLICANOS;2;;;3126;2025;2598;-16.9;"{""2022"": 3126, ""2023"": 2917, ""2024"": 2833, ""2025"": 2598, ""2026"": 856}"
False;2022;2023-2026;TO;WANDERLEI BARBOSA;WANDERLEI BARBOSA CASTRO;REPUBLICANOS;1;;;450;2025;298;-33.8;"{""2022"": 450, ""2023"": 409, ""2024"": 300, ""2025"": 298, ""2026"": 106}"
