uf;mandato;partido;posicao_2018;via;variacao_taxa_uf_pct;variacao_taxa_brasil_pct;diferenca_pontos
AL;1991-1994;PSC;8.33;propria;-20.7;-4.5;-16.2
AM;1991-1994;PMDB;7.01;linhagem: PMDB renomeado MDB, 15/05/2018;-6.3;-4.5;-1.9
AP;1991-1994;PFL;8.57;linhagem: PFL renomeado DEM, 12/06/2007;141.4;-4.5;145.8
BA;1991-1994;PFL;8.57;linhagem: PFL renomeado DEM, 12/06/2007;87.2;-4.5;91.6
CE;1991-1994;PSDB;7.11;propria;8.2;-4.5;12.6
ES;1991-1994;PDT;3.92;propria;22.6;-4.5;27.1
GO;1991-1994;PMDB;7.01;linhagem: PMDB renomeado MDB, 15/05/2018;5.2;-4.5;9.7
MA;1991-1994;PFL;8.57;linhagem: PFL renomeado DEM, 12/06/2007;-33.6;-4.5;-29.1
MS;1991-1994;PTB;6.1;propria;38.7;-4.5;43.2
MT;1991-1994;PFL;8.57;linhagem: PFL renomeado DEM, 12/06/2007;-34.3;-4.5;-29.8
PA;1991-1994;PMDB;7.01;linhagem: PMDB renomeado MDB, 15/05/2018;-14.1;-4.5;-9.6
PB;1991-1994;PMDB;7.01;linhagem: PMDB renomeado MDB, 15/05/2018;-16.4;-4.5;-12.0
PE;1991-1994;PFL;8.57;linhagem: PFL renomeado DEM, 12/06/2007;-9.8;-4.5;-5.3
PI;1991-1994;PFL;8.57;linhagem: PFL renomeado DEM, 12/06/2007;-15.2;-4.5;-10.7
PR;1991-1994;PMDB;7.01;linhagem: PMDB renomeado MDB, 15/05/2018;4.2;-4.5;8.7
RJ;1991-1994;PDT;3.92;propria;-13.2;-4.5;-8.7
RR;1991-1994;PTB;6.1;propria;-50.2;-4.5;-45.8
RS;1991-1994;PDT;3.92;propria;-24.9;-4.5;-20.5
SC;1991-1994;PFL;8.57;linhagem: PFL renomeado DEM, 12/06/2007;-16.9;-4.5;-12.4
SE;1991-1994;PFL;8.57;linhagem: PFL renomeado DEM, 12/06/2007;109.7;-4.5;114.1
SP;1991-1994;PMDB;7.01;linhagem: PMDB renomeado MDB, 15/05/2018;-2.1;-4.5;2.3
TO;1991-1994;PMDB;7.01;linhagem: PMDB renomeado MDB, 15/05/2018;83.8;-4.5;88.3
AC;1999-2002;PT;2.97;propria;20.2;9.8;10.5
AL;1999-2002;PSB;4.05;propria;58.5;9.8;48.8
AM;1999-2002;PFL;8.57;linhagem: PFL renomeado DEM, 12/06/2007;-18.2;9.8;-28.0
AP;1999-2002;PSB;4.05;propria;-7.8;9.8;-17.6
BA;1999-2002;PFL;8.57;linhagem: PFL renomeado DEM, 12/06/2007;33.5;9.8;23.7
CE;1999-2002;PSDB;7.11;propria;39.9;9.8;30.1
DF;1999-2002;PMDB;7.01;linhagem: PMDB renomeado MDB, 15/05/2018;-9.2;9.8;-19.0
ES;1999-2002;PSDB;7.11;propria;-11.2;9.8;-21.0
GO;1999-2002;PSDB;7.11;propria;77.2;9.8;67.4
MA;1999-2002;PFL;8.57;linhagem: PFL renomeado DEM, 12/06/2007;101.9;9.8;92.2
MG;1999-2002;PMDB;7.01;linhagem: PMDB renomeado MDB, 15/05/2018;84.7;9.8;74.9
MS;1999-2002;PT;2.97;propria;-4.8;9.8;-14.6
MT;1999-2002;PSDB;7.11;propria;2.1;9.8;-7.6
PA;1999-2002;PSDB;7.11;propria;38.0;9.8;28.3
PB;1999-2002;PMDB;7.01;linhagem: PMDB renomeado MDB, 15/05/2018;28.3;9.8;18.5
PE;1999-2002;PMDB;7.01;linhagem: PMDB renomeado MDB, 15/05/2018;-7.5;9.8;-17.2
PI;1999-2002;PFL;8.57;linhagem: PFL renomeado DEM, 12/06/2007;106.1;9.8;96.3
PR;1999-2002;PFL;8.57;linhagem: PFL renomeado DEM, 12/06/2007;30.2;9.8;20.5
RJ;1999-2002;PDT;3.92;propria;1.9;9.8;-7.9
RN;1999-2002;PMDB;7.01;linhagem: PMDB renomeado MDB, 15/05/2018;23.9;9.8;14.2
RO;1999-2002;PFL;8.57;linhagem: PFL renomeado DEM, 12/06/2007;11.0;9.8;1.2
RR;1999-2002;PPB;8.2;linhagem: PPB renomeado PP, 29/05/2003;-31.1;9.8;-40.8
RS;1999-2002;PT;2.97;propria;19.2;9.8;9.5
SC;1999-2002;PPB;8.2;linhagem: PPB renomeado PP, 29/05/2003;27.8;9.8;18.0
SE;1999-2002;PSDB;7.11;propria;189.5;9.8;179.7
SP;1999-2002;PSDB;7.11;propria;-4.3;9.8;-14.0
TO;1999-2002;PFL;8.57;linhagem: PFL renomeado DEM, 12/06/2007;20.2;9.8;10.5
AC;2003-2006;PT;2.97;propria;-10.6;-7.5;-3.0
AL;2003-2006;PSB;4.05;propria;54.5;-7.5;62.1
AM;2003-2006;PPS;4.92;propria;21.9;-7.5;29.4
AP;2003-2006;PDT;3.92;propria;-6.4;-7.5;1.2
BA;2003-2006;PFL;8.57;linhagem: PFL renomeado DEM, 12/06/2007;78.5;-7.5;86.1
CE;2003-2006;PSDB;7.11;propria;15.6;-7.5;23.1
DF;2003-2006;PMDB;7.01;linhagem: PMDB renomeado MDB, 15/05/2018;-7.3;-7.5;0.2
ES;2003-2006;PSB;4.05;propria;-0.9;-7.5;6.6
GO;2003-2006;PSDB;7.11;propria;0.2;-7.5;7.8
MA;2003-2006;PFL;8.57;linhagem: PFL renomeado DEM, 12/06/2007;49.1;-7.5;56.6
MG;2003-2006;PSDB;7.11;propria;31.4;-7.5;38.9
MS;2003-2006;PT;2.97;propria;-7.8;-7.5;-0.3
MT;2003-2006;PPS;4.92;propria;-13.9;-7.5;-6.4
PA;2003-2006;PSDB;7.11;propria;57.8;-7.5;65.3
PB;2003-2006;PSDB;7.11;propria;30.9;-7.5;38.5
PE;2003-2006;PMDB;7.01;linhagem: PMDB renomeado MDB, 15/05/2018;-3.3;-7.5;4.2
PI;2003-2006;PT;2.97;propria;29.5;-7.5;37.1
PR;2003-2006;PMDB;7.01;linhagem: PMDB renomeado MDB, 15/05/2018;30.3;-7.5;37.9
RJ;2003-2006;PSB;4.05;propria;-19.1;-7.5;-11.5
RN;2003-2006;PSB;4.05;propria;42.6;-7.5;50.2
RO;2003-2006;PSDB;7.11;propria;-13.0;-7.5;-5.4
RR;2003-2006;PSL;8.11;propria;-21.8;-7.5;-14.2
RS;2003-2006;PMDB;7.01;linhagem: PMDB renomeado MDB, 15/05/2018;-2.1;-7.5;5.4
SC;2003-2006;PMDB;7.01;linhagem: PMDB renomeado MDB, 15/05/2018;7.5;-7.5;15.0
SE;2003-2006;PFL;8.57;linhagem: PFL renomeado DEM, 12/06/2007;-2.9;-7.5;4.6
SP;2003-2006;PSDB;7.11;propria;-47.5;-7.5;-40.0
TO;2003-2006;PFL;8.57;linhagem: PFL renomeado DEM, 12/06/2007;21.7;-7.5;29.2
AC;2007-2010;PT;2.97;propria;-2.2;4.1;-6.4
AL;2007-2010;PSDB;7.11;propria;26.1;4.1;22.0
AM;2007-2010;PMDB;7.01;linhagem: PMDB renomeado MDB, 15/05/2018;47.1;4.1;43.0
AP;2007-2010;PDT;3.92;propria;18.4;4.1;14.3
BA;2007-2010;PT;2.97;propria;74.2;4.1;70.1
CE;2007-2010;PSB;4.05;propria;45.8;4.1;41.7
DF;2007-2010;PFL;8.57;linhagem: PFL renomeado DEM, 12/06/2007;10.5;4.1;6.3
ES;2007-2010;PMDB;7.01;linhagem: PMDB renomeado MDB, 15/05/2018;0.2;4.1;-3.9
GO;2007-2010;PP;8.2;propria;25.3;4.1;21.1
MA;2007-2010;PDT;3.92;propria;48.0;4.1;43.9
MG;2007-2010;PSDB;7.11;propria;-13.3;4.1;-17.4
MS;2007-2010;PMDB;7.01;linhagem: PMDB renomeado MDB, 15/05/2018;-10.5;4.1;-14.6
MT;2007-2010;PPS;4.92;propria;2.1;4.1;-2.0
PA;2007-2010;PT;2.97;propria;59.2;4.1;55.0
PB;2007-2010;PSDB;7.11;propria;69.9;4.1;65.7
PE;2007-2010;PSB;4.05;propria;-25.0;4.1;-29.1
PI;2007-2010;PT;2.97;propria;-4.3;4.1;-8.4
PR;2007-2010;PMDB;7.01;linhagem: PMDB renomeado MDB, 15/05/2018;15.0;4.1;10.9
RJ;2007-2010;PMDB;7.01;linhagem: PMDB renomeado MDB, 15/05/2018;-28.0;4.1;-32.1
RN;2007-2010;PSB;4.05;propria;71.0;4.1;66.9
RO;2007-2010;PPS;4.92;propria;-6.7;4.1;-10.8
RR;2007-2010;PSDB;7.11;propria;-2.4;4.1;-6.5
RS;2007-2010;PSDB;7.11;propria;7.5;4.1;3.4
SC;2007-2010;PMDB;7.01;linhagem: PMDB renomeado MDB, 15/05/2018;17.9;4.1;13.8
SE;2007-2010;PT;2.97;propria;12.0;4.1;7.9
SP;2007-2010;PSDB;7.11;propria;-28.8;4.1;-33.0
TO;2007-2010;PMDB;7.01;linhagem: PMDB renomeado MDB, 15/05/2018;37.9;4.1;33.8
AC;2011-2014;PT;2.97;propria;30.5;7.4;23.1
AL;2011-2014;PSDB;7.11;propria;-6.1;7.4;-13.6
AM;2011-2014;PMN;6.88;propria;3.1;7.4;-4.4
AP;2011-2014;PSB;4.05;propria;-12.2;7.4;-19.6
BA;2011-2014;PT;2.97;propria;-4.7;7.4;-12.2
CE;2011-2014;PSB;4.05;propria;64.5;7.4;57.1
DF;2011-2014;PT;2.97;propria;-3.6;7.4;-11.0
ES;2011-2014;PSB;4.05;propria;-18.8;7.4;-26.3
GO;2011-2014;PSDB;7.11;propria;34.2;7.4;26.8
MA;2011-2014;PMDB;7.01;linhagem: PMDB renomeado MDB, 15/05/2018;55.6;7.4;48.2
MG;2011-2014;PSDB;7.11;propria;22.5;7.4;15.0
MS;2011-2014;PMDB;7.01;linhagem: PMDB renomeado MDB, 15/05/2018;1.2;7.4;-6.3
MT;2011-2014;PMDB;7.01;linhagem: PMDB renomeado MDB, 15/05/2018;31.5;7.4;24.0
PA;2011-2014;PSDB;7.11;propria;-8.1;7.4;-15.5
PB;2011-2014;PSB;4.05;propria;1.8;7.4;-5.6
PE;2011-2014;PSB;4.05;propria;-8.2;7.4;-15.7
PI;2011-2014;PSB;4.05;propria;70.0;7.4;62.6
PR;2011-2014;PSDB;7.11;propria;-22.0;7.4;-29.5
RJ;2011-2014;PMDB;7.01;linhagem: PMDB renomeado MDB, 15/05/2018;-0.2;7.4;-7.6
RN;2011-2014;DEM;8.57;propria;83.8;7.4;76.4
RO;2011-2014;PMDB;7.01;linhagem: PMDB renomeado MDB, 15/05/2018;-5.4;7.4;-12.8
RR;2011-2014;PSDB;7.11;propria;18.4;7.4;10.9
RS;2011-2014;PT;2.97;propria;25.1;7.4;17.7
SC;2011-2014;DEM;8.57;propria;-2.4;7.4;-9.8
SE;2011-2014;PT;2.97;propria;51.2;7.4;43.8
SP;2011-2014;PSDB;7.11;propria;-4.6;7.4;-12.1
TO;2011-2014;PSDB;7.11;propria;8.1;7.4;0.6
AC;2015-2018;PT;2.97;propria;60.2;-8.9;69.1
AL;2015-2018;PMDB;7.01;linhagem: PMDB renomeado MDB, 15/05/2018;-31.0;-8.9;-22.1
AM;2015-2018;PROS;7.47;propria;18.0;-8.9;26.9
AP;2015-2018;PDT;3.92;propria;32.3;-8.9;41.1
BA;2015-2018;PT;2.97;propria;6.7;-8.9;15.6
CE;2015-2018;PT;2.97;propria;3.1;-8.9;12.0
DF;2015-2018;PSB;4.05;propria;-39.8;-8.9;-30.9
ES;2015-2018;PMDB;7.01;linhagem: PMDB renomeado MDB, 15/05/2018;-29.3;-8.9;-20.4
GO;2015-2018;PSDB;7.11;propria;-15.1;-8.9;-6.2
MA;2015-2018;PC do B;1.92;propria;-21.5;-8.9;-12.6
MG;2015-2018;PT;2.97;propria;-29.9;-8.9;-21.0
MS;2015-2018;PSDB;7.11;propria;-27.0;-8.9;-18.2
MT;2015-2018;PDT;3.92;propria;-32.9;-8.9;-24.0
PA;2015-2018;PSDB;7.11;propria;24.1;-8.9;33.0
PB;2015-2018;PSB;4.05;propria;-21.3;-8.9;-12.4
PE;2015-2018;PSB;4.05;propria;21.8;-8.9;30.7
PI;2015-2018;PT;2.97;propria;-15.7;-8.9;-6.8
PR;2015-2018;PSDB;7.11;propria;-23.8;-8.9;-14.9
RJ;2015-2018;PMDB;7.01;linhagem: PMDB renomeado MDB, 15/05/2018;-0.1;-8.9;8.8
RN;2015-2018;PSD;7.09;propria, so' o registrado em 27/09/2011;11.6;-8.9;20.4
RO;2015-2018;PMDB;7.01;linhagem: PMDB renomeado MDB, 15/05/2018;-18.1;-8.9;-9.2
RR;2015-2018;PP;8.2;propria;125.3;-8.9;134.2
RS;2015-2018;PMDB;7.01;linhagem: PMDB renomeado MDB, 15/05/2018;-2.6;-8.9;6.2
SC;2015-2018;PSD;7.09;propria, so' o registrado em 27/09/2011;-11.6;-8.9;-2.8
SE;2015-2018;PMDB;7.01;linhagem: PMDB renomeado MDB, 15/05/2018;0.6;-8.9;9.5
SP;2015-2018;PSDB;7.11;propria;-41.5;-8.9;-32.6
TO;2015-2018;PMDB;7.01;linhagem: PMDB renomeado MDB, 15/05/2018;40.3;-8.9;49.2
AC;2019-2022;PP;8.2;propria;-39.1;-18.5;-20.5
AL;2019-2022;MDB;7.01;propria;-17.6;-18.5;0.9
AM;2019-2022;PSC;8.33;propria;18.9;-18.5;37.4
AP;2019-2022;PDT;3.92;propria;-7.5;-18.5;11.0
BA;2019-2022;PT;2.97;propria;1.5;-18.5;20.0
CE;2019-2022;PT;2.97;propria;-36.3;-18.5;-17.8
DF;2019-2022;MDB;7.01;propria;-31.0;-18.5;-12.5
ES;2019-2022;PSB;4.05;propria;1.8;-18.5;20.4
GO;2019-2022;DEM;8.57;propria;-42.4;-18.5;-23.9
MA;2019-2022;PC do B;1.92;propria;1.6;-18.5;20.2
MG;2019-2022;NOVO;8.13;propria;-18.0;-18.5;0.5
MS;2019-2022;PSDB;7.11;propria;-5.0;-18.5;13.6
MT;2019-2022;DEM;8.57;propria;1.4;-18.5;20.0
PA;2019-2022;MDB;7.01;propria;-34.6;-18.5;-16.0
PB;2019-2022;PSB;4.05;propria;-10.2;-18.5;8.4
PE;2019-2022;PSB;4.05;propria;-14.7;-18.5;3.9
PI;2019-2022;PT;2.97;propria;28.3;-18.5;46.8
PR;2019-2022;PSD;7.09;propria, so' o registrado em 27/09/2011;-3.8;-18.5;14.7
RJ;2019-2022;PSC;8.33;propria;-34.7;-18.5;-16.2
RN;2019-2022;PT;2.97;propria;-32.6;-18.5;-14.1
RO;2019-2022;PSL;8.11;propria;39.9;-18.5;58.5
RR;2019-2022;PSL;8.11;propria;-49.8;-18.5;-31.3
RS;2019-2022;PSDB;7.11;propria;-23.4;-18.5;-4.9
SC;2019-2022;PSL;8.11;propria;-25.2;-18.5;-6.7
SE;2019-2022;PSD;7.09;propria, so' o registrado em 27/09/2011;-30.5;-18.5;-11.9
SP;2019-2022;PSDB;7.11;propria;-10.9;-18.5;7.6
TO;2019-2022;PHS;6.96;propria;-16.4;-18.5;2.1
AC;2023-2026;PP;8.2;propria;-27.8;-24.4;-3.4
AL;2023-2026;MDB;7.01;propria;-3.8;-24.4;20.7
AP;2023-2026;SOLIDARIEDADE;6.5;propria;-31.0;-24.4;-6.6
BA;2023-2026;PT;2.97;propria;-27.8;-24.4;-3.4
CE;2023-2026;PT;2.97;propria;-18.7;-24.4;5.8
DF;2023-2026;MDB;7.01;propria;-29.2;-24.4;-4.7
ES;2023-2026;PSB;4.05;propria;-25.3;-24.4;-0.9
MA;2023-2026;PSB;4.05;propria;6.4;-24.4;30.8
MG;2023-2026;NOVO;8.13;propria;-22.3;-24.4;2.2
MS;2023-2026;PSDB;7.11;propria;-19.2;-24.4;5.2
PA;2023-2026;MDB;7.01;propria;-28.2;-24.4;-3.7
PB;2023-2026;PSB;4.05;propria;-13.1;-24.4;11.3
PE;2023-2026;PSDB;7.11;propria;-12.6;-24.4;11.9
PI;2023-2026;PT;2.97;propria;-33.9;-24.4;-9.5
PR;2023-2026;PSD;7.09;propria, so' o registrado em 27/09/2011;-36.7;-24.4;-12.2
RJ;2023-2026;PL;7.78;linhagem: PR renomeado PL, 09/02/2019;-24.0;-24.4;0.5
RN;2023-2026;PT;2.97;propria;-28.2;-24.4;-3.7
RR;2023-2026;PP;8.2;propria;-18.3;-24.4;6.1
RS;2023-2026;PSDB;7.11;propria;-38.5;-24.4;-14.0
SC;2023-2026;PL;7.78;linhagem: PR renomeado PL, 09/02/2019;-22.5;-24.4;2.0
SE;2023-2026;PSD;7.09;propria, so' o registrado em 27/09/2011;-37.7;-24.4;-13.3
SP;2023-2026;REPUBLICANOS;7.78;linhagem: PRB renomeado Republicanos, 15/08/2019;-19.9;-24.4;4.5
TO;2023-2026;REPUBLICANOS;7.78;linhagem: PRB renomeado Republicanos, 15/08/2019;-36.9;-24.4;-12.5
