parte;titulo;nome;primeiro_artigo;ultimo_artigo;artigos_no_titulo
GERAL;I;DA APLICAÇÃO DA LEI PENAL;1;12;12
GERAL;II;DO CRIME;13;25;13
GERAL;III;DA IMPUTABILIDADE PENAL;26;28;3
GERAL;IV;DO CONCURSO DE PESSOAS;29;31;3
GERAL;V;DAS PENAS;32;95;65
GERAL;VI;DAS MEDIDAS DE SEGURANÇA;96;99;4
GERAL;VII;DA AÇÃO PENAL;100;106;7
GERAL;VIII;DA EXTINÇÃO DA PUNIBILIDADE;107;120;14
ESPECIAL;I;DOS CRIMES CONTRA A PESSOA;121;154-B;44
ESPECIAL;II;DOS CRIMES CONTRA O PATRIMÔNIO;155;183-A;33
ESPECIAL;III;DOS CRIMES CONTRA A PROPRIEDADE IMATERIAL;184;196;13
ESPECIAL;IV;DOS CRIMES CONTRA A ORGANIZAÇÃO DO TRABALHO;197;207;11
ESPECIAL;V;DOS CRIMES CONTRA O SENTIMENTO RELIGIOSO E CONTRA O RESPEITO AOS MORTOS;208;212;5
ESPECIAL;VI;DOS CRIMES CONTRA A DIGNIDADE SEXUAL;213;234-C;34
ESPECIAL;VII;DOS CRIMES CONTRA A FAMÍLIA;235;249;15
ESPECIAL;VIII;DOS CRIMES CONTRA A INCOLUMIDADE PÚBLICA;250;285;36
ESPECIAL;IX;DOS CRIMES CONTRA A PAZ PÚBLICA;286;288-A;4
ESPECIAL;X;DOS CRIMES CONTRA A FÉ PÚBLICA;289;311-A;24
ESPECIAL;XI;DOS CRIMES CONTRA A ADMINISTRAÇÃO PÚBLICA;312;359-H;78
ESPECIAL;XII;DOS CRIMES CONTRA O ESTADO DEMOCRÁTICO DE DIREITO;359-I;361;14
