artigo;teto_medido_meses;fator;teto_efetivo_meses
157;480.0;3.0;1440.0
129;480.0;1.6667;800.02
121;480.0;1.3333;639.98
121;480.0;1.3333;639.98
121;480.0;1.3333;639.98
159;360.0;1.6667;600.01
158;144.0;3.0;432.0
267;180.0;2.0;360.0
359;180.0;2.0;360.0
359;144.0;2.0;288.0
359;144.0;2.0;288.0
218;192.0;1.3333;255.99
133;168.0;1.3333;223.99
136;168.0;1.3333;223.99
218;168.0;1.3333;223.99
171;96.0;2.0;192.0
180;96.0;2.0;192.0
180;96.0;2.0;192.0
218;144.0;1.3333;192.0
317;144.0;1.3333;192.0
333;144.0;1.3333;192.0
337;96.0;2.0;192.0
337;96.0;2.0;192.0
337;96.0;2.0;192.0
337;96.0;2.0;192.0
337;96.0;2.0;192.0
359;96.0;2.0;192.0
359;96.0;2.0;192.0
155;120.0;1.5;180.0
218;120.0;1.3333;160.0
122;72.0;2.0;144.0
149;96.0;1.5;144.0
149;96.0;1.5;144.0
337;72.0;2.0;144.0
359;72.0;2.0;144.0
359;72.0;2.0;144.0
359;72.0;2.0;144.0
311;96.0;1.3333;128.0
171;60.0;2.0;120.0
334;60.0;2.0;120.0
337;60.0;2.0;120.0
337;60.0;2.0;120.0
337;60.0;2.0;120.0
337;60.0;2.0;120.0
154;60.0;1.6667;100.0
146;48.0;2.0;96.0
250;72.0;1.3333;96.0
251;72.0;1.3333;96.0
266;48.0;2.0;96.0
311;72.0;1.3333;96.0
334;48.0;2.0;96.0
359;48.0;2.0;96.0
359;48.0;2.0;96.0
359;48.0;2.0;96.0
359;48.0;2.0;96.0
168;60.0;1.3333;80.0
357;60.0;1.3333;80.0
147;36.0;2.0;72.0
337;36.0;2.0;72.0
337;36.0;2.0;72.0
337;36.0;2.0;72.0
337;36.0;2.0;72.0
232;60.0;1.1667;70.0
168;48.0;1.3333;64.0
342;48.0;1.3333;64.0
343;48.0;1.3333;64.0
344;48.0;1.3333;64.0
151;36.0;1.5;54.0
147;24.0;2.0;48.0
147;24.0;2.0;48.0
207;36.0;1.3333;48.0
337;24.0;2.0;48.0
347;24.0;2.0;48.0
359;24.0;2.0;48.0
359;24.0;2.0;48.0
359;24.0;2.0;48.0
359;24.0;2.0;48.0
203;24.0;1.3333;32.0
216;24.0;1.3333;32.0
264;24.0;1.3333;32.0
135;12.0;2.0;24.0
146;12.0;2.0;24.0
359;12.0;2.0;24.0
154;12.0;1.6667;20.0
132;12.0;1.3333;16.0
208;12.0;1.3333;16.0
209;12.0;1.3333;16.0
216;12.0;1.3333;16.0
268;12.0;1.3333;16.0
135;6.0;2.0;12.0
147;6.0;2.0;12.0
