nome;inicio;fim;forma;marca;fonte;acesso;trecho
Getúlio Vargas;1937-11-10;1945-10-29;Estado Novo, sem eleição;deduzido;http://www.biblioteca.presidencia.gov.br/presidencia/presidencia/ex-presidentes/jose-linhares;21/09/2026;Décimo Terceiro Período de Governo Republicano - 10.11.1937 a 31.01.1946 | 2ª fase: 29.10.1945 a 31.01.1946
José Linhares;1945-10-29;1946-01-31;Presidente do STF no exercício da Presidência;declarado;http://www.biblioteca.presidencia.gov.br/presidencia/presidencia/ex-presidentes/jose-linhares;21/09/2026;2ª fase: 29.10.1945 a 31.01.1946
Eurico Gaspar Dutra;1946-01-31;1951-01-31;eleito;declarado;http://www.biblioteca.presidencia.gov.br/presidencia/presidencia/ex-presidentes/gaspar-dutra;21/09/2026;Período de Governo: 31.01.1946 a 31.01.1951 (05a)
Getúlio Vargas;1951-01-31;1954-08-24;eleito;deduzido;http://www.biblioteca.presidencia.gov.br/presidencia/presidencia/ex-presidentes/cafe-filho;21/09/2026;Décimo Quinto Período de Governo Republicano - 31.01.1951 a 31.01.1956 | 2ª fase: de 24.08.1954 a 11.11.1955
Café Filho;1954-08-24;1955-11-08;vice que assumiu;declarado;http://www.biblioteca.presidencia.gov.br/presidencia/presidencia/ex-presidentes/cafe-filho;21/09/2026;"2ª fase: de 24.08.1954 a 11.11.1955; Carlos Luz exerceu de 20.04 a 29.04.1955 e de 08.11 a 11.11.1955"
Carlos Luz;1955-11-08;1955-11-11;Presidente da Câmara no exercício da Presidência;declarado;http://www.biblioteca.presidencia.gov.br/presidencia/presidencia/ex-presidentes/carlos-luz;21/09/2026;Período de Governo: 08.11.1955 a 11.11.1955 (3d)
Nereu Ramos;1955-11-11;1956-01-31;Vice-Presidente do Senado no exercício da Presidência;declarado;http://www.biblioteca.presidencia.gov.br/presidencia/presidencia/ex-presidentes/nereu-ramos;21/09/2026;Período de Governo: 11.11.1955 a 31.01.1956 (02m21d)
Juscelino Kubitschek;1956-01-31;1961-01-31;eleito;declarado;http://www.biblioteca.presidencia.gov.br/presidencia/presidencia/ex-presidentes/jk;21/09/2026;Décimo Sexto Período de Governo Republicano - 31.01.1956 a 31.01.1961
Jânio Quadros;1961-01-31;1961-08-25;eleito;declarado;http://www.biblioteca.presidencia.gov.br/presidencia/presidencia/ex-presidentes/janio-quadros;21/09/2026;1ª fase: 31.01.1961 a 25.08.1961
Ranieri Mazzilli;1961-08-25;1961-09-08;Presidente da Câmara no exercício da Presidência;declarado;http://www.biblioteca.presidencia.gov.br/presidencia/presidencia/ex-presidentes/ranieri-mazzilli;21/09/2026;2ª fase: 25.08.1961 a 08.09.1961
João Goulart;1961-09-08;1964-04-02;"vice que assumiu; deposto em 1964, com a vacância declarada pelo presidente do Senado na noite de 1º de abril (DHBB, verbete 1205)";deduzido;http://www.biblioteca.presidencia.gov.br/presidencia/presidencia/ex-presidentes/joao-goulart;21/09/2026;Décimo sétimo Período de Governo Republicano - 31.01.1961 a 1º.04.1964 | Fase parlamentarista: 08.09.1961 a 24.01.1963
Ranieri Mazzilli;1964-04-02;1964-04-15;Presidente da Câmara no exercício da Presidência, governo provisório, por convocação do Congresso após a vacância;declarado;http://www.biblioteca.presidencia.gov.br/presidencia/ex-presidentes/ranieri-mazzilli/nome-do-presidente;21/09/2026;Governo Provisório Período de Governo: 02.04.1964 a 15.04.1964 | como Presidente da Câmara dos Deputados, assumiu a Presidência da República, por convocação do Congresso Nacional, que anunciou a vacância do cargo
Castello Branco;1964-04-15;1967-03-15;eleição indireta pelo Congresso Nacional em 11/04/1964, com 361 votos (DHBB, verbete 1205);declarado;http://www.biblioteca.presidencia.gov.br/presidencia/presidencia/ex-presidentes/castello-branco;21/09/2026;Período de Governo: 15.04.1964 a 15.03.1967 (03a11m05d) | Posse: em 15.04.1964, em sessão conjunta do Congresso Nacional
Costa e Silva;1967-03-15;1969-08-31;eleição indireta;declarado;http://www.biblioteca.presidencia.gov.br/presidencia/presidencia/ex-presidentes/costa-silva;21/09/2026;Período de Governo: 15.03.1967 a 31.08.1969
Junta Militar (Augusto Rademaker, Aurélio de Lyra Tavares e Márcio de Souza Mello);1969-08-31;1969-10-30;Governo Provisório;declarado;http://www.biblioteca.presidencia.gov.br/presidencia/ex-presidentes/souza-mello;21/09/2026;Governo Provisório - 31.08.1969 a 30.10.1969 - Junta Militar
Emílio Garrastazu Médici;1969-10-30;1974-03-15;eleição indireta;declarado;http://www.biblioteca.presidencia.gov.br/presidencia/presidencia/ex-presidentes/emilio-medici;21/09/2026;Vigésimo Período de Governo Republicano - 30.10.1969 a 15.03.1974
Ernesto Geisel;1974-03-15;1979-03-15;eleição indireta;declarado;http://www.biblioteca.presidencia.gov.br/presidencia/ex-presidentes/ernesto-geisel;21/09/2026;Vigésimo Primeiro Período de Governo Republicano - 15.03.1974 a 15.03.1979
João Baptista Figueiredo;1979-03-15;1985-03-15;eleição indireta;declarado;http://www.biblioteca.presidencia.gov.br/presidencia/ex-presidentes/jb-figueiredo;21/09/2026;Vigésimo Segundo Período de Governo Republicano - 15.03.1979 a 15.03.1985
José Sarney;1985-03-15;1990-03-15;"vice que assumiu; Tancredo Neves eleito e não empossado";declarado;http://www.biblioteca.presidencia.gov.br/presidencia/ex-presidentes/jose-sarney;21/09/2026;"Período de Governo: 15.03.1985 a 15.03.1990 (05a); Até 21.04.1985, exerceu a Presidência, como Vice-Presidente, por motivo de enfermidade do titular"
Fernando Collor;1990-03-15;1992-10-02;eleito;declarado;http://www.biblioteca.presidencia.gov.br/presidencia/ex-presidentes/fernando-collor;21/09/2026;1ª fase: 15.03.1990 a 02.10.1992
Itamar Franco;1992-10-02;1995-01-01;"vice que assumiu; titular a partir de 29.12.1992";declarado;http://www.biblioteca.presidencia.gov.br/presidencia/ex-presidentes/itamar-franco;21/09/2026;2ª fase: 02.10.1992 a 01.01.1995 | Período de Governo: 29.12.1992 a 01.01.1995
Fernando Henrique Cardoso;1995-01-01;1999-01-01;eleito, 1º mandato;declarado;http://www.biblioteca.presidencia.gov.br/presidencia/ex-presidentes/fernando-henrique-cardoso;21/09/2026;Vigésimo Quinto Período de Governo Republicano: 1º.01.1995 a 1º.01.1999
Fernando Henrique Cardoso;1999-01-01;2003-01-01;reeleito, 2º mandato;declarado;http://www.biblioteca.presidencia.gov.br/presidencia/ex-presidentes/fernando-henrique-cardoso/fernando-henrique-cardoso;21/09/2026;2º mandato Vigésimo Sexto Período de Governo Republicano - 1º.01.1999 a 1º.01.2003 | Posse: 01.01.1999, em sessão solene do Congresso Nacional
Luiz Inácio Lula da Silva;2003-01-01;2011-01-01;eleito, 1º e 2º mandatos;declarado;http://www.biblioteca.presidencia.gov.br/presidencia/ex-presidentes/luiz-inacio-lula-da-silva;21/09/2026;1º.01.2003 a 1º.01.2007 | Vigésimo Oitavo Período de Governo Republicano - 1º.01.2007 a 1º.01.2011
Dilma Rousseff;2011-01-01;2016-05-12;"eleita; afastada no segundo mandato, em 12/05/2016, e com a perda do cargo imposta pelo Senado em 31/08/2016 (Resolução n. 35)";declarado;http://www.biblioteca.presidencia.gov.br/presidencia/ex-presidentes/dilma-rousseff/biografia;21/09/2026;Período de governo: 01.01.2011 a 01.01.2015 (1º mandato) | Em 12 de maio de 2016, dois anos antes do término de seu segundo mandato, a Presidenta Dilma Rousseff foi afastada da função de chefe de estado | Em 31 de agosto de 2016 a Resolução nº 35 do Senado Federal [...] impôs à Srª Dilma Vana Rousseff a sanção de perda do cargo
Michel Temer;2016-05-12;2019-01-01;vice no exercício desde 12/05/2016, empossado em 31/08/2016;declarado;http://www.biblioteca.presidencia.gov.br/presidencia/ex-presidentes/michel-temer/michel_temer;21/09/2026;Presidente em exercício: de 12/05/2016 a 31/08/2016 | Presidente da República: de 31/08/2016 a 31/12/2018
Jair Messias Bolsonaro;2019-01-01;2023-01-01;eleito;declarado;http://www.biblioteca.presidencia.gov.br/presidencia/ex-presidentes/bolsonaro/Bolsonaro;21/09/2026;Período de Governo: 01/01/2019 a 31/12/2022
Luiz Inácio Lula da Silva;2023-01-01;;eleito, 3º mandato, em exercício;declarado;https://www.gov.br/planalto/pt-br/conheca-a-presidencia/biografia-do-presidente;21/09/2026;Em 1º de janeiro de 2023, Lula subiu a rampa do Palácio do Planalto
