uf;taxa_no_ultimo_ano;mortes_no_ultimo_ano;taxa_no_primeiro_ano;variacao_em_pontos;posicao
AP;45.21;363;41.37;3.84;1
BA;40.81;6061;15.01;25.8;2
PE;37.05;3534;40.84;-3.79;3
AL;35.78;1152;28.14;7.64;4
CE;34.26;3163;13.0;21.26;5
AM;30.97;1326;18.83;12.14;6
MA;30.91;2167;6.95;23.96;7
RO;30.06;525;24.49;5.57;8
MT;28.72;1102;29.52;-0.8;9
PA;27.28;2364;12.7;14.58;10
ES;25.94;1064;42.49;-16.55;11
PB;25.52;1058;19.24;6.28;12
RR;24.27;174;43.3;-19.03;13
RN;23.48;809;9.42;14.06;14
SE;22.96;526;14.65;8.31;15
PI;20.65;697;4.38;16.27;16
RJ;20.44;3520;59.93;-39.49;17
AC;19.76;174;21.51;-1.75;18
TO;19.59;309;12.02;7.57;19
PR;18.55;2194;15.32;3.23;20
GO;18.42;1354;17.32;1.1;21
MS;17.88;519;37.45;-19.57;22
RS;15.15;1701;15.38;-0.23;23
MG;12.81;2731;7.56;5.25;24
DF;10.33;308;33.76;-23.43;25
SC;8.12;654;8.45;-0.33;26
SP;6.61;3041;36.11;-29.5;27
