Data de publicação;Espécie;Número;Ano;Quem sancionou ou promulgou;Fonte do signatário;Autores (partido-UF);Eventos que endurecem;Eventos que abrandam;Votações nominais na Câmara;Votações nominais no Senado
1951-09-14;LEI;1431;1951;GETÚLIO VARGAS;assinatura no fecho do texto da norma;DAMASO ROCHA (PSD (1946-1965)-RS, Deputado(a));0;0;0;0
1955-06-16;LEI;2505;1955;JOÃO CAFÉ FILHO;assinatura no fecho do texto da norma;MARREY JUNIOR (PTB (1946-1965)-SP, Deputado(a));0;0;0;0
1964-11-06;LEI;4451;1964;H. CASTELLO BRANCO;assinatura no fecho do texto da norma;COUTINHO CAVALCANTI (PTB (1946-1965)-SP, Deputado(a));0;0;0;0
1965-07-19;LEI;4729;1965;H. CASTELLO BRANCO;assinatura no fecho do texto da norma;Poder Executivo (-, Órgão do Poder Executivo);0;0;0;0
1967-11-07;LEI;5346;1967;A. COSTA E SILVA;assinatura no fecho do texto da norma;Poder Executivo (-, Órgão do Poder Executivo);0;0;0;0
1968-07-08;LEI;5467;1968;A. COSTA E SILVA;assinatura no fecho do texto da norma;SENADO FEDERAL - GUIDO MONDIN (-, Órgão do Poder Legislativo);0;0;0;0
1968-07-19;LEI;5474;1968;A. COSTA E SILVA;assinatura no fecho do texto da norma;Poder Executivo (-, Órgão do Poder Executivo);1;0;0;0
1968-07-26;LEI;5478;1968;A. COSTA E SILVA;assinatura no fecho do texto da norma;Poder Executivo (-, Órgão do Poder Executivo);1;0;0;0
1968-12-27;DL;385;1968;A. COSTA E SILVA;assinatura no fecho do texto da norma;Poder Executivo (-, Órgão do Poder Executivo);0;0;0;0
1971-11-01;LEI;5726;1971;EMÍLIO G. MÉDICI;assinatura no fecho do texto da norma;Poder Executivo (-, Órgão do Poder Executivo);0;0;0;0
1976-10-22;LEI;6368;1976;ERNESTO GEISEL;assinatura no fecho do texto da norma;Poder Executivo (-, Órgão do Poder Executivo);0;0;0;0
1977-05-25;LEI;6416;1977;ERNESTO GEISEL;assinatura no fecho do texto da norma;Poder Executivo (-, Órgão do Poder Executivo);0;0;0;0
1980-06-24;LEI;6799;1980;JOÃO FIGUEIREDO;assinatura no fecho do texto da norma;NORTON MACEDO (ARENA (1966-1979)-PR, Deputado(a));0;0;0;0
1980-12-18;LEI;6895;1980;JOÃO FIGUEIREDO;assinatura no fecho do texto da norma;Poder Executivo (-, Órgão do Poder Executivo);0;0;0;0
1981-04-01;LEI;6898;1981;JOÃO FIGUEIREDO;assinatura no fecho do texto da norma;Poder Executivo (-, Órgão do Poder Executivo);0;0;0;0
1984-07-13;LEI;7209;1984;JOÃO FIGUEIREDO;assinatura no fecho do texto da norma;Poder Executivo (-, Órgão do Poder Executivo);0;0;0;0
1984-11-21;LEI;7251;1984;JOÃO FIGUEIREDO;assinatura no fecho do texto da norma;ADHEMAR GHISI (ARENA-SC, Deputado(a));1;0;0;0
1990-07-16;LEI;8069;1990;FERNANDO COLLOR;assinatura no fecho do texto da norma;SENADO FEDERAL - RONAN TITO (-, Órgão do Poder Legislativo) | Ronan Tito (MDB-MG, Senador(a));0;0;0;0
1990-07-26;LEI;8072;1990;FERNANDO COLLOR;assinatura no fecho do texto da norma;SENADO FEDERAL - ODACIR SOARES (-, Órgão do Poder Legislativo) | Odacir Soares (-RO, Senador(a));3;0;0;0
1990-12-28;LEI;8137;1990;FERNANDO COLLOR;assinatura no fecho do texto da norma;Poder Executivo (-, Órgão do Poder Executivo);1;2;0;0
1991-02-13;LEI;8176;1991;FERNANDO COLLOR;assinatura no fecho do texto da norma;Poder Executivo (-, Órgão do Poder Executivo);0;0;0;0
1993-03-17;LEI;8635;1993;ITAMAR FRANCO;assinatura no fecho do texto da norma;Poder Executivo (-, Órgão do Poder Executivo);0;0;0;0
1993-07-16;LEI;8683;1993;ITAMAR FRANCO;assinatura no fecho do texto da norma;DIOGO NOMURA (PL-SP, Deputado(a));0;0;0;0
1995-11-17;LEI;9127;1995;FERNANDO HENRIQUE CARDOSO;assinatura no fecho do texto da norma;CPI - CN (-, COMISSÃO PARLAMENTAR DE INQUÉRITO);1;0;0;0
1996-04-02;LEI;9268;1996;FERNANDO HENRIQUE CARDOSO;assinatura no fecho do texto da norma;Poder Executivo (-, Órgão do Poder Executivo);0;0;0;0
1996-04-03;LEI;9269;1996;FERNANDO HENRIQUE CARDOSO;assinatura no fecho do texto da norma;SENADO FEDERAL - FRANCISCO ROLLEMBERG (-, Órgão do Poder Legislativo) | Francisco Rollemberg (-SE, Senador(a));0;0;0;0
1996-05-15;LEI;9279;1996;FERNANDO HENRIQUE CARDOSO;assinatura no fecho do texto da norma;Poder Executivo (-, Órgão do Poder Executivo);3;5;0;0
1996-06-05;LEI;9281;1996;FERNANDO HENRIQUE CARDOSO;assinatura no fecho do texto da norma;ROSE DE FREITAS (PSDB-ES, Deputado(a));0;0;0;0
1996-12-06;LEI;9318;1996;FERNANDO HENRIQUE CARDOSO;assinatura no fecho do texto da norma;GEOVANI BORGES (PFL-AP, Deputado(a));0;0;0;0
1996-12-26;LEI;9426;1996;FERNANDO HENRIQUE CARDOSO;assinatura no fecho do texto da norma;Poder Executivo (-, Órgão do Poder Executivo);4;1;0;0
1997-05-14;LEI;9459;1997;FERNANDO HENRIQUE CARDOSO;assinatura no fecho do texto da norma;PAULO PAIM (PT-RS, Deputado(a));0;0;0;0
1998-07-03;LEI;9677;1998;FERNANDO HENRIQUE CARDOSO;assinatura no fecho do texto da norma;BENEDITO DOMINGOS (PPB-DF, Deputado(a));6;0;0;0
1998-11-26;LEI;9714;1998;FERNANDO HENRIQUE CARDOSO;assinatura no fecho do texto da norma;Poder Executivo (-, Órgão do Poder Executivo);0;0;0;0
1998-12-30;LEI;9777;1998;FERNANDO HENRIQUE CARDOSO;assinatura no fecho do texto da norma;PAULO ROCHA (PT-PA, Deputado(a));2;0;0;0
2000-07-17;LEI;9983;2000;FERNANDO HENRIQUE CARDOSO;assinatura no fecho do texto da norma;Poder Executivo (-, Órgão do Poder Executivo);6;0;0;0
2000-10-20;LEI;10028;2000;FERNANDO HENRIQUE CARDOSO;assinatura no fecho do texto da norma;Poder Executivo (-, Órgão do Poder Executivo);8;0;0;0
2001-05-16;LEI;10224;2001;FERNANDO HENRIQUE CARDOSO;assinatura no fecho do texto da norma;Iara Bernardi (PT-SP, Deputado(a));1;0;0;0
2001-08-29;LEI;10268;2001;FERNANDO HENRIQUE CARDOSO;assinatura no fecho do texto da norma;Poder Executivo (-, Órgão do Poder Executivo);1;0;0;0
2002-06-12;LEI;10467;2002;FERNANDO HENRIQUE CARDOSO;assinatura no fecho do texto da norma;Poder Executivo (-, Órgão do Poder Executivo);2;0;0;0
2003-07-02;LEI;10695;2003;LUIZ INÁCIO LULA DA SILVA;assinatura no fecho do texto da norma;Poder Executivo (-, Órgão do Poder Executivo);1;0;0;0
2003-10-03;LEI;10741;2003;LUIZ INÁCIO LULA DA SILVA;assinatura no fecho do texto da norma;Paulo Paim (PT-RS, Deputado(a));0;0;0;0
2003-11-13;LEI;10763;2003;LUIZ INÁCIO LULA DA SILVA;assinatura no fecho do texto da norma;Senado Federal (Comissão Mista - art. 142 e 143 do Regimento Comum) (-, Órgão do Poder Legislativo);2;0;0;0
2003-12-12;LEI;10803;2003;LUIZ INÁCIO LULA DA SILVA;assinatura no fecho do texto da norma;SENADO FEDERAL - WALDECK ORNELAS (-, Órgão do Poder Legislativo) | Waldeck Ornelas (PFL-BA, Senador(a));0;0;0;0
2004-06-18;LEI;10886;2004;LUIZ INÁCIO LULA DA SILVA;assinatura no fecho do texto da norma;Iara Bernardi (PT-SP, Deputado(a));0;1;0;0
2004-12-23;LEI;11035;2004;LUIZ INÁCIO LULA DA SILVA;assinatura no fecho do texto da norma;Poder Executivo (-, Órgão do Poder Executivo);0;0;0;0
2005-03-29;LEI;11106;2005;LUIZ INÁCIO LULA DA SILVA;assinatura no fecho do texto da norma;Iara Bernardi (PT-SP, Deputado(a));0;0;0;0
2006-08-08;LEI;11340;2006;LUIZ INÁCIO LULA DA SILVA;assinatura no fecho do texto da norma;Poder Executivo (-, Órgão do Poder Executivo);1;0;1;0
2007-03-29;LEI;11466;2007;LUIZ INÁCIO LULA DA SILVA;assinatura no fecho do texto da norma;Senado Federal - César Borges (-, Órgão do Poder Legislativo) | César Borges (PFL-BA, Senador(a));1;0;1;0
2007-11-30;LEI;11596;2007;LUIZ INÁCIO LULA DA SILVA;assinatura no fecho do texto da norma;Senado Federal - Magno Malta (-, Órgão do Poder Legislativo) | Magno Malta (PL-ES, Senador(a));0;0;0;0
2009-04-17;LEI;11923;2009;LUIZ INÁCIO LULA DA SILVA;assinatura no fecho do texto da norma;Senado Federal - Rodolpho Tourinho (-, Órgão do Poder Legislativo) | Rodolpho Tourinho (PFL-BA, Senador(a));1;0;0;0
2009-08-07;LEI;12012;2009;LUIZ INÁCIO LULA DA SILVA;assinatura no fecho do texto da norma;Alberto Fraga (PFL-DF, Deputado(a));1;0;0;0
2009-08-10;LEI;12015;2009;LUIZ INÁCIO LULA DA SILVA;assinatura no fecho do texto da norma;Senado Federal - CPMI - Exploração Sexual (-, Órgão do Poder Legislativo);7;1;0;0
2009-09-30;LEI;12033;2009;LUIZ INÁCIO LULA DA SILVA;assinatura no fecho do texto da norma;Paulo Rocha (PT-PA, Deputado(a));0;0;0;0
2010-05-06;LEI;12234;2010;LUIZ INÁCIO LULA DA SILVA;assinatura no fecho do texto da norma;Antonio Carlos Biscaia (PT-RJ, Deputado(a));0;0;0;0
2011-12-16;LEI;12550;2011;DILMA ROUSSEFF;assinatura no fecho do texto da norma;Poder Executivo (-, Órgão do Poder Executivo);1;0;2;1
2012-05-18;LEI;12650;2012;DILMA ROUSSEFF;assinatura no fecho do texto da norma;Senado Federal - CPI da Pedofilia (-, Órgão do Poder Legislativo);0;0;0;0
2012-05-29;LEI;12653;2012;DILMA ROUSSEFF;assinatura no fecho do texto da norma;Poder Executivo (-, Órgão do Poder Executivo);1;0;0;0
2012-07-25;LEI;12694;2012;DILMA ROUSSEFF;assinatura no fecho do texto da norma;Comissão de Legislação Participativa (-, COMISSÃO PERMANENTE);0;0;0;0
2012-09-28;LEI;12720;2012;DILMA ROUSSEFF;assinatura no fecho do texto da norma;Luiz Couto (PT-PB, Deputado(a));1;0;1;0
2012-12-03;LEI;12735;2012;DILMA ROUSSEFF;assinatura no fecho do texto da norma;Luiz Piauhylino (PSDB-PE, Deputado(a));0;0;0;0
2012-12-03;LEI;12737;2012;DILMA ROUSSEFF;assinatura no fecho do texto da norma;Paulo Teixeira (PT-SP, Deputado(a)) | Luiza Erundina (PSB-SP, Deputado(a)) | Manuela D'ávila (PCdoB-RS, Deputado(a)) | João Arruda (PMDB-PR, Deputado(a)) | Brizola Neto (PDT-RJ, Deputado(a)) | Emiliano José (PT-BA, Deputado(a));1;0;1;0
2013-08-05;LEI;12850;2013;DILMA ROUSSEFF;assinatura no fecho do texto da norma;Senado Federal - Serys Slhessarenko (-, Órgão do Poder Legislativo) | Serys Slhessarenko (PT-MT, Senador(a));0;1;0;0
2014-05-22;LEI;12978;2014;DILMA ROUSSEFF;assinatura no fecho do texto da norma;Senado Federal - Alfredo Nascimento (-, Órgão do Poder Legislativo) | Alfredo Nascimento (PL-AM, Senador(a));0;0;0;0
2014-06-27;LEI;13008;2014;DILMA ROUSSEFF;assinatura no fecho do texto da norma;Efraim Filho (DEM-PB, Deputado(a));1;0;1;0
2015-03-10;LEI;13104;2015;DILMA ROUSSEFF;assinatura no fecho do texto da norma;Senado Federal - CPMI Violência Contra a Mulher no Brasil (-, Órgão do Poder Legislativo);0;0;0;0
2015-07-07;LEI;13142;2015;DILMA ROUSSEFF;assinatura no fecho do texto da norma;Leonardo Picciani (PMDB-RJ, Deputado(a));0;0;0;0
2015-11-12;LEI;13188;2015;DILMA ROUSSEFF;assinatura no fecho do texto da norma;Senado Federal - Roberto Requião (-, Órgão do Poder Legislativo) | Roberto Requião (MDB-PR, Senador(a));0;0;0;0
2015-12-29;LEI;13228;2015;DILMA ROUSSEFF;assinatura no fecho do texto da norma;Márcio Marinho (PRB-BA, Deputado(a));0;0;0;0
2016-08-03;LEI;13330;2016;MICHEL TEMER;assinatura no fecho do texto da norma;Afonso Hamm (PP-RS, Deputado(a));0;0;0;0
2016-10-07;LEI;13344;2016;MICHEL TEMER;assinatura no fecho do texto da norma;Senado Federal - Comissão Parlamentar  de Inquérito do Tráfico Nacional e Internacional de Pessoas no Brasíl (-, Órgão do Poder Legislativo);1;0;0;0
2017-05-25;LEI;13445;2017;MICHEL TEMER;assinatura no fecho do texto da norma;Senado Federal - Aloysio Nunes Ferreira (-, Órgão do Poder Legislativo) | Aloysio Nunes Ferreira (PSDB-SP, Senador(a));0;0;1;0
2017-12-08;LEI;13531;2017;MICHEL TEMER;assinatura no fecho do texto da norma;Coronel Alves (PL-AP, Deputado(a));0;0;0;0
2018-01-10;LEI;13606;2018;MICHEL TEMER;assinatura no fecho do texto da norma;Zé Silva (SD-MG, Deputado(a)) | Nilson Leitão (PSDB-MT, Deputado(a));0;0;1;0
2018-04-24;LEI;13654;2018;MICHEL TEMER;assinatura no fecho do texto da norma;Senado Federal - Otto Alencar (-, Órgão do Poder Legislativo) | Otto Alencar (PSD-BA, Senador(a));2;0;0;0
2018-09-25;LEI;13715;2018;JOSÉ ANTONIO DIAS TOFFOLI;assinatura no fecho do texto da norma;Laura Carneiro (PMDB-RJ, Deputado(a));0;0;0;0
2018-09-25;LEI;13718;2018;JOSÉ ANTONIO DIAS TOFFOLI;assinatura no fecho do texto da norma;Senado Federal - Vanessa Grazziotin (-, Órgão do Poder Legislativo) | Vanessa Grazziotin (PCdoB-AM, Senador(a));0;0;0;0
2018-12-20;LEI;13771;2018;MICHEL TEMER;assinatura no fecho do texto da norma;Lincoln Portela (PR-MG, Deputado(a));0;0;0;0
2018-12-20;LEI;13772;2018;MICHEL TEMER;assinatura no fecho do texto da norma;João Arruda (PMDB-PR, Deputado(a));1;0;0;0
2019-09-05;LEI;13869;2019;JAIR MESSIAS BOLSONARO;assinatura no fecho do texto da norma;Senado Federal - Randolfe Rodrigues (-, Órgão do Poder Legislativo) | Randolfe Rodrigues (REDE-AP, Senador(a));0;0;2;1
2019-12-24;LEI;13964;2019;JAIR MESSIAS BOLSONARO;assinatura no fecho do texto da norma;José Rocha (PR-BA, Deputado(a)) | Marcelo Aro (PHS-MG, Deputado(a)) | Wladimir Costa (SD-PA, Deputado(a)) | Nilson Leitão (PSDB-MT, Deputado(a)) | Baleia Rossi (MDB-SP, Deputado(a)) | Luis Tibé (AVANTE-MG, Deputado(a)) | Ricardo Teobaldo (PODE-PE, Deputado(a)) | Celso Russomanno (PRB-SP, Deputado(a)) | Domingos Neto (PSD-CE, Deputado(a)) | Aureo (SD-RJ, Deputado(a)) | Rodrigo Garcia (DEM-SP, Deputado(a));0;0;3;0
2019-12-27;LEI;13968;2019;JAIR MESSIAS BOLSONARO;assinatura no fecho do texto da norma;Senado Federal - Ciro Nogueira (-, Órgão do Poder Legislativo) | Ciro Nogueira (PP-PI, Senador(a));0;0;0;0
2020-12-21;LEI;14110;2020;JAIR MESSIAS BOLSONARO;assinatura no fecho do texto da norma;Arthur Lira (PP-AL, Deputado(a));0;0;2;0
2021-04-01;LEI;14132;2021;JAIR MESSIAS BOLSONARO;assinatura no fecho do texto da norma;Senado Federal - Leila Barros (-, Órgão do Poder Legislativo) | Leila Barros (PSB-DF, Senador(a));0;0;0;0
2021-04-01;LEI;14133;2021;JAIR MESSIAS BOLSONARO;assinatura no fecho do texto da norma;Senado Federal - Comissão Temporária de Modernização da Lei de Licitações e Contratos (-, Órgão do Poder Legislativo);11;0;0;0
2021-05-28;LEI;14155;2021;JAIR MESSIAS BOLSONARO;assinatura no fecho do texto da norma;Senado Federal - Izalci Lucas (-, Órgão do Poder Legislativo) | Izalci Lucas (PSDB-DF, Senador(a));2;0;1;0
2021-07-29;LEI;14188;2021;JAIR MESSIAS BOLSONARO;assinatura no fecho do texto da norma;Margarete Coelho (PP-PI, Deputado(a)) | Soraya Santos (PL-RJ, Deputado(a)) | Greyce Elias (AVANTE-MG, Deputado(a)) | Carla Dickson (PROS-RN, Deputado(a));1;0;1;1
2021-09-02;LEI;14197;2021;JAIR MESSIAS BOLSONARO;assinatura no fecho do texto da norma;HELIO BICUDO (PT-SP, Deputado(a));8;0;5;1
2021-11-23;LEI;14245;2021;JAIR MESSIAS BOLSONARO;assinatura no fecho do texto da norma;Lídice da Mata (PSB-BA, Deputado(a)) | Marcelo Nilo (PSB-BA, Deputado(a)) | Vilson da Fetaemg (PSB-MG, Deputado(a)) | João H. Campos (PSB-PE, Deputado(a)) | Tereza Nelma (PSDB-AL, Deputado(a)) | Jandira Feghali (PCdoB-RJ, Deputado(a)) | Dulce Miranda (MDB-TO, Deputado(a)) | Rodrigo Agostinho (PSB-SP, Deputado(a)) | Rose Modesto (PSDB-MS, Deputado(a)) | Mara Rocha (PSDB-AC, Deputado(a)) | Iracema Portella (PP-PI, Deputado(a)) | Joice Hasselmann (PSL-SP, Deputado(a)) | Angela Amin (PP-SC, Deputado(a)) | Talíria Petrone (PSOL-RJ, Deputado(a)) | Joenia Wapichana (REDE-RR, Deputado(a)) | Tabata Amaral (PDT-SP, Deputado(a)) | Áurea Carolina (PSOL-MG, Deputado(a)) | Sâmia Bomfim (PSOL-SP, Deputado(a)) | Erika Kokay (PT-DF, Deputado(a)) | Luiza Erundina (PSOL-SP, Deputado(a)) | Marília Arraes (PT-PE, Deputado(a)) | Norma Ayub (DEM-ES, Deputado(a)) | Maria do Rosário (PT-RS, Deputado(a)) | Aline Gurgel (REPUBLICANOS-AP, Deputado(a)) | Daniela do Waguinho (MDB-RJ, Deputado(a)) | Fernanda Melchionna (PSOL-RS, Deputado(a));0;0;0;0
2022-05-25;LEI;14344;2022;JAIR MESSIAS BOLSONARO;assinatura no fecho do texto da norma;Alê Silva (PSL-MG, Deputado(a)) | Carla Zambelli (PSL-SP, Deputado(a)) | Jaqueline Cassol (PP-RO, Deputado(a));0;0;0;1
2022-12-22;LEI;14478;2022;JAIR MESSIAS BOLSONARO;assinatura no fecho do texto da norma;Aureo (SD-RJ, Deputado(a));1;0;2;0
2023-01-11;LEI;14532;2023;LUIZ INÁCIO LULA DA SILVA;assinatura no fecho do texto da norma;Tia Eron (PRB-BA, Deputado(a)) | Bebeto (PSB-BA, Deputado(a));1;0;1;0
2023-04-27;LEI;14562;2023;GERALDO JOSÉ RODRIGUES ALCKMIN FILHO;assinatura no fecho do texto da norma;Paulo Ganime (NOVO-RJ, Deputado(a));0;0;1;0
2024-01-15;LEI;14811;2024;LUIZ INÁCIO LULA DA SILVA;assinatura no fecho do texto da norma;Osmar Terra (MDB-RS, Deputado(a));1;0;0;0
2024-09-10;LEI;14967;2024;LUIZ INÁCIO LULA DA SILVA;assinatura no fecho do texto da norma;Senado Federal - Marcelo Crivella (-, Órgão do Poder Legislativo) | Marcelo Crivella (REPUBLICANOS-RJ, Senador(a));0;0;1;0
2024-10-10;LEI;14994;2024;LUIZ INÁCIO LULA DA SILVA;assinatura no fecho do texto da norma;Senado Federal - Margareth Buzetti (-, Órgão do Poder Legislativo) | Margareth Buzetti (PSD-MT, Senador(a));2;0;2;0
2024-11-28;LEI;15035;2024;LUIZ INÁCIO LULA DA SILVA;assinatura no fecho do texto da norma;Senado Federal - Margareth Buzetti (-, Órgão do Poder Legislativo) | Margareth Buzetti (PSD-MT, Senador(a));0;0;0;0
2025-04-25;LEI;15123;2025;LUIZ INÁCIO LULA DA SILVA;assinatura no fecho do texto da norma;Jandira Feghali (PCdoB-RJ, Deputado(a));0;0;0;0
2025-05-07;LEI;15134;2025;LUIZ INÁCIO LULA DA SILVA;assinatura no fecho do texto da norma;Evandro Rogerio Roman (PSD-PR, Deputado(a));0;0;4;0
2025-07-04;LEI;15159;2025;GERALDO JOSÉ RODRIGUES ALCKMIN FILHO;assinatura no fecho do texto da norma;Poder Executivo (-, Órgão do Poder Executivo);0;0;0;0
2025-07-04;LEI;15160;2025;GERALDO JOSÉ RODRIGUES ALCKMIN FILHO;assinatura no fecho do texto da norma;Laura Carneiro (PSD-RJ, Deputado(a));0;0;0;0
2025-07-04;LEI;15163;2025;GERALDO JOSÉ RODRIGUES ALCKMIN FILHO;assinatura no fecho do texto da norma;Helio Lopes (PSL-RJ, Deputado(a)) | Carla Zambelli (PSL-SP, Deputado(a)) | Daniel Freitas (PSL-SC, Deputado(a)) | Alex Santana (PDT-BA, Deputado(a)) | Lucas Redecker (PSDB-RS, Deputado(a));2;0;0;0
2025-07-29;LEI;15181;2025;LUIZ INÁCIO LULA DA SILVA;assinatura no fecho do texto da norma;Sandro Alex (PSD-PR, Deputado(a));0;1;0;0
2025-10-03;LEI;15229;2025;LUIZ INÁCIO LULA DA SILVA;assinatura no fecho do texto da norma;Senado Federal - Damares Alves (-, Órgão do Poder Legislativo) | Damares Alves (REPUBLICANOS-DF, Senador(a));0;0;0;0
2025-10-30;LEI;15245;2025;LUIZ INÁCIO LULA DA SILVA;assinatura no fecho do texto da norma;Senado Federal - Sergio Moro (-, Órgão do Poder Legislativo) | Sergio Moro (UNIÃO-PR, Senador(a));0;0;0;0
2025-12-08;LEI;15280;2025;LUIZ INÁCIO LULA DA SILVA;assinatura no fecho do texto da norma;Senado Federal - Margareth Buzetti (-, Órgão do Poder Legislativo) | Margareth Buzetti (PSD-MT, Senador(a));6;0;0;0
2026-01-09;LC;225;2026;LUIZ INÁCIO LULA DA SILVA;assinatura no fecho do texto da norma;Senado Federal - Rodrigo Pacheco (-, Órgão do Poder Legislativo) | Rodrigo Pacheco (PSD-MG, Senador(a));0;0;3;1
2026-03-08;LEI;15353;2026;LUIZ INÁCIO LULA DA SILVA;assinatura no fecho do texto da norma;Laura Carneiro (PSD-RJ, Deputado(a));0;0;0;0
2026-03-25;LEI;15358;2026;LUIZ INÁCIO LULA DA SILVA;assinatura no fecho do texto da norma;Poder Executivo (-, Órgão do Poder Executivo);5;0;9;1
2026-04-10;LEI;15384;2026;LUIZ INÁCIO LULA DA SILVA;assinatura no fecho do texto da norma;Laura Carneiro (PSD-RJ, Deputado(a)) | Maria do Rosário (PT-RS, Deputado(a)) | Fernanda Melchionna (PSOL-RS, Deputado(a));1;0;4;0
2026-05-04;LEI;15397;2026;LUIZ INÁCIO LULA DA SILVA;assinatura no fecho do texto da norma;Kim Kataguiri (UNIÃO-SP, Deputado(a)) | Marcos Pollon (PL-MS, Deputado(a)) | Delegado da Cunha (PP-SP, Deputado(a));2;4;6;0
2026-05-08;LEI;15402;2026;DAVI ALCOLUMBRE;promulgada pelo Presidente do Senado Federal após rejeição de veto (Constituição, art. 66, § 7º), lida no preâmbulo e no fecho;Marcelo Crivella (REPUBLICANOS-RJ, Deputado(a)) | Jorge Braz (REPUBLICANOS-RJ, Deputado(a)) | Franciane Bayer (REPUBLICANOS-RS, Deputado(a)) | Murilo Galdino (REPUBLICANOS-PB, Deputado(a)) | Milton Vieira (REPUBLICANOS-SP, Deputado(a)) | Márcio Marinho (REPUBLICANOS-BA, Deputado(a)) | Rogéria Santos (REPUBLICANOS-BA, Deputado(a)) | Carlos Gomes (REPUBLICANOS-RS, Deputado(a)) | Alexandre Guimarães (REPUBLICANOS-TO, Deputado(a)) | Amaro Neto (REPUBLICANOS-ES, Deputado(a)) | Tenente Coronel Zucco (REPUBLICANOS-RS, Deputado(a)) | Roberto Duarte (REPUBLICANOS-AC, Deputado(a)) | Defensor Stélio Dener (REPUBLICANOS-RR, Deputado(a)) | Aluisio Mendes (REPUBLICANOS-MA, Deputado(a)) | Lafayette de Andrada (REPUBLICANOS-MG, Deputado(a)) | Wilson Santiago (REPUBLICANOS-PB, Deputado(a)) | Luis Carlos Gomes (REPUBLICANOS-RJ, Deputado(a)) | Gustinho Ribeiro (REPUBLICANOS-SE, Deputado(a)) | Messias Donato (REPUBLICANOS-ES, Deputado(a)) | Alex Santana (REPUBLICANOS-BA, Deputado(a)) | Vinicius Carvalho (REPUBLICANOS-SP, Deputado(a)) | Diego Garcia (REPUBLICANOS-PR, Deputado(a)) | Gilberto Abramo (REPUBLICANOS-MG, Deputado(a)) | Antonio Andrade (REPUBLICANOS-TO, Deputado(a)) | Maria Rosas (REPUBLICANOS-SP, Deputado(a)) | Sóstenes Cavalcante (PL-RJ, Deputado(a)) | Domingos Sávio (PL-MG, Deputado(a)) | Fred Linhares (REPUBLICANOS-DF, Deputado(a)) | Coronel Meira (PL-PE, Deputado(a)) | Gabriel Mota (REPUBLICANOS-RR, Deputado(a)) | Adilson Barroso (PL-SP, Deputado(a));0;0;9;1
2026-06-08;LEI;15425;2026;LUIZ INÁCIO LULA DA SILVA;assinatura no fecho do texto da norma;Guilherme Campos (PSD-SP, Deputado(a));0;0;0;0
2026-06-19;LEI;15438;2026;LUIZ INÁCIO LULA DA SILVA;assinatura no fecho do texto da norma;Laura Carneiro (PSD-RJ, Deputado(a));0;0;0;0
2026-07-02;LEI;15455;2026;LUIZ INÁCIO LULA DA SILVA;assinatura no fecho do texto da norma;Reimont (PT-RJ, Deputado(a));0;0;0;0
2026-08-07;LEI;15487;2026;LUIZ INÁCIO LULA DA SILVA;assinatura no fecho do texto da norma;Osmar Terra (MDB-RS, Deputado(a));0;0;0;0