Dispositivo;Rubrica;Título do Código;Vida do tipo penal;Pena em 1940;Pena hoje;Direção 1940 a hoje;Nº de normas;Normas que alteraram;Linha do tempo da pena;H3 regime;H2 ano eleitoral;H1 violência letal;Indicador Sinesp;Crime hediondo
art. 1;Anterioridade da Lei;Parte Geral;vigente desde 1940, alterado;;;nao mensuravel por faixa;1;LEI 7209/1984, publicada em 13/07/1984;;Ditadura militar: 1;0 de 1;;;
art. 2;Lei penal no tempo;Parte Geral;vigente desde 1940, alterado;;;nao mensuravel por faixa;1;LEI 7209/1984, publicada em 13/07/1984;;Ditadura militar: 1;0 de 1;;;
art. 3;;Parte Geral;vigente desde 1940, alterado;;;nao mensuravel por faixa;1;LEI 7209/1984, publicada em 13/07/1984;;Ditadura militar: 1;0 de 1;;;
art. 4;Tempo do crime;Parte Geral;vigente desde 1940, alterado;;;nao mensuravel por faixa;1;LEI 7209/1984, publicada em 13/07/1984;;Ditadura militar: 1;0 de 1;;;
art. 5;Territorialidade;Parte Geral;vigente desde 1940, alterado;;;nao mensuravel por faixa;1;LEI 7209/1984, publicada em 13/07/1984;;Ditadura militar: 1;0 de 1;;;
art. 6;Lugar do crime;Parte Geral;vigente desde 1940, alterado;;;nao mensuravel por faixa;1;LEI 7209/1984, publicada em 13/07/1984;;Ditadura militar: 1;0 de 1;;;
art. 7;Extraterritorialidade;Parte Geral;vigente desde 1940, alterado;;;nao mensuravel por faixa;1;LEI 7209/1984, publicada em 13/07/1984;;Ditadura militar: 1;0 de 1;;;
art. 8;;Parte Geral;vigente desde 1940, alterado;;;nao mensuravel por faixa;1;LEI 7209/1984, publicada em 13/07/1984;;Ditadura militar: 1;0 de 1;;;
art. 9;;Parte Geral;vigente desde 1940, alterado;;;nao mensuravel por faixa;1;LEI 7209/1984, publicada em 13/07/1984;;Ditadura militar: 1;0 de 1;;;
art. 10;;Parte Geral;vigente desde 1940, alterado;;;nao mensuravel por faixa;1;LEI 7209/1984, publicada em 13/07/1984;;Ditadura militar: 1;0 de 1;;;
art. 11;Frações não computáveis da pena;Parte Geral;vigente desde 1940, alterado;;;nao mensuravel por faixa;1;LEI 7209/1984, publicada em 13/07/1984;;Ditadura militar: 1;0 de 1;;;
art. 12;Legislação especial;Parte Geral;vigente desde 1940, alterado;;;nao mensuravel por faixa;1;LEI 7209/1984, publicada em 13/07/1984;;Ditadura militar: 1;0 de 1;;;
art. 13;;Parte Geral;vigente desde 1940, alterado;;;nao mensuravel por faixa;1;LEI 7209/1984, publicada em 13/07/1984;;Ditadura militar: 1;0 de 1;;;
art. 14;;Parte Geral;vigente desde 1940, alterado;;;nao mensuravel por faixa;1;LEI 7209/1984, publicada em 13/07/1984;;Ditadura militar: 1;0 de 1;;;
art. 15;;Parte Geral;vigente desde 1940, alterado;;;nao mensuravel por faixa;1;LEI 7209/1984, publicada em 13/07/1984;;Ditadura militar: 1;0 de 1;;;
art. 16;Arrependimento posterior;Parte Geral;vigente desde 1940, alterado;;;nao mensuravel por faixa;1;LEI 7209/1984, publicada em 13/07/1984;;Ditadura militar: 1;0 de 1;;;
art. 17;Crime impossível;Parte Geral;vigente desde 1940, alterado;;;nao mensuravel por faixa;1;LEI 7209/1984, publicada em 13/07/1984;;Ditadura militar: 1;0 de 1;;;
art. 18;;Parte Geral;vigente desde 1940, alterado;;;nao mensuravel por faixa;1;LEI 7209/1984, publicada em 13/07/1984;;Ditadura militar: 1;0 de 1;;;
art. 19;Agravação pelo resultado;Parte Geral;vigente desde 1940, alterado;;;nao mensuravel por faixa;1;LEI 7209/1984, publicada em 13/07/1984;;Ditadura militar: 1;0 de 1;;;
art. 20;;Parte Geral;vigente desde 1940, alterado;;;nao mensuravel por faixa;1;LEI 7209/1984, publicada em 13/07/1984;;Ditadura militar: 1;0 de 1;;;
art. 21;;Parte Geral;vigente desde 1940, alterado;;;nao mensuravel por faixa;1;LEI 7209/1984, publicada em 13/07/1984;;Ditadura militar: 1;0 de 1;;;
art. 22;Coação irresistível e obediência hierárquica;Parte Geral;vigente desde 1940, alterado;;;nao mensuravel por faixa;1;LEI 7209/1984, publicada em 13/07/1984;;Ditadura militar: 1;0 de 1;;;
art. 23;Exclusão de ilicitude;Parte Geral;vigente desde 1940, alterado;;;nao mensuravel por faixa;1;LEI 7209/1984, publicada em 13/07/1984;;Ditadura militar: 1;0 de 1;;;
art. 24;Estado de necessidade;Parte Geral;vigente desde 1940, alterado;;;nao mensuravel por faixa;1;LEI 7209/1984, publicada em 13/07/1984;;Ditadura militar: 1;0 de 1;;;
art. 25;Legítima defesa;Parte Geral;vigente desde 1940, alterado;;;nao mensuravel por faixa;2;"LEI 7209/1984, publicada em 13/07/1984; LEI 13964/2019, publicada em 24/12/2019";;"Ditadura militar: 1; Nova República: 1";0 de 2;;;
art. 26;Inimputáveis;Parte Geral;vigente desde 1940, alterado;;;nao mensuravel por faixa;1;LEI 7209/1984, publicada em 13/07/1984;;Ditadura militar: 1;0 de 1;;;
art. 27;Menores de dezoito anos;Parte Geral;vigente desde 1940, alterado;;;nao mensuravel por faixa;1;LEI 7209/1984, publicada em 13/07/1984;;Ditadura militar: 1;0 de 1;;;
art. 28;Emoção e paixão;Parte Geral;vigente desde 1940, alterado;;;nao mensuravel por faixa;1;LEI 7209/1984, publicada em 13/07/1984;;Ditadura militar: 1;0 de 1;;;
art. 29;;Parte Geral;vigente desde 1940, alterado;;;nao mensuravel por faixa;1;LEI 7209/1984, publicada em 13/07/1984;;Ditadura militar: 1;0 de 1;;;
art. 30;Circunstâncias incomunicáveis;Parte Geral;vigente desde 1940, alterado;;;nao mensuravel por faixa;1;LEI 7209/1984, publicada em 13/07/1984;;Ditadura militar: 1;0 de 1;;;
art. 31;;Parte Geral;vigente desde 1940, alterado;;;nao mensuravel por faixa;1;LEI 7209/1984, publicada em 13/07/1984;;Ditadura militar: 1;0 de 1;;;
art. 32;;Parte Geral;vigente desde 1940, alterado;;;nao mensuravel por faixa;1;LEI 7209/1984, publicada em 13/07/1984;;Ditadura militar: 1;0 de 1;;;
art. 33;;Parte Geral;vigente desde 1940, alterado;;;nao mensuravel por faixa;2;"LEI 7209/1984, publicada em 13/07/1984; LEI 10763/2003, publicada em 13/11/2003";;"Ditadura militar: 1; Nova República: 1";0 de 2;;;
art. 34;;Parte Geral;vigente desde 1940, alterado;;;nao mensuravel por faixa;1;LEI 7209/1984, publicada em 13/07/1984;;Ditadura militar: 1;0 de 1;;;
art. 35;Regras do regime semi-aberto;Parte Geral;vigente desde 1940, alterado;;;nao mensuravel por faixa;1;LEI 7209/1984, publicada em 13/07/1984;;Ditadura militar: 1;0 de 1;;;
art. 36;;Parte Geral;vigente desde 1940, alterado;;;nao mensuravel por faixa;1;LEI 7209/1984, publicada em 13/07/1984;;Ditadura militar: 1;0 de 1;;;
art. 37;Regime especial;Parte Geral;vigente desde 1940, alterado;;;nao mensuravel por faixa;1;LEI 7209/1984, publicada em 13/07/1984;;Ditadura militar: 1;0 de 1;;;
art. 38;;Parte Geral;vigente desde 1940, alterado;;;nao mensuravel por faixa;1;LEI 7209/1984, publicada em 13/07/1984;;Ditadura militar: 1;0 de 1;;;
art. 39;;Parte Geral;vigente desde 1940, alterado;;;nao mensuravel por faixa;1;LEI 7209/1984, publicada em 13/07/1984;;Ditadura militar: 1;0 de 1;;;
art. 40;;Parte Geral;vigente desde 1940, alterado;;;nao mensuravel por faixa;1;LEI 7209/1984, publicada em 13/07/1984;;Ditadura militar: 1;0 de 1;;;
art. 41;;Parte Geral;vigente desde 1940, alterado;;;nao mensuravel por faixa;1;LEI 7209/1984, publicada em 13/07/1984;;Ditadura militar: 1;0 de 1;;;
art. 42;Detração;Parte Geral;vigente desde 1940, alterado;;;nao mensuravel por faixa;1;LEI 7209/1984, publicada em 13/07/1984;;Ditadura militar: 1;0 de 1;;;
art. 43;;Parte Geral;vigente desde 1940, alterado;;;nao mensuravel por faixa;2;"LEI 7209/1984, publicada em 13/07/1984; LEI 9714/1998, publicada em 26/11/1998";;"Ditadura militar: 1; Nova República: 1";1 de 2;;;
art. 44;;Parte Geral;vigente desde 1940, alterado;;;nao mensuravel por faixa;1;LEI 9714/1998, publicada em 26/11/1998;;Nova República: 1;1 de 1;;;
art. 45;Conversão das penas restritivas de direitos;Parte Geral;vigente desde 1940, alterado;;;nao mensuravel por faixa;1;LEI 9714/1998, publicada em 26/11/1998;;Nova República: 1;1 de 1;;;
art. 46;Prestação de serviços à comunidade ou a entidades públicas;Parte Geral;vigente desde 1940, alterado;;;nao mensuravel por faixa;2;"LEI 7209/1984, publicada em 13/07/1984; LEI 9714/1998, publicada em 26/11/1998";;"Ditadura militar: 1; Nova República: 1";1 de 2;;;
art. 47;Interdição temporária de direitos;Parte Geral;vigente desde 1940, alterado;;;nao mensuravel por faixa;3;"LEI 7209/1984, publicada em 13/07/1984; LEI 9714/1998, publicada em 26/11/1998; LEI 12550/2011, publicada em 16/12/2011";;"Ditadura militar: 1; Nova República: 2";1 de 3;;;
art. 48;;Parte Geral;vigente desde 1940, alterado;;;nao mensuravel por faixa;1;LEI 7209/1984, publicada em 13/07/1984;;Ditadura militar: 1;0 de 1;;;
art. 49;;Parte Geral;vigente desde 1940, alterado;;;nao mensuravel por faixa;1;LEI 7209/1984, publicada em 13/07/1984;;Ditadura militar: 1;0 de 1;;;
art. 50;;Parte Geral;vigente desde 1940, alterado;;;nao mensuravel por faixa;1;LEI 7209/1984, publicada em 13/07/1984;;Ditadura militar: 1;0 de 1;;;
art. 51;Conversão da Multa e revogação;Parte Geral;vigente desde 1940, alterado;;;nao mensuravel por faixa;2;"LEI 9268/1996, publicada em 02/04/1996; LEI 13964/2019, publicada em 24/12/2019";;Nova República: 2;0 de 2;;;
art. 52;Suspensão da execução da multa;Parte Geral;vigente desde 1940, alterado;;;nao mensuravel por faixa;1;LEI 7209/1984, publicada em 13/07/1984;;Ditadura militar: 1;0 de 1;;;
art. 53;;Parte Geral;vigente desde 1940, alterado;;;nao mensuravel por faixa;1;LEI 7209/1984, publicada em 13/07/1984;;Ditadura militar: 1;0 de 1;;;
art. 54;;Parte Geral;vigente desde 1940, alterado;;;nao mensuravel por faixa;1;LEI 7209/1984, publicada em 13/07/1984;;Ditadura militar: 1;0 de 1;;;
art. 55;;Parte Geral;vigente desde 1940, alterado;;;nao mensuravel por faixa;1;LEI 9714/1998, publicada em 26/11/1998;;Nova República: 1;1 de 1;;;
art. 56;;Parte Geral;vigente desde 1940, alterado;;;nao mensuravel por faixa;1;LEI 7209/1984, publicada em 13/07/1984;;Ditadura militar: 1;0 de 1;;;
art. 57;;Parte Geral;vigente desde 1940, alterado;;;nao mensuravel por faixa;1;LEI 7209/1984, publicada em 13/07/1984;;Ditadura militar: 1;0 de 1;;;
art. 58;;Parte Geral;vigente desde 1940, alterado;;;nao mensuravel por faixa;1;LEI 7209/1984, publicada em 13/07/1984;;Ditadura militar: 1;0 de 1;;;
art. 59;;Parte Geral;vigente desde 1940, alterado;;;nao mensuravel por faixa;1;LEI 7209/1984, publicada em 13/07/1984;;Ditadura militar: 1;0 de 1;;;
art. 60;Critérios especiais da pena de multa;Parte Geral;vigente desde 1940, alterado;;;nao mensuravel por faixa;1;LEI 7209/1984, publicada em 13/07/1984;;Ditadura militar: 1;0 de 1;;;
art. 61;Circunstâncias agravantes;Parte Geral;vigente desde 1940, alterado;;;nao mensuravel por faixa;4;"LEI 7209/1984, publicada em 13/07/1984; LEI 10741/2003, publicada em 03/10/2003; LEI 11340/2006, publicada em 08/08/2006; LEI 15159/2025, publicada em 04/07/2025";;"Ditadura militar: 1; Nova República: 3";1 de 4;;;
art. 62;;Parte Geral;vigente desde 1940, alterado;;;nao mensuravel por faixa;1;LEI 7209/1984, publicada em 13/07/1984;;Ditadura militar: 1;0 de 1;;;
art. 63;Reincidência;Parte Geral;vigente desde 1940, alterado;;;nao mensuravel por faixa;1;LEI 7209/1984, publicada em 13/07/1984;;Ditadura militar: 1;0 de 1;;;
art. 64;;Parte Geral;vigente desde 1940, alterado;;;nao mensuravel por faixa;1;LEI 7209/1984, publicada em 13/07/1984;;Ditadura militar: 1;0 de 1;;;
art. 65;Circunstâncias atenuantes;Parte Geral;vigente desde 1940, alterado;;;nao mensuravel por faixa;2;"LEI 7209/1984, publicada em 13/07/1984; LEI 15160/2025, publicada em 04/07/2025";;"Ditadura militar: 1; Nova República: 1";0 de 2;;;
art. 66;;Parte Geral;vigente desde 1940, alterado;;;nao mensuravel por faixa;1;LEI 7209/1984, publicada em 13/07/1984;;Ditadura militar: 1;0 de 1;;;
art. 67;Concurso de circunstâncias agravantes e atenuantes;Parte Geral;vigente desde 1940, alterado;;;nao mensuravel por faixa;1;LEI 7209/1984, publicada em 13/07/1984;;Ditadura militar: 1;0 de 1;;;
art. 68;;Parte Geral;vigente desde 1940, alterado;;;nao mensuravel por faixa;1;LEI 7209/1984, publicada em 13/07/1984;;Ditadura militar: 1;0 de 1;;;
art. 69;Concurso material;Parte Geral;vigente desde 1940, alterado;;;nao mensuravel por faixa;1;LEI 7209/1984, publicada em 13/07/1984;;Ditadura militar: 1;0 de 1;;;
art. 70;Concurso formal;Parte Geral;vigente desde 1940, alterado;;;nao mensuravel por faixa;1;LEI 7209/1984, publicada em 13/07/1984;;Ditadura militar: 1;0 de 1;;;
art. 71;Crime continuado;Parte Geral;vigente desde 1940, alterado;;;nao mensuravel por faixa;1;LEI 7209/1984, publicada em 13/07/1984;;Ditadura militar: 1;0 de 1;;;
art. 72;Multas no concurso de crimes;Parte Geral;vigente desde 1940, alterado;;;nao mensuravel por faixa;1;LEI 7209/1984, publicada em 13/07/1984;;Ditadura militar: 1;0 de 1;;;
art. 73;Erro na execução;Parte Geral;vigente desde 1940, alterado;;;nao mensuravel por faixa;1;LEI 7209/1984, publicada em 13/07/1984;;Ditadura militar: 1;0 de 1;;;
art. 74;Resultado diverso do pretendido;Parte Geral;vigente desde 1940, alterado;;;nao mensuravel por faixa;1;LEI 7209/1984, publicada em 13/07/1984;;Ditadura militar: 1;0 de 1;;;
art. 75;Limite das penas;Parte Geral;vigente desde 1940, alterado;;;nao mensuravel por faixa;2;"LEI 7209/1984, publicada em 13/07/1984; LEI 13964/2019, publicada em 24/12/2019";;"Ditadura militar: 1; Nova República: 1";0 de 2;;;
art. 76;Concurso de infrações;Parte Geral;vigente desde 1940, alterado;;;nao mensuravel por faixa;1;LEI 7209/1984, publicada em 13/07/1984;;Ditadura militar: 1;0 de 1;;;
art. 77;;Parte Geral;vigente desde 1940, alterado;;;nao mensuravel por faixa;2;"LEI 7209/1984, publicada em 13/07/1984; LEI 9714/1998, publicada em 26/11/1998";;"Ditadura militar: 1; Nova República: 1";1 de 2;;;
art. 78;;Parte Geral;vigente desde 1940, alterado;;;nao mensuravel por faixa;2;"LEI 7209/1984, publicada em 13/07/1984; LEI 9268/1996, publicada em 02/04/1996";;"Ditadura militar: 1; Nova República: 1";0 de 2;;;
art. 79;;Parte Geral;vigente desde 1940, alterado;;;nao mensuravel por faixa;1;LEI 7209/1984, publicada em 13/07/1984;;Ditadura militar: 1;0 de 1;;;
art. 80;;Parte Geral;vigente desde 1940, alterado;;;nao mensuravel por faixa;1;LEI 7209/1984, publicada em 13/07/1984;;Ditadura militar: 1;0 de 1;;;
art. 81;;Parte Geral;vigente desde 1940, alterado;;;nao mensuravel por faixa;1;LEI 7209/1984, publicada em 13/07/1984;;Ditadura militar: 1;0 de 1;;;
art. 82;Cumprimento das condições;Parte Geral;vigente desde 1940, alterado;;;nao mensuravel por faixa;1;LEI 7209/1984, publicada em 13/07/1984;;Ditadura militar: 1;0 de 1;;;
art. 83;;Parte Geral;vigente desde 1940, alterado;;;nao mensuravel por faixa;3;"LEI 7209/1984, publicada em 13/07/1984; LEI 13344/2016, publicada em 07/10/2016; LEI 13964/2019, publicada em 24/12/2019";;"Ditadura militar: 1; Nova República: 2";0 de 3;;;
art. 84;Soma de penas;Parte Geral;vigente desde 1940, alterado;;;nao mensuravel por faixa;1;LEI 7209/1984, publicada em 13/07/1984;;Ditadura militar: 1;0 de 1;;;
art. 85;;Parte Geral;vigente desde 1940, alterado;;;nao mensuravel por faixa;1;LEI 7209/1984, publicada em 13/07/1984;;Ditadura militar: 1;0 de 1;;;
art. 86;Revogação do livramento;Parte Geral;vigente desde 1940, alterado;;;nao mensuravel por faixa;1;LEI 7209/1984, publicada em 13/07/1984;;Ditadura militar: 1;0 de 1;;;
art. 87;;Parte Geral;vigente desde 1940, alterado;;;nao mensuravel por faixa;1;LEI 7209/1984, publicada em 13/07/1984;;Ditadura militar: 1;0 de 1;;;
art. 88;Efeitos da revogação;Parte Geral;vigente desde 1940, alterado;;;nao mensuravel por faixa;1;LEI 7209/1984, publicada em 13/07/1984;;Ditadura militar: 1;0 de 1;;;
art. 89;;Parte Geral;vigente desde 1940, alterado;;;nao mensuravel por faixa;1;LEI 7209/1984, publicada em 13/07/1984;;Ditadura militar: 1;0 de 1;;;
art. 90;;Parte Geral;vigente desde 1940, alterado;;;nao mensuravel por faixa;1;LEI 7209/1984, publicada em 13/07/1984;;Ditadura militar: 1;0 de 1;;;
art. 91;Efeitos genéricos e específicos;Parte Geral;vigente desde 1940, alterado;;;nao mensuravel por faixa;2;"LEI 7209/1984, publicada em 13/07/1984; LEI 12694/2012, publicada em 25/07/2012";;"Ditadura militar: 1; Nova República: 1";0 de 2;;;
art. 91-A;;Parte Geral;tipo criado depois de 1940;;;sem pena declarada;2;"LEI 13964/2019, publicada em 24/12/2019; LEI 15358/2026, publicada em 25/03/2026";;Nova República: 2;1 de 2;;;
art. 92;;Parte Geral;vigente desde 1940, alterado;;;nao mensuravel por faixa;5;"LEI 7209/1984, publicada em 13/07/1984; LEI 9268/1996, publicada em 02/04/1996; LEI 14994/2024, publicada em 10/10/2024; LEI 15358/2026, publicada em 25/03/2026; LEI 15487/2026, publicada em 07/08/2026";;"Ditadura militar: 1; Nova República: 4";2 de 5;;;
art. 93;;Parte Geral;vigente desde 1940, alterado;;;nao mensuravel por faixa;1;LEI 7209/1984, publicada em 13/07/1984;;Ditadura militar: 1;0 de 1;;;
art. 94;;Parte Geral;vigente desde 1940, alterado;;;nao mensuravel por faixa;1;LEI 7209/1984, publicada em 13/07/1984;;Ditadura militar: 1;0 de 1;;;
art. 95;;Parte Geral;vigente desde 1940, alterado;;;nao mensuravel por faixa;1;LEI 7209/1984, publicada em 13/07/1984;;Ditadura militar: 1;0 de 1;;;
art. 96;Espécies de medidas de segurança;Parte Geral;vigente desde 1940, alterado;;;nao mensuravel por faixa;1;LEI 7209/1984, publicada em 13/07/1984;;Ditadura militar: 1;0 de 1;;;
art. 97;Imposição da medida de segurança para inimputável;Parte Geral;vigente desde 1940, alterado;;;nao mensuravel por faixa;1;LEI 7209/1984, publicada em 13/07/1984;;Ditadura militar: 1;0 de 1;;;
art. 98;Substituição da pena por medida de segurança para o semi-imputável;Parte Geral;vigente desde 1940, alterado;;;nao mensuravel por faixa;1;LEI 7209/1984, publicada em 13/07/1984;;Ditadura militar: 1;0 de 1;;;
art. 99;;Parte Geral;vigente desde 1940, alterado;;;nao mensuravel por faixa;1;LEI 7209/1984, publicada em 13/07/1984;;Ditadura militar: 1;0 de 1;;;
art. 100;;Parte Geral;vigente desde 1940, alterado;;;nao mensuravel por faixa;1;LEI 7209/1984, publicada em 13/07/1984;;Ditadura militar: 1;0 de 1;;;
art. 101;A ação penal no crime complexo;Parte Geral;vigente desde 1940, alterado;;;nao mensuravel por faixa;1;LEI 7209/1984, publicada em 13/07/1984;;Ditadura militar: 1;0 de 1;;;
art. 102;;Parte Geral;vigente desde 1940, alterado;;;nao mensuravel por faixa;1;LEI 7209/1984, publicada em 13/07/1984;;Ditadura militar: 1;0 de 1;;;
art. 103;Decadência do direito de queixa ou de representação;Parte Geral;vigente desde 1940, alterado;;;nao mensuravel por faixa;2;"LEI 7209/1984, publicada em 13/07/1984; LEI 15438/2026, publicada em 19/06/2026";;"Ditadura militar: 1; Nova República: 1";1 de 2;;;
art. 104;;Parte Geral;vigente desde 1940, alterado;;;nao mensuravel por faixa;1;LEI 7209/1984, publicada em 13/07/1984;;Ditadura militar: 1;0 de 1;;;
art. 105;;Parte Geral;vigente desde 1940, alterado;;;nao mensuravel por faixa;1;LEI 7209/1984, publicada em 13/07/1984;;Ditadura militar: 1;0 de 1;;;
art. 106;;Parte Geral;vigente desde 1940, alterado;;;nao mensuravel por faixa;2;"LEI 7209/1984, publicada em 13/07/1984; LEI 11106/2005, publicada em 29/03/2005";;"Ditadura militar: 1; Nova República: 1";0 de 2;;;
art. 107;;Parte Geral;vigente desde 1940, sem alteração;;;nao mensuravel por faixa;0;;;;;;;
art. 108;;Parte Geral;vigente desde 1940, alterado;;;nao mensuravel por faixa;1;LEI 7209/1984, publicada em 13/07/1984;;Ditadura militar: 1;0 de 1;;;
art. 109;Prescrição antes de transitar em julgado a sentença;Parte Geral;vigente desde 1940, alterado;;;nao mensuravel por faixa;2;"LEI 7209/1984, publicada em 13/07/1984; LEI 12234/2010, publicada em 06/05/2010";;"Ditadura militar: 1; Nova República: 1";1 de 2;;;
art. 110;;Parte Geral;vigente desde 1940, alterado;;;nao mensuravel por faixa;2;"LEI 7209/1984, publicada em 13/07/1984; LEI 12234/2010, publicada em 06/05/2010";;"Ditadura militar: 1; Nova República: 1";1 de 2;;;
art. 111;;Parte Geral;vigente desde 1940, alterado;;;nao mensuravel por faixa;2;"LEI 7209/1984, publicada em 13/07/1984; LEI 14344/2022, publicada em 25/05/2022";;"Ditadura militar: 1; Nova República: 1";1 de 2;;;
art. 112;Termo inicial da prescrição após a sentença condenatória irrecorrível;Parte Geral;vigente desde 1940, alterado;;;nao mensuravel por faixa;1;LEI 7209/1984, publicada em 13/07/1984;;Ditadura militar: 1;0 de 1;;;
art. 113;;Parte Geral;vigente desde 1940, alterado;;;nao mensuravel por faixa;1;LEI 7209/1984, publicada em 13/07/1984;;Ditadura militar: 1;0 de 1;;;
art. 114;;Parte Geral;vigente desde 1940, alterado;;;nao mensuravel por faixa;1;LEI 9268/1996, publicada em 02/04/1996;;Nova República: 1;0 de 1;;;
art. 115;Redução dos prazos de prescrição;Parte Geral;vigente desde 1940, alterado;;;nao mensuravel por faixa;1;LEI 15160/2025, publicada em 04/07/2025;;Nova República: 1;0 de 1;;;
art. 116;Causas impeditivas da prescrição;Parte Geral;vigente desde 1940, alterado;;;nao mensuravel por faixa;2;"LEI 7209/1984, publicada em 13/07/1984; LEI 13964/2019, publicada em 24/12/2019";;"Ditadura militar: 1; Nova República: 1";0 de 2;;;
art. 117;;Parte Geral;vigente desde 1940, alterado;;;nao mensuravel por faixa;3;"LEI 7209/1984, publicada em 13/07/1984; LEI 9268/1996, publicada em 02/04/1996; LEI 11596/2007, publicada em 30/11/2007";;"Ditadura militar: 1; Nova República: 2";0 de 3;;;
art. 118;;Parte Geral;vigente desde 1940, alterado;;;nao mensuravel por faixa;1;LEI 7209/1984, publicada em 13/07/1984;;Ditadura militar: 1;0 de 1;;;
art. 119;;Parte Geral;vigente desde 1940, alterado;;;nao mensuravel por faixa;1;LEI 7209/1984, publicada em 13/07/1984;;Ditadura militar: 1;0 de 1;;;
art. 120;;Parte Geral;vigente desde 1940, alterado;;;nao mensuravel por faixa;1;LEI 7209/1984, publicada em 13/07/1984;;Ditadura militar: 1;0 de 1;;;
art. 121;Homicídio simples;Título I, DOS CRIMES CONTRA A PESSOA;vigente desde 1940, alterado;1 ano a 30 anos;1 ano a 40 anos;agrava;11;"LEI 6416/1977, publicada em 25/05/1977; LEI 10741/2003, publicada em 03/10/2003; LEI 12720/2012, publicada em 28/09/2012; LEI 13104/2015, publicada em 10/03/2015; LEI 13964/2019, publicada em 24/12/2019; LEI 14344/2022, publicada em 25/05/2022; LEI 14811/2024, publicada em 15/01/2024; LEI 14994/2024, publicada em 10/10/2024; LEI 15134/2025, publicada em 07/05/2025; LEI 15159/2025, publicada em 04/07/2025; LEI 15358/2026, publicada em 25/03/2026";25/03/2026, Lei 15358/2026: agrava;"Ditadura militar: 1; Nova República: 10";2 de 11;teste da janela da lei: vinha subindo antes? não (-41,62/mês);Homicídio doloso;homicídio em atividade típica de grupo de extermínio e homicídio qualificado (art. 121, § 2º) (inciso I)
art. 121-A;Feminicídio;Título I, DOS CRIMES CONTRA A PESSOA;tipo criado depois de 1940;;20 anos a 40 anos;agrava;2;"LEI 14994/2024, publicada em 10/10/2024; LEI 15384/2026, publicada em 10/04/2026";10/10/2024, Lei 14994/2024: cria pena;Nova República: 2;1 de 2;"2024: MVI 46.441 para 44.220; teste da janela da lei: vinha subindo antes? não (-0,86/mês)";Feminicídio;feminicídio (inciso I-B)
art. 121-B;Vicaricídio;Título I, DOS CRIMES CONTRA A PESSOA;tipo criado depois de 1940;;20 anos a 40 anos;agrava;2;"LEI 13968/2019, publicada em 27/12/2019; LEI 15384/2026, publicada em 10/04/2026";10/04/2026, Lei 15384/2026: cria pena;Nova República: 2;1 de 2;;;vicaricídio (inciso I-C, incluído pela Lei n. 15.384, de 2026)
art. 122;Induzimento, instigação ou auxílio a suicídio ou a automutilação;Título I, DOS CRIMES CONTRA A PESSOA;vigente desde 1940, alterado;2 anos a 6 anos;6 meses a 6 anos;abranda;2;"LEI 13968/2019, publicada em 27/12/2019; LEI 14811/2024, publicada em 15/01/2024";;Nova República: 2;0 de 2;;;induzimento, instigação ou auxílio a suicídio ou a automutilação por rede de computadores, rede social ou transmissão em tempo real (art. 122, caput e § 4º) (inciso X)
art. 123;Infanticídio;Título I, DOS CRIMES CONTRA A PESSOA;vigente desde 1940, sem alteração;2 anos a 6 anos;2 anos a 6 anos;mantem;0;;;;;;;
art. 124;Aborto provocado pela gestante ou com seu consentimento;Título I, DOS CRIMES CONTRA A PESSOA;vigente desde 1940, sem alteração;1 ano a 3 anos;1 ano a 3 anos;mantem;0;;;;;;;
art. 125;Aborto provocado por terceiro;Título I, DOS CRIMES CONTRA A PESSOA;vigente desde 1940, sem alteração;3 anos a 10 anos;3 anos a 10 anos;mantem;0;;;;;;;
art. 126;;Título I, DOS CRIMES CONTRA A PESSOA;vigente desde 1940, sem alteração;1 ano a 4 anos;1 ano a 4 anos;mantem;0;;;;;;;
art. 127;Forma qualificada;Título I, DOS CRIMES CONTRA A PESSOA;vigente desde 1940, sem alteração;;;nao mensuravel por faixa;0;;;;;;;
art. 128;;Título I, DOS CRIMES CONTRA A PESSOA;vigente desde 1940, sem alteração;;;nao mensuravel por faixa;0;;;;;;;
art. 129;Lesão corporal;Título I, DOS CRIMES CONTRA A PESSOA;vigente desde 1940, alterado;2 meses a 12 anos;2 meses a 40 anos;agrava;8;"LEI 8069/1990, publicada em 16/07/1990; LEI 10886/2004, publicada em 18/06/2004; LEI 11340/2006, publicada em 08/08/2006; LEI 12720/2012, publicada em 28/09/2012; LEI 14994/2024, publicada em 10/10/2024; LEI 15159/2025, publicada em 04/07/2025; LEI 15358/2026, publicada em 25/03/2026; LEI 15455/2026, publicada em 02/07/2026";18/06/2004, Lei 10886/2004: abranda | 08/08/2006, Lei 11340/2006: agrava | 10/10/2024, Lei 14994/2024: agrava | 25/03/2026, Lei 15358/2026: agrava;Nova República: 8;4 de 8;2024: MVI 46.441 para 44.220;Lesão corporal seguida de morte;lesão corporal gravíssima e lesão seguida de morte contra agentes de segurança, membros do Judiciário, do Ministério Público, da Defensoria e da Advocacia Pública, oficiais de justiça e seus familiares, ou nas dependências de instituição de ensino (inciso I-A)
art. 130;Perigo de contágio venéreo;Título I, DOS CRIMES CONTRA A PESSOA;vigente desde 1940, sem alteração;3 meses a 4 anos;3 meses a 4 anos;mantem;0;;;;;;;
art. 131;Perigo de contágio de moléstia grave;Título I, DOS CRIMES CONTRA A PESSOA;vigente desde 1940, sem alteração;1 ano a 4 anos;1 ano a 4 anos;mantem;0;;;;;;;
art. 132;Perigo para a vida ou saúde de outrem;Título I, DOS CRIMES CONTRA A PESSOA;vigente desde 1940, alterado;3 meses a 1 ano;3 meses a 1 ano;mantem;1;LEI 9777/1998, publicada em 30/12/1998;;Nova República: 1;1 de 1;;;
art. 133;Abandono de incapaz;Título I, DOS CRIMES CONTRA A PESSOA;vigente desde 1940, alterado;6 meses a 12 anos;2 anos a 14 anos;agrava;2;"LEI 10741/2003, publicada em 03/10/2003; LEI 15163/2025, publicada em 04/07/2025";04/07/2025, Lei 15163/2025: agrava;Nova República: 2;0 de 2;2025: MVI 44.220 para 40.775;;
art. 134;Exposição ou abandono de recém-nascido;Título I, DOS CRIMES CONTRA A PESSOA;vigente desde 1940, sem alteração;6 meses a 6 anos;6 meses a 6 anos;mantem;0;;;;;;;
art. 135;Omissão de socorro;Título I, DOS CRIMES CONTRA A PESSOA;vigente desde 1940, alterado;1 mês a 6 meses;1 mês a 6 meses;mantem;1;LEI 12653/2012, publicada em 29/05/2012;;Nova República: 1;0 de 1;;;
art. 135-A;Condicionamento de atendimento médico-hospitalar emergencial;Título I, DOS CRIMES CONTRA A PESSOA;tipo criado depois de 1940;;3 meses a 1 ano;agrava;1;LEI 12653/2012, publicada em 29/05/2012;29/05/2012, Lei 12653/2012: cria pena;Nova República: 1;0 de 1;;;
art. 136;Maus-tratos;Título I, DOS CRIMES CONTRA A PESSOA;vigente desde 1940, alterado;2 meses a 12 anos;2 anos a 14 anos;agrava;2;"LEI 8069/1990, publicada em 16/07/1990; LEI 15163/2025, publicada em 04/07/2025";04/07/2025, Lei 15163/2025: agrava;Nova República: 2;1 de 2;2025: MVI 44.220 para 40.775;;
art. 137;Rixa;Título I, DOS CRIMES CONTRA A PESSOA;vigente desde 1940, sem alteração;0,5 meses a 2 meses;0,5 meses a 2 meses;mantem;0;;;;;;;
art. 138;Calúnia;Título I, DOS CRIMES CONTRA A PESSOA;vigente desde 1940, sem alteração;6 meses a 2 anos;6 meses a 2 anos;mantem;0;;;;;;;
art. 139;Difamação;Título I, DOS CRIMES CONTRA A PESSOA;vigente desde 1940, sem alteração;3 meses a 1 ano;3 meses a 1 ano;mantem;0;;;;;;;
art. 140;Injúria;Título I, DOS CRIMES CONTRA A PESSOA;vigente desde 1940, alterado;1 mês a 1 ano;1 mês a 3 anos;agrava;1;LEI 14532/2023, publicada em 11/01/2023;11/01/2023, Lei 14532/2023: agrava;Nova República: 1;0 de 1;2023: MVI 47.963 para 46.441;;
art. 141;Disposições comuns;Título I, DOS CRIMES CONTRA A PESSOA;vigente desde 1940, alterado;;;nao mensuravel por faixa;4;"LEI 13964/2019, publicada em 24/12/2019; LEI 14197/2021, publicada em 02/09/2021; LEI 14344/2022, publicada em 25/05/2022; LEI 14994/2024, publicada em 10/10/2024";;Nova República: 4;1 de 4;;;
art. 142;Exclusão do crime;Título I, DOS CRIMES CONTRA A PESSOA;vigente desde 1940, sem alteração;;;nao mensuravel por faixa;0;;;;;;;
art. 143;Retratação;Título I, DOS CRIMES CONTRA A PESSOA;vigente desde 1940, alterado;;;nao mensuravel por faixa;1;LEI 13188/2015, publicada em 12/11/2015;;Nova República: 1;0 de 1;;;
art. 144;;Título I, DOS CRIMES CONTRA A PESSOA;vigente desde 1940, sem alteração;;;nao mensuravel por faixa;0;;;;;;;
art. 145;;Título I, DOS CRIMES CONTRA A PESSOA;vigente desde 1940, alterado;;;nao mensuravel por faixa;1;LEI 12033/2009, publicada em 30/09/2009;;Nova República: 1;0 de 1;;;
art. 146;Constrangimento ilegal;Título I, DOS CRIMES CONTRA A PESSOA;vigente desde 1940, sem alteração;3 meses a 1 ano;3 meses a 1 ano;mantem;0;;;;;;;
art. 146-A;;Título I, DOS CRIMES CONTRA A PESSOA;tipo criado depois de 1940;;2 anos a 4 anos;agrava;1;LEI 14811/2024, publicada em 15/01/2024;15/01/2024, Lei 14811/2024: cria pena;Nova República: 1;0 de 1;2024: MVI 46.441 para 44.220;;
art. 147;Ameaça;Título I, DOS CRIMES CONTRA A PESSOA;vigente desde 1940, alterado;1 mês a 6 meses;1 mês a 6 meses;mantem;1;LEI 14994/2024, publicada em 10/10/2024;;Nova República: 1;0 de 1;;;
art. 147-A;Perseguição;Título I, DOS CRIMES CONTRA A PESSOA;tipo criado depois de 1940;;6 meses a 2 anos;agrava;2;"LEI 14132/2021, publicada em 01/04/2021; LEI 14188/2021, publicada em 29/07/2021";;Nova República: 2;0 de 2;;;
art. 147-B;Violência psicológica contra a mulher;Título I, DOS CRIMES CONTRA A PESSOA;tipo criado depois de 1940;;6 meses a 2 anos;agrava;2;"LEI 14188/2021, publicada em 29/07/2021; LEI 15123/2025, publicada em 25/04/2025";29/07/2021, Lei 14188/2021: cria pena;Nova República: 2;0 de 2;2021: MVI 50.448 para 48.286;;
art. 147-C;;Título I, DOS CRIMES CONTRA A PESSOA;tipo criado depois de 1940;;1 ano a 3 anos;agrava;1;LEI 15358/2026, publicada em 25/03/2026;25/03/2026, Lei 15358/2026: cria pena;Nova República: 1;1 de 1;;;
art. 148;Seqüestro e cárcere privado;Título I, DOS CRIMES CONTRA A PESSOA;vigente desde 1940, alterado;1 ano a 8 anos;1 ano a 20 anos;agrava;2;"LEI 11106/2005, publicada em 29/03/2005; LEI 15358/2026, publicada em 25/03/2026";25/03/2026, Lei 15358/2026: agrava;Nova República: 2;1 de 2;;;sequestro e cárcere privado contra menor de 18 anos (art. 148, § 1º, IV) (inciso XI)
art. 149;Redução a condição análoga à de escravo;Título I, DOS CRIMES CONTRA A PESSOA;vigente desde 1940, alterado;2 anos a 8 anos;2 anos a 8 anos;mantem;2;"LEI 10803/2003, publicada em 12/12/2003; LEI 13344/2016, publicada em 07/10/2016";12/12/2003, Lei 10803/2003: mantem;Nova República: 2;0 de 2;;;
art. 149-A;Tráfico de Pessoas;Título I, DOS CRIMES CONTRA A PESSOA;tipo criado depois de 1940;;4 anos a 8 anos;agrava;1;LEI 13344/2016, publicada em 07/10/2016;07/10/2016, Lei 13344/2016: cria pena;Nova República: 1;0 de 1;2016: MVI 58.437 para 61.600;;tráfico de pessoas contra criança ou adolescente (inciso XII)
art. 150;Violação de domicílio;Título I, DOS CRIMES CONTRA A PESSOA;vigente desde 1940, alterado;1 mês a 2 anos;1 mês a 2 anos;mantem;1;LEI 13869/2019, publicada em 05/09/2019;;Nova República: 1;0 de 1;;;
art. 151;Violação de correspondência;Título I, DOS CRIMES CONTRA A PESSOA;vigente desde 1940, sem alteração;1 mês a 3 anos;1 mês a 3 anos;mantem;0;;;;;;;
art. 152;Correspondência comercial;Título I, DOS CRIMES CONTRA A PESSOA;vigente desde 1940, sem alteração;3 meses a 2 anos;3 meses a 2 anos;mantem;0;;;;;;;
art. 153;Divulgação de segredo;Título I, DOS CRIMES CONTRA A PESSOA;vigente desde 1940, alterado;1 mês a 6 meses;1 mês a 4 anos;agrava;1;LEI 9983/2000, publicada em 17/07/2000;17/07/2000, Lei 9983/2000: agrava;Nova República: 1;0 de 1;;;
art. 154;Violação do segredo profissional;Título I, DOS CRIMES CONTRA A PESSOA;vigente desde 1940, alterado;3 meses a 1 ano;3 meses a 1 ano;mantem;1;LEI 12737/2012, publicada em 03/12/2012;;Nova República: 1;0 de 1;;;
art. 154-A;Invasão de dispositivo informático;Título I, DOS CRIMES CONTRA A PESSOA;tipo criado depois de 1940;;1 ano a 5 anos;agrava;2;"LEI 12737/2012, publicada em 03/12/2012; LEI 14155/2021, publicada em 28/05/2021";03/12/2012, Lei 12737/2012: cria pena | 28/05/2021, Lei 14155/2021: agrava;Nova República: 2;0 de 2;2021: MVI 50.448 para 48.286;;
art. 154-B;Ação penal;Título I, DOS CRIMES CONTRA A PESSOA;tipo criado depois de 1940;;;sem pena declarada;1;LEI 12737/2012, publicada em 03/12/2012;;Nova República: 1;0 de 1;;;
art. 155;Furto;Título II, DOS CRIMES CONTRA O PATRIMÔNIO;vigente desde 1940, alterado;1 ano a 4 anos;1 ano a 10 anos;agrava;4;"LEI 13654/2018, publicada em 24/04/2018; LEI 14155/2021, publicada em 28/05/2021; LEI 15358/2026, publicada em 25/03/2026; LEI 15397/2026, publicada em 04/05/2026";24/04/2018, Lei 13654/2018: agrava | 25/03/2026, Lei 15358/2026: mantem | 04/05/2026, Lei 15397/2026: abranda;Nova República: 4;3 de 4;2018: MVI 64.079 para 57.592;Furto de veículo;furto qualificado pelo emprego de explosivo ou artefato análogo (art. 155, § 4º-A) (inciso IX)
art. 156;Furto de coisa comum;Título II, DOS CRIMES CONTRA O PATRIMÔNIO;vigente desde 1940, sem alteração;6 meses a 2 anos;6 meses a 2 anos;mantem;0;;;;;;;
art. 157;Roubo;Título II, DOS CRIMES CONTRA O PATRIMÔNIO;vigente desde 1940, alterado;4 anos a 15 anos;6 anos a 40 anos;agrava;6;"LEI 9426/1996, publicada em 26/12/1996; LEI 13654/2018, publicada em 24/04/2018; LEI 13964/2019, publicada em 24/12/2019; LEI 15181/2025, publicada em 29/07/2025; LEI 15358/2026, publicada em 25/03/2026; LEI 15397/2026, publicada em 04/05/2026";26/12/1996, Lei 9426/1996: agrava | 24/04/2018, Lei 13654/2018: agrava | 29/07/2025, Lei 15181/2025: abranda | 25/03/2026, Lei 15358/2026: agrava | 04/05/2026, Lei 15397/2026: abranda;Nova República: 6;3 de 6;"2018: MVI 64.079 para 57.592; 2025: MVI 44.220 para 40.775";Roubo seguido de morte (latrocínio);roubo com restrição de liberdade da vítima, com emprego de arma de fogo, ou qualificado por lesão grave ou morte (inciso II)
art. 158;Extorsão;Título II, DOS CRIMES CONTRA O PATRIMÔNIO;vigente desde 1940, alterado;4 anos a 10 anos;4 anos a 12 anos;agrava;2;"LEI 11923/2009, publicada em 17/04/2009; LEI 15358/2026, publicada em 25/03/2026";17/04/2009, Lei 11923/2009: agrava;Nova República: 2;1 de 2;;;extorsão qualificada pela restrição da liberdade, lesão corporal ou morte (art. 158, § 3º) (inciso III)
art. 159;Extorsão mediante seqüestro;Título II, DOS CRIMES CONTRA O PATRIMÔNIO;vigente desde 1940, alterado;6 anos a 30 anos;8 anos a 30 anos;agrava;4;"LEI 8072/1990, publicada em 26/07/1990; LEI 9269/1996, publicada em 03/04/1996; LEI 10741/2003, publicada em 03/10/2003; LEI 15358/2026, publicada em 25/03/2026";26/07/1990, Lei 8072/1990: agrava;Nova República: 4;2 de 4;;;extorsão mediante sequestro, simples e qualificada (inciso IV)
art. 160;Extorsão indireta;Título II, DOS CRIMES CONTRA O PATRIMÔNIO;vigente desde 1940, sem alteração;1 ano a 3 anos;1 ano a 3 anos;mantem;0;;;;;;;
art. 161;Alteração de limites;Título II, DOS CRIMES CONTRA O PATRIMÔNIO;vigente desde 1940, sem alteração;1 mês a 6 meses;1 mês a 6 meses;mantem;0;;;;;;;
art. 162;Supressão ou alteração de marca em animais;Título II, DOS CRIMES CONTRA O PATRIMÔNIO;vigente desde 1940, sem alteração;6 meses a 3 anos;6 meses a 3 anos;mantem;0;;;;;;;
art. 163;Dano;Título II, DOS CRIMES CONTRA O PATRIMÔNIO;vigente desde 1940, alterado;1 mês a 3 anos;1 mês a 3 anos;mantem;1;LEI 13531/2017, publicada em 08/12/2017;;Nova República: 1;0 de 1;;;
art. 164;Introdução ou abandono de animais em propriedade alheia;Título II, DOS CRIMES CONTRA O PATRIMÔNIO;vigente desde 1940, sem alteração;0,5 meses a 6 meses;0,5 meses a 6 meses;mantem;0;;;;;;;
art. 165;Dano em coisa de valor artístico, arqueológico ou histórico;Título II, DOS CRIMES CONTRA O PATRIMÔNIO;vigente desde 1940, sem alteração;6 meses a 2 anos;6 meses a 2 anos;mantem;0;;;;;;;
art. 166;Alteração de local especialmente protegido;Título II, DOS CRIMES CONTRA O PATRIMÔNIO;vigente desde 1940, sem alteração;1 mês a 1 ano;1 mês a 1 ano;mantem;0;;;;;;;
art. 167;Ação penal;Título II, DOS CRIMES CONTRA O PATRIMÔNIO;vigente desde 1940, sem alteração;;;nao mensuravel por faixa;0;;;;;;;
art. 168;Apropriação indébita;Título II, DOS CRIMES CONTRA O PATRIMÔNIO;vigente desde 1940, alterado;1 ano a 4 anos;1 ano a 4 anos;mantem;1;LEI 9983/2000, publicada em 17/07/2000;;Nova República: 1;0 de 1;;;
art. 168-A;Apropriação indébita previdenciária;Título II, DOS CRIMES CONTRA O PATRIMÔNIO;tipo criado depois de 1940;;2 anos a 5 anos;agrava;3;"LEI 9983/2000, publicada em 17/07/2000; LEI 13606/2018, publicada em 10/01/2018; LC 225/2026, publicada em 09/01/2026";17/07/2000, Lei 9983/2000: cria pena;Nova República: 3;2 de 3;;;
art. 169;Apropriação de coisa havida por erro, caso fortuito ou força da natureza;Título II, DOS CRIMES CONTRA O PATRIMÔNIO;vigente desde 1940, sem alteração;1 mês a 1 ano;1 mês a 1 ano;mantem;0;;;;;;;
art. 170;;Título II, DOS CRIMES CONTRA O PATRIMÔNIO;vigente desde 1940, sem alteração;;;nao mensuravel por faixa;0;;;;;;;
art. 171;Estelionato;Título II, DOS CRIMES CONTRA O PATRIMÔNIO;vigente desde 1940, alterado;1 ano a 5 anos;1 ano a 5 anos;mantem;2;"LEI 14155/2021, publicada em 28/05/2021; LEI 15397/2026, publicada em 04/05/2026";28/05/2021, Lei 14155/2021: agrava | 04/05/2026, Lei 15397/2026: abranda;Nova República: 2;1 de 2;2021: MVI 50.448 para 48.286;;
art. 171-A;;Título II, DOS CRIMES CONTRA O PATRIMÔNIO;tipo criado depois de 1940;;4 anos a 8 anos;agrava;1;LEI 14478/2022, publicada em 22/12/2022;22/12/2022, Lei 14478/2022: cria pena;Nova República: 1;1 de 1;2022: MVI 48.286 para 47.963;;
art. 172;Duplicata simulada;Título II, DOS CRIMES CONTRA O PATRIMÔNIO;vigente desde 1940, alterado;1 ano a 3 anos;2 anos a 4 anos;agrava;2;"LEI 5474/1968, publicada em 19/07/1968; LEI 8137/1990, publicada em 28/12/1990";19/07/1968, Lei 5474/1968: agrava | 28/12/1990, Lei 8137/1990: abranda;"Ditadura militar: 1; Nova República: 1";1 de 2;;;
art. 173;Abuso de incapazes;Título II, DOS CRIMES CONTRA O PATRIMÔNIO;vigente desde 1940, sem alteração;2 anos a 6 anos;2 anos a 6 anos;mantem;0;;;;;;;
art. 174;Induzimento à especulação;Título II, DOS CRIMES CONTRA O PATRIMÔNIO;vigente desde 1940, sem alteração;1 ano a 3 anos;1 ano a 3 anos;mantem;0;;;;;;;
art. 175;Fraude no comércio;Título II, DOS CRIMES CONTRA O PATRIMÔNIO;vigente desde 1940, sem alteração;6 meses a 5 anos;6 meses a 5 anos;mantem;0;;;;;;;
art. 176;Outras fraudes;Título II, DOS CRIMES CONTRA O PATRIMÔNIO;vigente desde 1940, sem alteração;0,5 meses a 2 meses;0,5 meses a 2 meses;mantem;0;;;;;;;
art. 177;Fraudes e abusos na fundação ou administração de sociedade por ações;Título II, DOS CRIMES CONTRA O PATRIMÔNIO;vigente desde 1940, sem alteração;1 ano a 4 anos;1 ano a 4 anos;mantem;0;;;;;;;
art. 178;"Emissão irregular de conhecimento de depósito ou ""warrant""";Título II, DOS CRIMES CONTRA O PATRIMÔNIO;vigente desde 1940, sem alteração;1 ano a 4 anos;1 ano a 4 anos;mantem;0;;;;;;;
art. 179;Fraude à execução;Título II, DOS CRIMES CONTRA O PATRIMÔNIO;vigente desde 1940, sem alteração;6 meses a 2 anos;6 meses a 2 anos;mantem;0;;;;;;;
art. 180;Receptação;Título II, DOS CRIMES CONTRA O PATRIMÔNIO;vigente desde 1940, alterado;1 mês a 4 anos;1 mês a 8 anos;agrava;5;"LEI 9426/1996, publicada em 26/12/1996; LEI 13531/2017, publicada em 08/12/2017; LEI 15181/2025, publicada em 29/07/2025; LEI 15358/2026, publicada em 25/03/2026; LEI 15397/2026, publicada em 04/05/2026";26/12/1996, Lei 9426/1996: agrava | 04/05/2026, Lei 15397/2026: abranda;Nova República: 5;2 de 5;;;
art. 180-A;Receptação de animal;Título II, DOS CRIMES CONTRA O PATRIMÔNIO;tipo criado depois de 1940;;3 anos a 8 anos;agrava;1;LEI 15397/2026, publicada em 04/05/2026;04/05/2026, Lei 15397/2026: cria pena;Nova República: 1;1 de 1;;;
art. 181;;Título II, DOS CRIMES CONTRA O PATRIMÔNIO;vigente desde 1940, sem alteração;;;nao mensuravel por faixa;0;;;;;;;
art. 182;;Título II, DOS CRIMES CONTRA O PATRIMÔNIO;vigente desde 1940, sem alteração;;;nao mensuravel por faixa;0;;;;;;;
art. 183;;Título II, DOS CRIMES CONTRA O PATRIMÔNIO;vigente desde 1940, alterado;;;nao mensuravel por faixa;1;LEI 10741/2003, publicada em 03/10/2003;;Nova República: 1;0 de 1;;;
art. 183-A;;Título II, DOS CRIMES CONTRA O PATRIMÔNIO;tipo criado depois de 1940;;;sem pena declarada;1;LEI 14967/2024, publicada em 10/09/2024;;Nova República: 1;0 de 1;;;
art. 184;Violação de direito autoral;Título III, DOS CRIMES CONTRA A PROPRIEDADE IMATERIAL;vigente desde 1940, alterado;3 meses a 1 ano;3 meses a 4 anos;agrava;1;LEI 10695/2003, publicada em 02/07/2003;02/07/2003, Lei 10695/2003: agrava;Nova República: 1;0 de 1;;;
art. 185;Usurpação de nome ou pseudônimo alheio;Título III, DOS CRIMES CONTRA A PROPRIEDADE IMATERIAL;descontinuado: a pena de 1940 foi retirada do artigo;6 meses a 2 anos;;abranda;1;LEI 10695/2003, publicada em 02/07/2003;;Nova República: 1;0 de 1;;;
art. 186;;Título III, DOS CRIMES CONTRA A PROPRIEDADE IMATERIAL;vigente desde 1940, alterado;;;nao mensuravel por faixa;1;LEI 10695/2003, publicada em 02/07/2003;;Nova República: 1;0 de 1;;;
art. 187;;Título III, DOS CRIMES CONTRA A PROPRIEDADE IMATERIAL;descontinuado: a pena de 1940 foi retirada do artigo;6 meses a 1 ano;;abranda;1;LEI 9279/1996, publicada em 15/05/1996;15/05/1996, Lei 9279/1996: abranda;Nova República: 1;0 de 1;;;
art. 188;;Título III, DOS CRIMES CONTRA A PROPRIEDADE IMATERIAL;descontinuado: a pena de 1940 foi retirada do artigo;1 mês a 6 meses;;abranda;1;LEI 9279/1996, publicada em 15/05/1996;15/05/1996, Lei 9279/1996: abranda;Nova República: 1;0 de 1;;;
art. 189;Usurpação ou indevida exploração de modelo ou desenho privilegiado;Título III, DOS CRIMES CONTRA A PROPRIEDADE IMATERIAL;descontinuado: a pena de 1940 foi retirada do artigo;1 mês a 6 meses;;abranda;1;LEI 9279/1996, publicada em 15/05/1996;15/05/1996, Lei 9279/1996: agrava;Nova República: 1;0 de 1;;;
art. 190;desenho;Título III, DOS CRIMES CONTRA A PROPRIEDADE IMATERIAL;descontinuado: a pena de 1940 foi retirada do artigo;1 mês a 3 meses;;abranda;1;LEI 9279/1996, publicada em 15/05/1996;15/05/1996, Lei 9279/1996: mantem;Nova República: 1;0 de 1;;;
art. 191;;Título III, DOS CRIMES CONTRA A PROPRIEDADE IMATERIAL;vigente desde 1940, alterado;;;nao mensuravel por faixa;1;LEI 9279/1996, publicada em 15/05/1996;15/05/1996, Lei 9279/1996: cria pena;Nova República: 1;0 de 1;;;
art. 192;Violação do direito de marca;Título III, DOS CRIMES CONTRA A PROPRIEDADE IMATERIAL;descontinuado: a pena de 1940 foi retirada do artigo;3 meses a 1 ano;;abranda;1;LEI 9279/1996, publicada em 15/05/1996;15/05/1996, Lei 9279/1996: abranda;Nova República: 1;0 de 1;;;
art. 193;Uso indevido de armas, brasões e distintivos públicos;Título III, DOS CRIMES CONTRA A PROPRIEDADE IMATERIAL;descontinuado: a pena de 1940 foi retirada do artigo;1 mês a 6 meses;;abranda;1;LEI 9279/1996, publicada em 15/05/1996;15/05/1996, Lei 9279/1996: abranda;Nova República: 1;0 de 1;;;
art. 194;Marca com falsa indicação de procedência;Título III, DOS CRIMES CONTRA A PROPRIEDADE IMATERIAL;descontinuado: a pena de 1940 foi retirada do artigo;1 mês a 6 meses;;abranda;1;LEI 9279/1996, publicada em 15/05/1996;15/05/1996, Lei 9279/1996: abranda;Nova República: 1;0 de 1;;;
art. 195;;Título III, DOS CRIMES CONTRA A PROPRIEDADE IMATERIAL;vigente desde 1940, alterado;;;nao mensuravel por faixa;1;LEI 9279/1996, publicada em 15/05/1996;15/05/1996, Lei 9279/1996: cria pena;Nova República: 1;0 de 1;;;
art. 196;Concorrência desleal;Título III, DOS CRIMES CONTRA A PROPRIEDADE IMATERIAL;descontinuado: a pena de 1940 foi retirada do artigo;3 meses a 1 ano;;abranda;1;LEI 9279/1996, publicada em 15/05/1996;;Nova República: 1;0 de 1;;;
art. 197;Atentado contra a liberdade de trabalho;Título IV, DOS CRIMES CONTRA A ORGANIZAÇÃO DO TRABALHO;vigente desde 1940, sem alteração;1 mês a 1 ano;1 mês a 1 ano;mantem;0;;;;;;;
art. 198;Atentado contra a liberdade de contrato de trabalho e boicotagem violenta;Título IV, DOS CRIMES CONTRA A ORGANIZAÇÃO DO TRABALHO;vigente desde 1940, sem alteração;1 mês a 1 ano;1 mês a 1 ano;mantem;0;;;;;;;
art. 199;Atentado contra a liberdade de associação;Título IV, DOS CRIMES CONTRA A ORGANIZAÇÃO DO TRABALHO;vigente desde 1940, sem alteração;1 mês a 1 ano;1 mês a 1 ano;mantem;0;;;;;;;
art. 200;Paralisação de trabalho, seguida de violência ou perturbação da ordem;Título IV, DOS CRIMES CONTRA A ORGANIZAÇÃO DO TRABALHO;vigente desde 1940, sem alteração;1 mês a 1 ano;1 mês a 1 ano;mantem;0;;;;;;;
art. 201;Paralisação de trabalho de interesse coletivo;Título IV, DOS CRIMES CONTRA A ORGANIZAÇÃO DO TRABALHO;vigente desde 1940, sem alteração;6 meses a 2 anos;6 meses a 2 anos;mantem;0;;;;;;;
art. 202;Invasão de estabelecimento industrial, comercial ou agrícola. Sabotagem;Título IV, DOS CRIMES CONTRA A ORGANIZAÇÃO DO TRABALHO;vigente desde 1940, sem alteração;1 ano a 3 anos;1 ano a 3 anos;mantem;0;;;;;;;
art. 203;Frustração de direito assegurado por lei trabalhista;Título IV, DOS CRIMES CONTRA A ORGANIZAÇÃO DO TRABALHO;vigente desde 1940, alterado;1 mês a 1 ano;1 ano a 2 anos;agrava;1;LEI 9777/1998, publicada em 30/12/1998;30/12/1998, Lei 9777/1998: agrava;Nova República: 1;1 de 1;;;
art. 204;Frustração de lei sobre a nacionalização do trabalho;Título IV, DOS CRIMES CONTRA A ORGANIZAÇÃO DO TRABALHO;vigente desde 1940, sem alteração;1 mês a 1 ano;1 mês a 1 ano;mantem;0;;;;;;;
art. 205;Exercício de atividade com infração de decisão administrativa;Título IV, DOS CRIMES CONTRA A ORGANIZAÇÃO DO TRABALHO;vigente desde 1940, sem alteração;3 meses a 2 anos;3 meses a 2 anos;mantem;0;;;;;;;
art. 206;Aliciamento para o fim de emigração;Título IV, DOS CRIMES CONTRA A ORGANIZAÇÃO DO TRABALHO;vigente desde 1940, alterado;1 ano a 3 anos;1 ano a 3 anos;mantem;1;LEI 8683/1993, publicada em 16/07/1993;16/07/1993, Lei 8683/1993: mantem;Nova República: 1;0 de 1;;;
art. 207;Aliciamento de trabalhadores de um local para outro do território nacional;Título IV, DOS CRIMES CONTRA A ORGANIZAÇÃO DO TRABALHO;vigente desde 1940, alterado;2 meses a 1 ano;1 ano a 3 anos;agrava;1;LEI 9777/1998, publicada em 30/12/1998;30/12/1998, Lei 9777/1998: agrava;Nova República: 1;1 de 1;;;
art. 208;Ultraje a culto e impedimento ou perturbação de ato a ele relativo;Título V, DOS CRIMES CONTRA O SENTIMENTO RELIGIOSO E CONTRA O RESPEITO AOS MORTOS;vigente desde 1940, sem alteração;1 mês a 1 ano;1 mês a 1 ano;mantem;0;;;;;;;
art. 209;Impedimento ou perturbação de cerimônia funerária;Título V, DOS CRIMES CONTRA O SENTIMENTO RELIGIOSO E CONTRA O RESPEITO AOS MORTOS;vigente desde 1940, sem alteração;1 mês a 1 ano;1 mês a 1 ano;mantem;0;;;;;;;
art. 210;Violação de sepultura;Título V, DOS CRIMES CONTRA O SENTIMENTO RELIGIOSO E CONTRA O RESPEITO AOS MORTOS;vigente desde 1940, sem alteração;1 ano a 3 anos;1 ano a 3 anos;mantem;0;;;;;;;
art. 211;subtração ou ocultação de cadáver;Título V, DOS CRIMES CONTRA O SENTIMENTO RELIGIOSO E CONTRA O RESPEITO AOS MORTOS;vigente desde 1940, sem alteração;1 ano a 3 anos;1 ano a 3 anos;mantem;0;;;;;;;
art. 212;Vilipêndio a cadáver;Título V, DOS CRIMES CONTRA O SENTIMENTO RELIGIOSO E CONTRA O RESPEITO AOS MORTOS;vigente desde 1940, alterado;1 ano a 3 anos;1 ano a 3 anos;mantem;1;LEI 12015/2009, publicada em 10/08/2009;;Nova República: 1;0 de 1;;;
art. 213;Estupro;Título VI, DOS CRIMES CONTRA A DIGNIDADE SEXUAL;vigente desde 1940, alterado;3 anos a 8 anos;6 anos a 30 anos;agrava;1;LEI 12015/2009, publicada em 10/08/2009;10/08/2009, Lei 12015/2009: agrava;Nova República: 1;0 de 1;teste da janela da lei: vinha subindo antes? não (-31,33/mês);Estupro;estupro (art. 213, caput e §§ 1º e 2º) (inciso V)
art. 214;anos;Título VI, DOS CRIMES CONTRA A DIGNIDADE SEXUAL;descontinuado: a pena de 1940 foi retirada do artigo;2 anos a 7 anos;;abranda;1;LEI 12015/2009, publicada em 10/08/2009;;Nova República: 1;0 de 1;;;
art. 215;Violação sexual mediante fraude;Título VI, DOS CRIMES CONTRA A DIGNIDADE SEXUAL;vigente desde 1940, alterado;1 ano a 6 anos;2 anos a 6 anos;agrava;2;"LEI 12015/2009, publicada em 10/08/2009; LEI 13718/2018, publicada em 25/09/2018";10/08/2009, Lei 12015/2009: agrava;Nova República: 2;1 de 2;;;
art. 215-A;Importunação sexual;Título VI, DOS CRIMES CONTRA A DIGNIDADE SEXUAL;tipo criado depois de 1940;;1 ano a 5 anos;agrava;1;LEI 13718/2018, publicada em 25/09/2018;;Nova República: 1;1 de 1;;;
art. 216;;Título VI, DOS CRIMES CONTRA A DIGNIDADE SEXUAL;descontinuado: a pena de 1940 foi retirada do artigo;1 ano a 4 anos;;abranda;2;"LEI 10224/2001, publicada em 16/05/2001; LEI 12015/2009, publicada em 10/08/2009";;Nova República: 2;0 de 2;;;
art. 216-A;Assédio sexual;Título VI, DOS CRIMES CONTRA A DIGNIDADE SEXUAL;tipo criado depois de 1940;;1 ano a 2 anos;agrava;3;"LEI 10224/2001, publicada em 16/05/2001; LEI 12015/2009, publicada em 10/08/2009; LEI 13772/2018, publicada em 20/12/2018";16/05/2001, Lei 10224/2001: cria pena;Nova República: 3;1 de 3;;;
art. 216-B;Registro não autorizado da intimidade sexual;Título VI, DOS CRIMES CONTRA A DIGNIDADE SEXUAL;tipo criado depois de 1940;;6 meses a 1 ano;agrava;2;"LEI 12015/2009, publicada em 10/08/2009; LEI 13772/2018, publicada em 20/12/2018";20/12/2018, Lei 13772/2018: cria pena;Nova República: 2;1 de 2;2018: MVI 64.079 para 57.592;;
art. 217;Sedução;Título VI, DOS CRIMES CONTRA A DIGNIDADE SEXUAL;descontinuado: a pena de 1940 foi retirada do artigo;2 anos a 4 anos;;abranda;2;"LEI 11106/2005, publicada em 29/03/2005; LEI 12015/2009, publicada em 10/08/2009";;Nova República: 2;0 de 2;;;
art. 217-A;Estupro de vulnerável;Título VI, DOS CRIMES CONTRA A DIGNIDADE SEXUAL;tipo criado depois de 1940;;10 anos a 40 anos;agrava;3;"LEI 12015/2009, publicada em 10/08/2009; LEI 15280/2025, publicada em 08/12/2025; LEI 15353/2026, publicada em 08/03/2026";10/08/2009, Lei 12015/2009: cria pena | 08/12/2025, Lei 15280/2025: agrava;Nova República: 3;1 de 3;"2025: MVI 44.220 para 40.775; teste da janela da lei: vinha subindo antes? SIM (+51,25/mês)";Estupro de vulnerável;estupro de vulnerável (inciso VI)
art. 218;Corrupção de menores;Título VI, DOS CRIMES CONTRA A DIGNIDADE SEXUAL;vigente desde 1940, alterado;1 ano a 4 anos;6 anos a 14 anos;agrava;2;"LEI 12015/2009, publicada em 10/08/2009; LEI 15280/2025, publicada em 08/12/2025";10/08/2009, Lei 12015/2009: agrava | 08/12/2025, Lei 15280/2025: agrava;Nova República: 2;0 de 2;2025: MVI 44.220 para 40.775;;
art. 218-A;Satisfação de lascívia mediante presença de criança ou adolescente;Título VI, DOS CRIMES CONTRA A DIGNIDADE SEXUAL;tipo criado depois de 1940;;5 anos a 12 anos;agrava;3;"LEI 12015/2009, publicada em 10/08/2009; LEI 12978/2014, publicada em 22/05/2014; LEI 15280/2025, publicada em 08/12/2025";10/08/2009, Lei 12015/2009: cria pena | 08/12/2025, Lei 15280/2025: agrava;Nova República: 3;1 de 3;2025: MVI 44.220 para 40.775;;
art. 218-B;;Título VI, DOS CRIMES CONTRA A DIGNIDADE SEXUAL;tipo criado depois de 1940;;7 anos a 16 anos;agrava;3;"LEI 12015/2009, publicada em 10/08/2009; LEI 13718/2018, publicada em 25/09/2018; LEI 15280/2025, publicada em 08/12/2025";10/08/2009, Lei 12015/2009: cria pena | 08/12/2025, Lei 15280/2025: agrava;Nova República: 3;1 de 3;2025: MVI 44.220 para 40.775;;favorecimento da prostituição ou exploração sexual de criança, adolescente ou vulnerável (inciso VIII)
art. 218-C;estupro de vulnerável, de cena de sexo ou de pornografia;Título VI, DOS CRIMES CONTRA A DIGNIDADE SEXUAL;tipo criado depois de 1940;;4 anos a 10 anos;agrava;2;"LEI 13718/2018, publicada em 25/09/2018; LEI 15280/2025, publicada em 08/12/2025";08/12/2025, Lei 15280/2025: cria pena;Nova República: 2;1 de 2;2025: MVI 44.220 para 40.775;;
art. 219;Rapto violento ou mediante fraude;Título VI, DOS CRIMES CONTRA A DIGNIDADE SEXUAL;descontinuado: a pena de 1940 foi retirada do artigo;2 anos a 4 anos;;abranda;1;LEI 11106/2005, publicada em 29/03/2005;;Nova República: 1;0 de 1;;;
art. 220;Rapto consensual;Título VI, DOS CRIMES CONTRA A DIGNIDADE SEXUAL;descontinuado: a pena de 1940 foi retirada do artigo;1 ano a 3 anos;;abranda;1;LEI 11106/2005, publicada em 29/03/2005;;Nova República: 1;0 de 1;;;
art. 221;Diminuição de pena;Título VI, DOS CRIMES CONTRA A DIGNIDADE SEXUAL;vigente desde 1940, alterado;;;nao mensuravel por faixa;1;LEI 11106/2005, publicada em 29/03/2005;;Nova República: 1;0 de 1;;;
art. 222;Concurso de rapto e outro crime;Título VI, DOS CRIMES CONTRA A DIGNIDADE SEXUAL;vigente desde 1940, alterado;;;nao mensuravel por faixa;1;LEI 11106/2005, publicada em 29/03/2005;;Nova República: 1;0 de 1;;;
art. 223;;Título VI, DOS CRIMES CONTRA A DIGNIDADE SEXUAL;descontinuado: a pena de 1940 foi retirada do artigo;4 anos a 20 anos;;abranda;1;LEI 12015/2009, publicada em 10/08/2009;;Nova República: 1;0 de 1;;;
art. 224;;Título VI, DOS CRIMES CONTRA A DIGNIDADE SEXUAL;vigente desde 1940, alterado;;;nao mensuravel por faixa;1;LEI 12015/2009, publicada em 10/08/2009;;Nova República: 1;0 de 1;;;
art. 225;Ação penal;Título VI, DOS CRIMES CONTRA A DIGNIDADE SEXUAL;vigente desde 1940, alterado;;;nao mensuravel por faixa;1;LEI 13718/2018, publicada em 25/09/2018;;Nova República: 1;1 de 1;;;
art. 226;Aumento de pena;Título VI, DOS CRIMES CONTRA A DIGNIDADE SEXUAL;vigente desde 1940, alterado;;;nao mensuravel por faixa;3;"LEI 11106/2005, publicada em 29/03/2005; LEI 12015/2009, publicada em 10/08/2009; LEI 13718/2018, publicada em 25/09/2018";;Nova República: 3;1 de 3;;;
art. 227;Mediação para servir a lascívia de outrem;Título VI, DOS CRIMES CONTRA A DIGNIDADE SEXUAL;vigente desde 1940, alterado;1 ano a 8 anos;1 ano a 8 anos;mantem;2;"LEI 11106/2005, publicada em 29/03/2005; LEI 12015/2009, publicada em 10/08/2009";;Nova República: 2;0 de 2;;;
art. 228;Favorecimento da prostituição ou outra forma de exploração sexual;Título VI, DOS CRIMES CONTRA A DIGNIDADE SEXUAL;vigente desde 1940, alterado;2 anos a 10 anos;2 anos a 10 anos;mantem;1;LEI 12015/2009, publicada em 10/08/2009;10/08/2009, Lei 12015/2009: abranda;Nova República: 1;0 de 1;;;
art. 229;Casa de prostituição;Título VI, DOS CRIMES CONTRA A DIGNIDADE SEXUAL;vigente desde 1940, alterado;2 anos a 5 anos;2 anos a 5 anos;mantem;1;LEI 12015/2009, publicada em 10/08/2009;;Nova República: 1;0 de 1;;;
art. 230;Rufianismo;Título VI, DOS CRIMES CONTRA A DIGNIDADE SEXUAL;vigente desde 1940, alterado;1 ano a 8 anos;1 ano a 8 anos;mantem;1;LEI 12015/2009, publicada em 10/08/2009;10/08/2009, Lei 12015/2009: agrava;Nova República: 1;0 de 1;;;
art. 231;Tráfico internacional de pessoa para fim de exploração sexual;Título VI, DOS CRIMES CONTRA A DIGNIDADE SEXUAL;descontinuado: a pena de 1940 foi retirada do artigo;3 anos a 12 anos;;abranda;1;LEI 13344/2016, publicada em 07/10/2016;;Nova República: 1;0 de 1;;;
art. 231-A;;Título VI, DOS CRIMES CONTRA A DIGNIDADE SEXUAL;tipo criado depois de 1940;;;sem pena declarada;1;LEI 13344/2016, publicada em 07/10/2016;;Nova República: 1;0 de 1;;;
art. 232;;Título VI, DOS CRIMES CONTRA A DIGNIDADE SEXUAL;vigente desde 1940, alterado;;;nao mensuravel por faixa;1;LEI 12015/2009, publicada em 10/08/2009;;Nova República: 1;0 de 1;;;
art. 232-A;Promoção de migração ilegal;Título VI, DOS CRIMES CONTRA A DIGNIDADE SEXUAL;tipo criado depois de 1940;;2 anos a 5 anos;agrava;0;;;;;;;
art. 233;Ato obsceno;Título VI, DOS CRIMES CONTRA A DIGNIDADE SEXUAL;vigente desde 1940, sem alteração;3 meses a 1 ano;3 meses a 1 ano;mantem;0;;;;;;;
art. 234;Escrito ou objeto obsceno;Título VI, DOS CRIMES CONTRA A DIGNIDADE SEXUAL;vigente desde 1940, alterado;6 meses a 2 anos;6 meses a 2 anos;mantem;1;LEI 12015/2009, publicada em 10/08/2009;;Nova República: 1;0 de 1;;;
art. 234-A;Aumento de pena;Título VI, DOS CRIMES CONTRA A DIGNIDADE SEXUAL;tipo criado depois de 1940;;;sem pena declarada;2;"LEI 12015/2009, publicada em 10/08/2009; LEI 13718/2018, publicada em 25/09/2018";;Nova República: 2;1 de 2;;;
art. 234-B;;Título VI, DOS CRIMES CONTRA A DIGNIDADE SEXUAL;tipo criado depois de 1940;;;sem pena declarada;2;"LEI 12015/2009, publicada em 10/08/2009; LEI 15035/2024, publicada em 28/11/2024";;Nova República: 2;0 de 2;;;
art. 234-C;;Título VI, DOS CRIMES CONTRA A DIGNIDADE SEXUAL;tipo criado depois de 1940;;;sem pena declarada;1;LEI 12015/2009, publicada em 10/08/2009;;Nova República: 1;0 de 1;;;
art. 235;Bigamia;Título VII, DOS CRIMES CONTRA A FAMÍLIA;vigente desde 1940, sem alteração;2 anos a 6 anos;2 anos a 6 anos;mantem;0;;;;;;;
art. 236;Induzimento a erro essencial e ocultação de impedimento;Título VII, DOS CRIMES CONTRA A FAMÍLIA;vigente desde 1940, sem alteração;6 meses a 2 anos;6 meses a 2 anos;mantem;0;;;;;;;
art. 237;Conhecimento prévio de impedimento;Título VII, DOS CRIMES CONTRA A FAMÍLIA;vigente desde 1940, sem alteração;3 meses a 1 ano;3 meses a 1 ano;mantem;0;;;;;;;
art. 238;Simulação de autoridade para celebração de casamento;Título VII, DOS CRIMES CONTRA A FAMÍLIA;vigente desde 1940, sem alteração;1 ano a 3 anos;1 ano a 3 anos;mantem;0;;;;;;;
art. 239;Simulação de casamento;Título VII, DOS CRIMES CONTRA A FAMÍLIA;vigente desde 1940, sem alteração;1 ano a 3 anos;1 ano a 3 anos;mantem;0;;;;;;;
art. 240;Adultério;Título VII, DOS CRIMES CONTRA A FAMÍLIA;descontinuado: a pena de 1940 foi retirada do artigo;0,5 meses a 6 meses;;abranda;1;LEI 11106/2005, publicada em 29/03/2005;;Nova República: 1;0 de 1;;;
art. 241;Registro de nascimento inexistente;Título VII, DOS CRIMES CONTRA A FAMÍLIA;vigente desde 1940, sem alteração;2 anos a 6 anos;2 anos a 6 anos;mantem;0;;;;;;;
art. 242;Parto suposto. Supressão ou alteração de direito inerente ao estado civil de recém-nascido;Título VII, DOS CRIMES CONTRA A FAMÍLIA;vigente desde 1940, alterado;1 ano a 6 anos;1 ano a 6 anos;mantem;1;LEI 6898/1981, publicada em 01/04/1981;01/04/1981, Lei 6898/1981: mantem;Ditadura militar: 1;0 de 1;;;
art. 243;Sonegação de estado de filiação;Título VII, DOS CRIMES CONTRA A FAMÍLIA;vigente desde 1940, sem alteração;1 ano a 5 anos;1 ano a 5 anos;mantem;0;;;;;;;
art. 244;Abandono material;Título VII, DOS CRIMES CONTRA A FAMÍLIA;vigente desde 1940, alterado;3 meses a 1 ano;1 ano a 4 anos;agrava;2;"LEI 5478/1968, publicada em 26/07/1968; LEI 10741/2003, publicada em 03/10/2003";26/07/1968, Lei 5478/1968: agrava;"Ditadura militar: 1; Nova República: 1";0 de 2;;;
art. 245;Entrega de filho menor a pessoa inidônea;Título VII, DOS CRIMES CONTRA A FAMÍLIA;vigente desde 1940, alterado;1 mês a 6 meses;1 ano a 2 anos;agrava;1;LEI 7251/1984, publicada em 21/11/1984;21/11/1984, Lei 7251/1984: agrava;Ditadura militar: 1;0 de 1;;;
art. 246;Abandono intelectual;Título VII, DOS CRIMES CONTRA A FAMÍLIA;vigente desde 1940, sem alteração;0,5 meses a 1 mês;0,5 meses a 1 mês;mantem;0;;;;;;;
art. 247;;Título VII, DOS CRIMES CONTRA A FAMÍLIA;vigente desde 1940, sem alteração;1 mês a 3 meses;1 mês a 3 meses;mantem;0;;;;;;;
art. 248;entrega arbitrária ou sonegação de incapazes;Título VII, DOS CRIMES CONTRA A FAMÍLIA;vigente desde 1940, sem alteração;1 mês a 1 ano;1 mês a 1 ano;mantem;0;;;;;;;
art. 249;Subtração de in capazes;Título VII, DOS CRIMES CONTRA A FAMÍLIA;vigente desde 1940, sem alteração;2 meses a 2 anos;2 meses a 2 anos;mantem;0;;;;;;;
art. 250;Incêndio;Título VIII, DOS CRIMES CONTRA A INCOLUMIDADE PÚBLICA;vigente desde 1940, sem alteração;6 meses a 6 anos;3 anos a 6 anos;agrava;0;;;;;;;
art. 251;Explosão;Título VIII, DOS CRIMES CONTRA A INCOLUMIDADE PÚBLICA;vigente desde 1940, sem alteração;6 meses a 6 anos;6 meses a 6 anos;mantem;0;;;;;;;
art. 252;Uso de gás tóxico ou asfixiante;Título VIII, DOS CRIMES CONTRA A INCOLUMIDADE PÚBLICA;vigente desde 1940, sem alteração;3 meses a 4 anos;3 meses a 4 anos;mantem;0;;;;;;;
art. 253;aquisição posse ou transporte de explosivos ou gás tóxico, ou asfixiante;Título VIII, DOS CRIMES CONTRA A INCOLUMIDADE PÚBLICA;vigente desde 1940, sem alteração;6 meses a 2 anos;6 meses a 2 anos;mantem;0;;;;;;;
art. 254;Inundação;Título VIII, DOS CRIMES CONTRA A INCOLUMIDADE PÚBLICA;vigente desde 1940, sem alteração;3 anos a 6 anos;3 anos a 6 anos;mantem;0;;;;;;;
art. 255;Perigo de inundação;Título VIII, DOS CRIMES CONTRA A INCOLUMIDADE PÚBLICA;vigente desde 1940, sem alteração;1 ano a 3 anos;1 ano a 3 anos;mantem;0;;;;;;;
art. 256;Desabamento ou desmoronamento;Título VIII, DOS CRIMES CONTRA A INCOLUMIDADE PÚBLICA;vigente desde 1940, sem alteração;6 meses a 4 anos;6 meses a 4 anos;mantem;0;;;;;;;
art. 257;Subtração, ocultação ou inutilização de material de salvamento;Título VIII, DOS CRIMES CONTRA A INCOLUMIDADE PÚBLICA;vigente desde 1940, sem alteração;2 anos a 5 anos;2 anos a 5 anos;mantem;0;;;;;;;
art. 258;Formas qualificadas de crime de perigo comum;Título VIII, DOS CRIMES CONTRA A INCOLUMIDADE PÚBLICA;vigente desde 1940, sem alteração;;;nao mensuravel por faixa;0;;;;;;;
art. 259;Difusão de doença ou praga;Título VIII, DOS CRIMES CONTRA A INCOLUMIDADE PÚBLICA;vigente desde 1940, sem alteração;1 mês a 5 anos;1 mês a 5 anos;mantem;0;;;;;;;
art. 260;Perigo de desastre ferroviário;Título VIII, DOS CRIMES CONTRA A INCOLUMIDADE PÚBLICA;vigente desde 1940, sem alteração;6 meses a 12 anos;6 meses a 12 anos;mantem;0;;;;;;;
art. 261;Atentado contra a segurança de transporte marítimo, fluvial ou aéreo;Título VIII, DOS CRIMES CONTRA A INCOLUMIDADE PÚBLICA;vigente desde 1940, sem alteração;6 meses a 12 anos;6 meses a 12 anos;mantem;0;;;;;;;
art. 262;Atentado contra a segurança de outro meio de transporte;Título VIII, DOS CRIMES CONTRA A INCOLUMIDADE PÚBLICA;vigente desde 1940, sem alteração;3 meses a 5 anos;3 meses a 5 anos;mantem;0;;;;;;;
art. 263;Forma qualificada;Título VIII, DOS CRIMES CONTRA A INCOLUMIDADE PÚBLICA;vigente desde 1940, sem alteração;;;nao mensuravel por faixa;0;;;;;;;
art. 264;Arremesso de projétil;Título VIII, DOS CRIMES CONTRA A INCOLUMIDADE PÚBLICA;vigente desde 1940, sem alteração;1 mês a 2 anos;1 mês a 2 anos;mantem;0;;;;;;;
art. 265;Atentado contra a segurança de serviço de utilidade pública;Título VIII, DOS CRIMES CONTRA A INCOLUMIDADE PÚBLICA;vigente desde 1940, alterado;1 ano a 5 anos;1 ano a 5 anos;mantem;2;"LEI 5346/1967, publicada em 07/11/1967; LEI 12737/2012, publicada em 03/12/2012";;"Ditadura militar: 1; Nova República: 1";0 de 2;;;
art. 266;informação de utilidade pública;Título VIII, DOS CRIMES CONTRA A INCOLUMIDADE PÚBLICA;vigente desde 1940, alterado;1 ano a 3 anos;2 anos a 4 anos;agrava;2;"LEI 12737/2012, publicada em 03/12/2012; LEI 15397/2026, publicada em 04/05/2026";04/05/2026, Lei 15397/2026: agrava;Nova República: 2;1 de 2;;;
art. 267;Epidemia;Título VIII, DOS CRIMES CONTRA A INCOLUMIDADE PÚBLICA;vigente desde 1940, alterado;1 ano a 15 anos;1 ano a 15 anos;mantem;1;LEI 8072/1990, publicada em 26/07/1990;26/07/1990, Lei 8072/1990: agrava;Nova República: 1;1 de 1;;;epidemia com resultado morte (art. 267, § 1º) (inciso VII)
art. 268;Infração de medida sanitária preventiva;Título VIII, DOS CRIMES CONTRA A INCOLUMIDADE PÚBLICA;vigente desde 1940, sem alteração;1 mês a 1 ano;1 mês a 1 ano;mantem;0;;;;;;;
art. 269;Omissão de notificação de doença;Título VIII, DOS CRIMES CONTRA A INCOLUMIDADE PÚBLICA;vigente desde 1940, sem alteração;6 meses a 2 anos;6 meses a 2 anos;mantem;0;;;;;;;
art. 270;Envenenamento de água potável ou de substância alimentícia ou medicinal;Título VIII, DOS CRIMES CONTRA A INCOLUMIDADE PÚBLICA;vigente desde 1940, alterado;6 meses a 15 anos;6 meses a 15 anos;mantem;1;LEI 8072/1990, publicada em 26/07/1990;26/07/1990, Lei 8072/1990: agrava;Nova República: 1;1 de 1;;;
art. 271;Corrupção ou poluição de água potável;Título VIII, DOS CRIMES CONTRA A INCOLUMIDADE PÚBLICA;vigente desde 1940, alterado;2 meses a 5 anos;2 meses a 5 anos;mantem;1;LEI 9677/1998, publicada em 03/07/1998;;Nova República: 1;1 de 1;;;
art. 272;alimentícios;Título VIII, DOS CRIMES CONTRA A INCOLUMIDADE PÚBLICA;vigente desde 1940, alterado;6 meses a 6 anos;1 ano a 8 anos;agrava;1;LEI 9677/1998, publicada em 03/07/1998;03/07/1998, Lei 9677/1998: agrava;Nova República: 1;1 de 1;;;
art. 273;terapêuticos ou medicinais;Título VIII, DOS CRIMES CONTRA A INCOLUMIDADE PÚBLICA;vigente desde 1940, alterado;2 meses a 3 anos;1 ano a 15 anos;agrava;1;LEI 9677/1998, publicada em 03/07/1998;03/07/1998, Lei 9677/1998: agrava;Nova República: 1;1 de 1;;;falsificação ou adulteração de produto destinado a fins terapêuticos ou medicinais (inciso VII-B)
art. 274;Emprego de processo proibido ou de substância não permitida;Título VIII, DOS CRIMES CONTRA A INCOLUMIDADE PÚBLICA;vigente desde 1940, alterado;1 mês a 3 meses;1 ano a 5 anos;agrava;1;LEI 9677/1998, publicada em 03/07/1998;03/07/1998, Lei 9677/1998: agrava;Nova República: 1;1 de 1;;;
art. 275;Invólucro ou recipiente com falsa indicação;Título VIII, DOS CRIMES CONTRA A INCOLUMIDADE PÚBLICA;vigente desde 1940, alterado;1 mês a 3 meses;1 ano a 5 anos;agrava;1;LEI 9677/1998, publicada em 03/07/1998;03/07/1998, Lei 9677/1998: agrava;Nova República: 1;1 de 1;;;
art. 276;Produto ou substância nas condições dos dois artigos anteriores;Título VIII, DOS CRIMES CONTRA A INCOLUMIDADE PÚBLICA;vigente desde 1940, alterado;1 mês a 3 meses;1 ano a 5 anos;agrava;1;LEI 9677/1998, publicada em 03/07/1998;03/07/1998, Lei 9677/1998: agrava;Nova República: 1;1 de 1;;;
art. 277;Substância destinada à falsificação;Título VIII, DOS CRIMES CONTRA A INCOLUMIDADE PÚBLICA;vigente desde 1940, alterado;6 meses a 1 ano;1 ano a 5 anos;agrava;1;LEI 9677/1998, publicada em 03/07/1998;03/07/1998, Lei 9677/1998: agrava;Nova República: 1;1 de 1;;;
art. 278;Outras substâncias nocivas à saúde pública;Título VIII, DOS CRIMES CONTRA A INCOLUMIDADE PÚBLICA;vigente desde 1940, sem alteração;2 meses a 3 anos;2 meses a 3 anos;mantem;0;;;;;;;
art. 279;Substância avariada;Título VIII, DOS CRIMES CONTRA A INCOLUMIDADE PÚBLICA;descontinuado: a pena de 1940 foi retirada do artigo;1 ano a 3 anos;;abranda;1;LEI 8137/1990, publicada em 28/12/1990;;Nova República: 1;1 de 1;;;
art. 280;Medicamento em desacordo com receita médica;Título VIII, DOS CRIMES CONTRA A INCOLUMIDADE PÚBLICA;vigente desde 1940, alterado;2 meses a 3 anos;2 meses a 3 anos;mantem;2;"LEI 5726/1971, publicada em 01/11/1971; LEI 6368/1976, publicada em 22/10/1976";;Ditadura militar: 2;0 de 2;;;
art. 281;;Título VIII, DOS CRIMES CONTRA A INCOLUMIDADE PÚBLICA;descontinuado: a pena de 1940 foi retirada do artigo;1 ano a 8 anos;;abranda;2;"LEI 6368/1976, publicada em 22/10/1976; LEI 15425/2026, publicada em 08/06/2026";;"Ditadura militar: 1; Nova República: 1";1 de 2;;;
art. 282;Exercício ilegal da medicina, medicina veterinária, arte dentária ou farmacêutica;Título VIII, DOS CRIMES CONTRA A INCOLUMIDADE PÚBLICA;vigente desde 1940, alterado;6 meses a 2 anos;6 meses a 2 anos;mantem;1;LEI 15425/2026, publicada em 08/06/2026;;Nova República: 1;1 de 1;;;
art. 283;Charlatanismo;Título VIII, DOS CRIMES CONTRA A INCOLUMIDADE PÚBLICA;vigente desde 1940, sem alteração;3 meses a 1 ano;3 meses a 1 ano;mantem;0;;;;;;;
art. 284;Curandeirismo;Título VIII, DOS CRIMES CONTRA A INCOLUMIDADE PÚBLICA;vigente desde 1940, sem alteração;6 meses a 2 anos;6 meses a 2 anos;mantem;0;;;;;;;
art. 285;Forma qualificada;Título VIII, DOS CRIMES CONTRA A INCOLUMIDADE PÚBLICA;vigente desde 1940, sem alteração;;;nao mensuravel por faixa;0;;;;;;;
art. 286;Incitação ao crime;Título IX, DOS CRIMES CONTRA A PAZ PÚBLICA;vigente desde 1940, alterado;3 meses a 6 meses;3 meses a 6 meses;mantem;1;LEI 14197/2021, publicada em 02/09/2021;;Nova República: 1;0 de 1;;;
art. 287;Apologia de crime ou criminoso;Título IX, DOS CRIMES CONTRA A PAZ PÚBLICA;vigente desde 1940, sem alteração;3 meses a 6 meses;3 meses a 6 meses;mantem;0;;;;;;;
art. 288;Associação Criminosa;Título IX, DOS CRIMES CONTRA A PAZ PÚBLICA;vigente desde 1940, alterado;1 ano a 3 anos;1 ano a 3 anos;mantem;3;"LEI 12720/2012, publicada em 28/09/2012; LEI 12850/2013, publicada em 05/08/2013; LEI 15245/2025, publicada em 30/10/2025";05/08/2013, Lei 12850/2013: mantem;Nova República: 3;0 de 3;2013: MVI 54.694 para 55.844;;
art. 288-A;Constituição de milícia privada;Título IX, DOS CRIMES CONTRA A PAZ PÚBLICA;tipo criado depois de 1940;;4 anos a 8 anos;agrava;1;LEI 12720/2012, publicada em 28/09/2012;28/09/2012, Lei 12720/2012: cria pena;Nova República: 1;0 de 1;;;
art. 289;Moeda Falsa;Título X, DOS CRIMES CONTRA A FÉ PÚBLICA;vigente desde 1940, sem alteração;3 anos a 12 anos;3 anos a 12 anos;mantem;0;;;;;;;
art. 290;Crimes assimilados ao de moeda falsa;Título X, DOS CRIMES CONTRA A FÉ PÚBLICA;vigente desde 1940, sem alteração;2 anos a 8 anos;2 anos a 8 anos;mantem;0;;;;;;;
art. 291;Petrechos para falsificação de moeda;Título X, DOS CRIMES CONTRA A FÉ PÚBLICA;vigente desde 1940, sem alteração;2 anos a 6 anos;2 anos a 6 anos;mantem;0;;;;;;;
art. 292;Emissão de título ao portador sem permissão legal;Título X, DOS CRIMES CONTRA A FÉ PÚBLICA;vigente desde 1940, sem alteração;1 mês a 6 meses;1 mês a 6 meses;mantem;0;;;;;;;
art. 293;Falsificação de papéis públicos;Título X, DOS CRIMES CONTRA A FÉ PÚBLICA;vigente desde 1940, alterado;1 ano a 8 anos;1 ano a 8 anos;mantem;1;LEI 11035/2004, publicada em 23/12/2004;;Nova República: 1;0 de 1;;;
art. 294;Petrechos de falsificação;Título X, DOS CRIMES CONTRA A FÉ PÚBLICA;vigente desde 1940, sem alteração;1 ano a 3 anos;1 ano a 3 anos;mantem;0;;;;;;;
art. 295;;Título X, DOS CRIMES CONTRA A FÉ PÚBLICA;vigente desde 1940, sem alteração;;;nao mensuravel por faixa;0;;;;;;;
art. 296;Falsificação do selo ou sinal público;Título X, DOS CRIMES CONTRA A FÉ PÚBLICA;vigente desde 1940, alterado;2 anos a 6 anos;2 anos a 6 anos;mantem;1;LEI 9983/2000, publicada em 17/07/2000;;Nova República: 1;0 de 1;;;
art. 297;Falsificação de documento público;Título X, DOS CRIMES CONTRA A FÉ PÚBLICA;vigente desde 1940, alterado;2 anos a 6 anos;2 anos a 6 anos;mantem;2;"LEI 9983/2000, publicada em 17/07/2000; LEI 12737/2012, publicada em 03/12/2012";;Nova República: 2;0 de 2;;;
art. 298;Falsificação de documento particular;Título X, DOS CRIMES CONTRA A FÉ PÚBLICA;vigente desde 1940, alterado;1 ano a 5 anos;1 ano a 5 anos;mantem;1;LEI 12737/2012, publicada em 03/12/2012;;Nova República: 1;0 de 1;;;
art. 299;Falsidade ideológica;Título X, DOS CRIMES CONTRA A FÉ PÚBLICA;vigente desde 1940, sem alteração;1 ano a 5 anos;1 ano a 5 anos;mantem;0;;;;;;;
art. 300;Falso reconhecimento de firma ou letra;Título X, DOS CRIMES CONTRA A FÉ PÚBLICA;vigente desde 1940, sem alteração;1 ano a 5 anos;1 ano a 5 anos;mantem;0;;;;;;;
art. 301;Certidão ou atestado ideologicamente falso;Título X, DOS CRIMES CONTRA A FÉ PÚBLICA;vigente desde 1940, sem alteração;2 meses a 2 anos;2 meses a 2 anos;mantem;0;;;;;;;
art. 302;Falsidade de atestado médico;Título X, DOS CRIMES CONTRA A FÉ PÚBLICA;vigente desde 1940, sem alteração;1 mês a 1 ano;1 mês a 1 ano;mantem;0;;;;;;;
art. 303;Reprodução ou adulteração de selo ou peça filatélica;Título X, DOS CRIMES CONTRA A FÉ PÚBLICA;vigente desde 1940, sem alteração;1 ano a 3 anos;1 ano a 3 anos;mantem;0;;;;;;;
art. 304;Uso de documento falso;Título X, DOS CRIMES CONTRA A FÉ PÚBLICA;vigente desde 1940, sem alteração;;;nao mensuravel por faixa;0;;;;;;;
art. 305;Supressão de documento;Título X, DOS CRIMES CONTRA A FÉ PÚBLICA;vigente desde 1940, sem alteração;2 anos a 6 anos;2 anos a 6 anos;mantem;0;;;;;;;
art. 306;outros fins;Título X, DOS CRIMES CONTRA A FÉ PÚBLICA;vigente desde 1940, sem alteração;1 ano a 6 anos;1 ano a 6 anos;mantem;0;;;;;;;
art. 307;Falsa identidade;Título X, DOS CRIMES CONTRA A FÉ PÚBLICA;vigente desde 1940, sem alteração;3 meses a 1 ano;3 meses a 1 ano;mantem;0;;;;;;;
art. 308;;Título X, DOS CRIMES CONTRA A FÉ PÚBLICA;vigente desde 1940, sem alteração;4 meses a 2 anos;4 meses a 2 anos;mantem;0;;;;;;;
art. 309;Fraude de lei sobre estrangeiro;Título X, DOS CRIMES CONTRA A FÉ PÚBLICA;vigente desde 1940, alterado;1 ano a 3 anos;1 ano a 4 anos;agrava;1;LEI 9426/1996, publicada em 26/12/1996;26/12/1996, Lei 9426/1996: agrava;Nova República: 1;0 de 1;;;
art. 310;;Título X, DOS CRIMES CONTRA A FÉ PÚBLICA;vigente desde 1940, alterado;1 ano a 4 anos;6 meses a 3 anos;abranda;2;"LEI 9426/1996, publicada em 26/12/1996; LEI 14562/2023, publicada em 27/04/2023";26/12/1996, Lei 9426/1996: abranda;Nova República: 2;0 de 2;;;
art. 311;Adulteração de sinal identificador de veículo;Título X, DOS CRIMES CONTRA A FÉ PÚBLICA;vigente desde 1940, alterado;6 meses a 3 anos;3 anos a 8 anos;agrava;3;"LEI 9426/1996, publicada em 26/12/1996; LEI 12550/2011, publicada em 16/12/2011; LEI 14562/2023, publicada em 27/04/2023";26/12/1996, Lei 9426/1996: agrava;Nova República: 3;0 de 3;;;
art. 311-A;Fraudes em certames de interesse público;Título X, DOS CRIMES CONTRA A FÉ PÚBLICA;tipo criado depois de 1940;;1 ano a 6 anos;agrava;1;LEI 12550/2011, publicada em 16/12/2011;16/12/2011, Lei 12550/2011: cria pena;Nova República: 1;0 de 1;;;
art. 312;Peculato;Título XI, DOS CRIMES CONTRA A ADMINISTRAÇÃO PÚBLICA;vigente desde 1940, sem alteração;3 meses a 12 anos;3 meses a 12 anos;mantem;0;;;;;;;
art. 313;Peculato mediante erro de outrem;Título XI, DOS CRIMES CONTRA A ADMINISTRAÇÃO PÚBLICA;vigente desde 1940, alterado;1 ano a 4 anos;1 ano a 4 anos;mantem;1;LEI 9983/2000, publicada em 17/07/2000;;Nova República: 1;0 de 1;;;
art. 313-A;Inserção de dados falsos em sistema de informações;Título XI, DOS CRIMES CONTRA A ADMINISTRAÇÃO PÚBLICA;tipo criado depois de 1940;;2 anos a 12 anos;agrava;1;LEI 9983/2000, publicada em 17/07/2000;17/07/2000, Lei 9983/2000: cria pena;Nova República: 1;0 de 1;;;
art. 313-B;Modificação ou alteração não autorizada de sistema de informações;Título XI, DOS CRIMES CONTRA A ADMINISTRAÇÃO PÚBLICA;tipo criado depois de 1940;;3 meses a 2 anos;agrava;1;LEI 9983/2000, publicada em 17/07/2000;17/07/2000, Lei 9983/2000: cria pena;Nova República: 1;0 de 1;;;
art. 314;Extravio, sonegação ou inutilização de livro ou documento;Título XI, DOS CRIMES CONTRA A ADMINISTRAÇÃO PÚBLICA;vigente desde 1940, sem alteração;1 ano a 4 anos;1 ano a 4 anos;mantem;0;;;;;;;
art. 315;Emprego irregular de verbas ou rendas públicas;Título XI, DOS CRIMES CONTRA A ADMINISTRAÇÃO PÚBLICA;vigente desde 1940, sem alteração;1 mês a 3 meses;1 mês a 3 meses;mantem;0;;;;;;;
art. 316;Concussão;Título XI, DOS CRIMES CONTRA A ADMINISTRAÇÃO PÚBLICA;vigente desde 1940, alterado;6 meses a 12 anos;2 anos a 12 anos;agrava;2;"LEI 8137/1990, publicada em 28/12/1990; LEI 13964/2019, publicada em 24/12/2019";28/12/1990, Lei 8137/1990: abranda;Nova República: 2;1 de 2;;;
art. 317;Corrupção passiva;Título XI, DOS CRIMES CONTRA A ADMINISTRAÇÃO PÚBLICA;vigente desde 1940, alterado;3 meses a 8 anos;3 meses a 12 anos;agrava;1;LEI 10763/2003, publicada em 13/11/2003;13/11/2003, Lei 10763/2003: agrava;Nova República: 1;0 de 1;;;
art. 318;Facilitação de contrabando ou descaminho;Título XI, DOS CRIMES CONTRA A ADMINISTRAÇÃO PÚBLICA;vigente desde 1940, alterado;2 anos a 5 anos;3 anos a 8 anos;agrava;1;LEI 8137/1990, publicada em 28/12/1990;28/12/1990, Lei 8137/1990: agrava;Nova República: 1;1 de 1;;;
art. 319;Prevaricação;Título XI, DOS CRIMES CONTRA A ADMINISTRAÇÃO PÚBLICA;vigente desde 1940, sem alteração;3 meses a 1 ano;3 meses a 1 ano;mantem;0;;;;;;;
art. 319-A;;Título XI, DOS CRIMES CONTRA A ADMINISTRAÇÃO PÚBLICA;tipo criado depois de 1940;;3 meses a 1 ano;agrava;1;LEI 11466/2007, publicada em 29/03/2007;29/03/2007, Lei 11466/2007: cria pena;Nova República: 1;0 de 1;;;
art. 320;Condescendência criminosa;Título XI, DOS CRIMES CONTRA A ADMINISTRAÇÃO PÚBLICA;vigente desde 1940, sem alteração;0,5 meses a 1 mês;0,5 meses a 1 mês;mantem;0;;;;;;;
art. 321;Advocacia administrativa;Título XI, DOS CRIMES CONTRA A ADMINISTRAÇÃO PÚBLICA;vigente desde 1940, sem alteração;1 mês a 1 ano;1 mês a 1 ano;mantem;0;;;;;;;
art. 322;Violência arbitrária;Título XI, DOS CRIMES CONTRA A ADMINISTRAÇÃO PÚBLICA;vigente desde 1940, sem alteração;6 meses a 3 anos;6 meses a 3 anos;mantem;0;;;;;;;
art. 323;Abandono de função;Título XI, DOS CRIMES CONTRA A ADMINISTRAÇÃO PÚBLICA;vigente desde 1940, sem alteração;0,5 meses a 3 anos;0,5 meses a 3 anos;mantem;0;;;;;;;
art. 324;Exercício funcional ilegalmente antecipado ou prolongado;Título XI, DOS CRIMES CONTRA A ADMINISTRAÇÃO PÚBLICA;vigente desde 1940, sem alteração;0,5 meses a 1 mês;0,5 meses a 1 mês;mantem;0;;;;;;;
art. 325;Violação de sigilo funcional;Título XI, DOS CRIMES CONTRA A ADMINISTRAÇÃO PÚBLICA;vigente desde 1940, alterado;6 meses a 2 anos;6 meses a 6 anos;agrava;1;LEI 9983/2000, publicada em 17/07/2000;17/07/2000, Lei 9983/2000: agrava;Nova República: 1;0 de 1;;;
art. 326;Violação do sigilo de proposta de concorrência;Título XI, DOS CRIMES CONTRA A ADMINISTRAÇÃO PÚBLICA;vigente desde 1940, sem alteração;3 meses a 1 ano;3 meses a 1 ano;mantem;0;;;;;;;
art. 327;Funcionário público;Título XI, DOS CRIMES CONTRA A ADMINISTRAÇÃO PÚBLICA;vigente desde 1940, alterado;;;nao mensuravel por faixa;2;"LEI 6799/1980, publicada em 24/06/1980; LEI 9983/2000, publicada em 17/07/2000";;"Ditadura militar: 1; Nova República: 1";0 de 2;;;
art. 328;Usurpação de função pública;Título XI, DOS CRIMES CONTRA A ADMINISTRAÇÃO PÚBLICA;vigente desde 1940, sem alteração;3 meses a 5 anos;3 meses a 5 anos;mantem;0;;;;;;;
art. 329;Resistência;Título XI, DOS CRIMES CONTRA A ADMINISTRAÇÃO PÚBLICA;vigente desde 1940, sem alteração;2 meses a 3 anos;2 meses a 3 anos;mantem;0;;;;;;;
art. 330;Desobediência;Título XI, DOS CRIMES CONTRA A ADMINISTRAÇÃO PÚBLICA;vigente desde 1940, sem alteração;0,5 meses a 6 meses;0,5 meses a 6 meses;mantem;0;;;;;;;
art. 331;Desacato;Título XI, DOS CRIMES CONTRA A ADMINISTRAÇÃO PÚBLICA;vigente desde 1940, alterado;6 meses a 2 anos;6 meses a 2 anos;mantem;1;LEI 9127/1995, publicada em 17/11/1995;;Nova República: 1;0 de 1;;;
art. 332;Tráfico de Influência;Título XI, DOS CRIMES CONTRA A ADMINISTRAÇÃO PÚBLICA;vigente desde 1940, alterado;1 ano a 5 anos;2 anos a 5 anos;agrava;1;LEI 9127/1995, publicada em 17/11/1995;17/11/1995, Lei 9127/1995: agrava;Nova República: 1;0 de 1;;;
art. 333;Corrupção ativa;Título XI, DOS CRIMES CONTRA A ADMINISTRAÇÃO PÚBLICA;vigente desde 1940, alterado;1 ano a 8 anos;2 anos a 12 anos;agrava;1;LEI 10763/2003, publicada em 13/11/2003;13/11/2003, Lei 10763/2003: agrava;Nova República: 1;0 de 1;;;
art. 334;Descaminho;Título XI, DOS CRIMES CONTRA A ADMINISTRAÇÃO PÚBLICA;vigente desde 1940, alterado;1 ano a 4 anos;1 ano a 4 anos;mantem;1;LEI 13008/2014, publicada em 27/06/2014;27/06/2014, Lei 13008/2014: mantem;Nova República: 1;1 de 1;2014: MVI 55.844 para 59.739;;
art. 334-A;Contrabando;Título XI, DOS CRIMES CONTRA A ADMINISTRAÇÃO PÚBLICA;tipo criado depois de 1940;;2 anos a 5 anos;agrava;2;"LEI 4729/1965, publicada em 19/07/1965; LEI 13008/2014, publicada em 27/06/2014";27/06/2014, Lei 13008/2014: cria pena;"Ditadura militar: 1; Nova República: 1";1 de 2;2014: MVI 55.844 para 59.739;;
art. 335;Impedimento, perturbação ou fraude de concorrência;Título XI, DOS CRIMES CONTRA A ADMINISTRAÇÃO PÚBLICA;vigente desde 1940, sem alteração;6 meses a 2 anos;6 meses a 2 anos;mantem;0;;;;;;;
art. 336;Inutilização de edital ou de sinal;Título XI, DOS CRIMES CONTRA A ADMINISTRAÇÃO PÚBLICA;vigente desde 1940, sem alteração;1 mês a 1 ano;1 mês a 1 ano;mantem;0;;;;;;;
art. 337;Subtração ou inutilização de livro ou documento;Título XI, DOS CRIMES CONTRA A ADMINISTRAÇÃO PÚBLICA;vigente desde 1940, alterado;2 anos a 5 anos;2 anos a 5 anos;mantem;1;LEI 9983/2000, publicada em 17/07/2000;;Nova República: 1;0 de 1;;;
art. 337-A;Sonegação de contribuição previdenciária;Título XI, DOS CRIMES CONTRA A ADMINISTRAÇÃO PÚBLICA;tipo criado depois de 1940;;2 anos a 5 anos;agrava;3;"LEI 9983/2000, publicada em 17/07/2000; LEI 10467/2002, publicada em 12/06/2002; LC 225/2026, publicada em 09/01/2026";17/07/2000, Lei 9983/2000: cria pena;Nova República: 3;2 de 3;;;
art. 337-B;Corrupção ativa em transação comercial internacional;Título XI, DOS CRIMES CONTRA A ADMINISTRAÇÃO PÚBLICA;tipo criado depois de 1940;;1 ano a 8 anos;agrava;1;LEI 10467/2002, publicada em 12/06/2002;12/06/2002, Lei 10467/2002: cria pena;Nova República: 1;1 de 1;;;
art. 337-C;Tráfico de influência em transação comercial internacional;Título XI, DOS CRIMES CONTRA A ADMINISTRAÇÃO PÚBLICA;tipo criado depois de 1940;;2 anos a 5 anos;agrava;1;LEI 10467/2002, publicada em 12/06/2002;12/06/2002, Lei 10467/2002: cria pena;Nova República: 1;1 de 1;;;
art. 337-D;Funcionário público estrangeiro;Título XI, DOS CRIMES CONTRA A ADMINISTRAÇÃO PÚBLICA;tipo criado depois de 1940;;;sem pena declarada;2;"LEI 10467/2002, publicada em 12/06/2002; LEI 14133/2021, publicada em 01/04/2021";;Nova República: 2;1 de 2;;;
art. 337-E;Contratação direta ilegal;Título XI, DOS CRIMES CONTRA A ADMINISTRAÇÃO PÚBLICA;tipo criado depois de 1940;;4 anos a 8 anos;agrava;1;LEI 14133/2021, publicada em 01/04/2021;01/04/2021, Lei 14133/2021: cria pena;Nova República: 1;0 de 1;2021: MVI 50.448 para 48.286;;
art. 337-F;Frustração do caráter competitivo de licitação;Título XI, DOS CRIMES CONTRA A ADMINISTRAÇÃO PÚBLICA;tipo criado depois de 1940;;4 anos a 8 anos;agrava;1;LEI 14133/2021, publicada em 01/04/2021;01/04/2021, Lei 14133/2021: cria pena;Nova República: 1;0 de 1;2021: MVI 50.448 para 48.286;;
art. 337-G;Patrocínio de contratação indevida;Título XI, DOS CRIMES CONTRA A ADMINISTRAÇÃO PÚBLICA;tipo criado depois de 1940;;6 meses a 3 anos;agrava;1;LEI 14133/2021, publicada em 01/04/2021;01/04/2021, Lei 14133/2021: cria pena;Nova República: 1;0 de 1;2021: MVI 50.448 para 48.286;;
art. 337-H;administrativo;Título XI, DOS CRIMES CONTRA A ADMINISTRAÇÃO PÚBLICA;tipo criado depois de 1940;;4 anos a 8 anos;agrava;1;LEI 14133/2021, publicada em 01/04/2021;01/04/2021, Lei 14133/2021: cria pena;Nova República: 1;0 de 1;2021: MVI 50.448 para 48.286;;
art. 337-I;Perturbação de processo licitatório;Título XI, DOS CRIMES CONTRA A ADMINISTRAÇÃO PÚBLICA;tipo criado depois de 1940;;6 meses a 3 anos;agrava;1;LEI 14133/2021, publicada em 01/04/2021;01/04/2021, Lei 14133/2021: cria pena;Nova República: 1;0 de 1;2021: MVI 50.448 para 48.286;;
art. 337-J;Violação de sigilo em licitação;Título XI, DOS CRIMES CONTRA A ADMINISTRAÇÃO PÚBLICA;tipo criado depois de 1940;;2 anos a 3 anos;agrava;1;LEI 14133/2021, publicada em 01/04/2021;01/04/2021, Lei 14133/2021: cria pena;Nova República: 1;0 de 1;2021: MVI 50.448 para 48.286;;
art. 337-K;Afastamento de licitante;Título XI, DOS CRIMES CONTRA A ADMINISTRAÇÃO PÚBLICA;tipo criado depois de 1940;;3 anos a 5 anos;agrava;1;LEI 14133/2021, publicada em 01/04/2021;01/04/2021, Lei 14133/2021: cria pena;Nova República: 1;0 de 1;2021: MVI 50.448 para 48.286;;
art. 337-L;Fraude em licitação ou contrato;Título XI, DOS CRIMES CONTRA A ADMINISTRAÇÃO PÚBLICA;tipo criado depois de 1940;;4 anos a 8 anos;agrava;1;LEI 14133/2021, publicada em 01/04/2021;01/04/2021, Lei 14133/2021: cria pena;Nova República: 1;0 de 1;2021: MVI 50.448 para 48.286;;
art. 337-M;Contratação inidônea;Título XI, DOS CRIMES CONTRA A ADMINISTRAÇÃO PÚBLICA;tipo criado depois de 1940;;1 ano a 6 anos;agrava;1;LEI 14133/2021, publicada em 01/04/2021;01/04/2021, Lei 14133/2021: cria pena;Nova República: 1;0 de 1;2021: MVI 50.448 para 48.286;;
art. 337-N;Impedimento indevido;Título XI, DOS CRIMES CONTRA A ADMINISTRAÇÃO PÚBLICA;tipo criado depois de 1940;;6 meses a 2 anos;agrava;1;LEI 14133/2021, publicada em 01/04/2021;01/04/2021, Lei 14133/2021: cria pena;Nova República: 1;0 de 1;2021: MVI 50.448 para 48.286;;
art. 337-O;projetista;Título XI, DOS CRIMES CONTRA A ADMINISTRAÇÃO PÚBLICA;tipo criado depois de 1940;;6 meses a 3 anos;agrava;1;LEI 14133/2021, publicada em 01/04/2021;01/04/2021, Lei 14133/2021: cria pena;Nova República: 1;0 de 1;2021: MVI 50.448 para 48.286;;
art. 337-P;;Título XI, DOS CRIMES CONTRA A ADMINISTRAÇÃO PÚBLICA;tipo criado depois de 1940;;;sem pena declarada;1;LEI 14133/2021, publicada em 01/04/2021;;Nova República: 1;0 de 1;;;
art. 338;Reingresso de estrangeiro expulso;Título XI, DOS CRIMES CONTRA A ADMINISTRAÇÃO PÚBLICA;vigente desde 1940, alterado;1 ano a 4 anos;1 ano a 4 anos;mantem;1;LEI 15280/2025, publicada em 08/12/2025;;Nova República: 1;0 de 1;;;
art. 338-A;Descumprimento de medidas protetivas de urgência;Título XI, DOS CRIMES CONTRA A ADMINISTRAÇÃO PÚBLICA;tipo criado depois de 1940;;2 anos a 5 anos;agrava;1;LEI 15280/2025, publicada em 08/12/2025;08/12/2025, Lei 15280/2025: cria pena;Nova República: 1;0 de 1;2025: MVI 44.220 para 40.775;;
art. 339;Denunciação caluniosa;Título XI, DOS CRIMES CONTRA A ADMINISTRAÇÃO PÚBLICA;vigente desde 1940, alterado;2 anos a 8 anos;2 anos a 8 anos;mantem;1;LEI 14110/2020, publicada em 21/12/2020;;Nova República: 1;0 de 1;;;
art. 340;Comunicação falsa de crime ou de contravenção;Título XI, DOS CRIMES CONTRA A ADMINISTRAÇÃO PÚBLICA;vigente desde 1940, sem alteração;1 mês a 6 meses;1 mês a 6 meses;mantem;0;;;;;;;
art. 341;Auto-acusação falsa;Título XI, DOS CRIMES CONTRA A ADMINISTRAÇÃO PÚBLICA;vigente desde 1940, sem alteração;3 meses a 2 anos;3 meses a 2 anos;mantem;0;;;;;;;
art. 342;Falso testemunho ou falsa perícia;Título XI, DOS CRIMES CONTRA A ADMINISTRAÇÃO PÚBLICA;vigente desde 1940, alterado;1 ano a 6 anos;2 anos a 4 anos;abranda;2;"LEI 10268/2001, publicada em 29/08/2001; LEI 12850/2013, publicada em 05/08/2013";05/08/2013, Lei 12850/2013: abranda;Nova República: 2;0 de 2;2013: MVI 54.694 para 55.844;;
art. 343;;Título XI, DOS CRIMES CONTRA A ADMINISTRAÇÃO PÚBLICA;vigente desde 1940, alterado;1 ano a 3 anos;3 anos a 4 anos;agrava;1;LEI 10268/2001, publicada em 29/08/2001;29/08/2001, Lei 10268/2001: agrava;Nova República: 1;0 de 1;;;
art. 344;Coação no curso do processo;Título XI, DOS CRIMES CONTRA A ADMINISTRAÇÃO PÚBLICA;vigente desde 1940, alterado;1 ano a 4 anos;1 ano a 4 anos;mantem;1;LEI 14245/2021, publicada em 23/11/2021;;Nova República: 1;0 de 1;;;
art. 345;Exercício arbitrário das próprias razões;Título XI, DOS CRIMES CONTRA A ADMINISTRAÇÃO PÚBLICA;vigente desde 1940, sem alteração;0,5 meses a 1 mês;0,5 meses a 1 mês;mantem;0;;;;;;;
art. 346;;Título XI, DOS CRIMES CONTRA A ADMINISTRAÇÃO PÚBLICA;vigente desde 1940, sem alteração;6 meses a 2 anos;6 meses a 2 anos;mantem;0;;;;;;;
art. 347;Fraude processual;Título XI, DOS CRIMES CONTRA A ADMINISTRAÇÃO PÚBLICA;vigente desde 1940, sem alteração;3 meses a 2 anos;3 meses a 2 anos;mantem;0;;;;;;;
art. 348;Favorecimento pessoal;Título XI, DOS CRIMES CONTRA A ADMINISTRAÇÃO PÚBLICA;vigente desde 1940, sem alteração;0,5 meses a 6 meses;0,5 meses a 6 meses;mantem;0;;;;;;;
art. 349;Favorecimento real;Título XI, DOS CRIMES CONTRA A ADMINISTRAÇÃO PÚBLICA;vigente desde 1940, sem alteração;1 mês a 6 meses;1 mês a 6 meses;mantem;0;;;;;;;
art. 349-A;;Título XI, DOS CRIMES CONTRA A ADMINISTRAÇÃO PÚBLICA;tipo criado depois de 1940;;3 meses a 1 ano;agrava;1;LEI 12012/2009, publicada em 07/08/2009;07/08/2009, Lei 12012/2009: cria pena;Nova República: 1;0 de 1;;;
art. 350;Exercício arbitrário ou abuso de poder;Título XI, DOS CRIMES CONTRA A ADMINISTRAÇÃO PÚBLICA;descontinuado: a pena de 1940 foi retirada do artigo;1 mês a 1 ano;;abranda;1;LEI 13869/2019, publicada em 05/09/2019;;Nova República: 1;0 de 1;;;
art. 351;Fuga de pessoa presa ou submetida a medida de segurança;Título XI, DOS CRIMES CONTRA A ADMINISTRAÇÃO PÚBLICA;vigente desde 1940, sem alteração;6 meses a 6 anos;6 meses a 6 anos;mantem;0;;;;;;;
art. 352;Evasão mediante violência contra a pessoa;Título XI, DOS CRIMES CONTRA A ADMINISTRAÇÃO PÚBLICA;vigente desde 1940, sem alteração;3 meses a 1 ano;3 meses a 1 ano;mantem;0;;;;;;;
art. 353;Arrebatamento de preso;Título XI, DOS CRIMES CONTRA A ADMINISTRAÇÃO PÚBLICA;vigente desde 1940, sem alteração;1 ano a 4 anos;1 ano a 4 anos;mantem;0;;;;;;;
art. 354;Motim de presos;Título XI, DOS CRIMES CONTRA A ADMINISTRAÇÃO PÚBLICA;vigente desde 1940, sem alteração;6 meses a 2 anos;6 meses a 2 anos;mantem;0;;;;;;;
art. 355;Patrocínio infiel;Título XI, DOS CRIMES CONTRA A ADMINISTRAÇÃO PÚBLICA;vigente desde 1940, sem alteração;6 meses a 3 anos;6 meses a 3 anos;mantem;0;;;;;;;
art. 356;Sonegação de papel ou objeto de valor probatório;Título XI, DOS CRIMES CONTRA A ADMINISTRAÇÃO PÚBLICA;vigente desde 1940, sem alteração;6 meses a 3 anos;6 meses a 3 anos;mantem;0;;;;;;;
art. 357;Exploração de prestígio;Título XI, DOS CRIMES CONTRA A ADMINISTRAÇÃO PÚBLICA;vigente desde 1940, sem alteração;1 ano a 5 anos;1 ano a 5 anos;mantem;0;;;;;;;
art. 358;Violência ou fraude em arrematação judicial;Título XI, DOS CRIMES CONTRA A ADMINISTRAÇÃO PÚBLICA;vigente desde 1940, sem alteração;2 meses a 1 ano;2 meses a 1 ano;mantem;0;;;;;;;
art. 359;Desobediência a decisão judicial sobre perda ou suspensão de direito;Título XI, DOS CRIMES CONTRA A ADMINISTRAÇÃO PÚBLICA;vigente desde 1940, alterado;3 meses a 2 anos;3 meses a 2 anos;mantem;1;LEI 10028/2000, publicada em 20/10/2000;;Nova República: 1;0 de 1;;;
art. 359-A;Contratação de operação de crédito;Título XI, DOS CRIMES CONTRA A ADMINISTRAÇÃO PÚBLICA;tipo criado depois de 1940;;1 ano a 2 anos;agrava;1;LEI 10028/2000, publicada em 20/10/2000;20/10/2000, Lei 10028/2000: cria pena;Nova República: 1;0 de 1;;;
art. 359-B;Inscrição de despesas não empenhadas em restos a pagar;Título XI, DOS CRIMES CONTRA A ADMINISTRAÇÃO PÚBLICA;tipo criado depois de 1940;;6 meses a 2 anos;agrava;1;LEI 10028/2000, publicada em 20/10/2000;20/10/2000, Lei 10028/2000: cria pena;Nova República: 1;0 de 1;;;
art. 359-C;Assunção de obrigação no último ano do mandato ou legislatura;Título XI, DOS CRIMES CONTRA A ADMINISTRAÇÃO PÚBLICA;tipo criado depois de 1940;;1 ano a 4 anos;agrava;1;LEI 10028/2000, publicada em 20/10/2000;20/10/2000, Lei 10028/2000: cria pena;Nova República: 1;0 de 1;;;
art. 359-D;Ordenação de despesa não autorizada;Título XI, DOS CRIMES CONTRA A ADMINISTRAÇÃO PÚBLICA;tipo criado depois de 1940;;1 ano a 4 anos;agrava;1;LEI 10028/2000, publicada em 20/10/2000;20/10/2000, Lei 10028/2000: cria pena;Nova República: 1;0 de 1;;;
art. 359-E;Prestação de garantia graciosa;Título XI, DOS CRIMES CONTRA A ADMINISTRAÇÃO PÚBLICA;tipo criado depois de 1940;;3 meses a 1 ano;agrava;1;LEI 10028/2000, publicada em 20/10/2000;20/10/2000, Lei 10028/2000: cria pena;Nova República: 1;0 de 1;;;
art. 359-F;Não cancelamento de restos a pagar;Título XI, DOS CRIMES CONTRA A ADMINISTRAÇÃO PÚBLICA;tipo criado depois de 1940;;6 meses a 2 anos;agrava;1;LEI 10028/2000, publicada em 20/10/2000;20/10/2000, Lei 10028/2000: cria pena;Nova República: 1;0 de 1;;;
art. 359-G;Aumento de despesa total com pessoal no último ano do mandato ou legislatura;Título XI, DOS CRIMES CONTRA A ADMINISTRAÇÃO PÚBLICA;tipo criado depois de 1940;;1 ano a 4 anos;agrava;1;LEI 10028/2000, publicada em 20/10/2000;20/10/2000, Lei 10028/2000: cria pena;Nova República: 1;0 de 1;;;
art. 359-H;Oferta pública ou colocação de títulos no mercado;Título XI, DOS CRIMES CONTRA A ADMINISTRAÇÃO PÚBLICA;tipo criado depois de 1940;;1 ano a 4 anos;agrava;2;"LEI 10028/2000, publicada em 20/10/2000; LEI 14197/2021, publicada em 02/09/2021";20/10/2000, Lei 10028/2000: cria pena;Nova República: 2;0 de 2;;;
art. 359-I;Atentado à soberania;Título XII, DOS CRIMES CONTRA O ESTADO DEMOCRÁTICO DE DIREITO;tipo criado depois de 1940;;3 anos a 12 anos;agrava;1;LEI 14197/2021, publicada em 02/09/2021;02/09/2021, Lei 14197/2021: cria pena;Nova República: 1;0 de 1;2021: MVI 50.448 para 48.286;;
art. 359-J;Atentado à integridade nacional;Título XII, DOS CRIMES CONTRA O ESTADO DEMOCRÁTICO DE DIREITO;tipo criado depois de 1940;;2 anos a 6 anos;agrava;1;LEI 14197/2021, publicada em 02/09/2021;02/09/2021, Lei 14197/2021: cria pena;Nova República: 1;0 de 1;2021: MVI 50.448 para 48.286;;
art. 359-K;Espionagem;Título XII, DOS CRIMES CONTRA O ESTADO DEMOCRÁTICO DE DIREITO;tipo criado depois de 1940;;1 ano a 15 anos;agrava;1;LEI 14197/2021, publicada em 02/09/2021;02/09/2021, Lei 14197/2021: cria pena;Nova República: 1;0 de 1;2021: MVI 50.448 para 48.286;;
art. 359-L;Abolição violenta do Estado Democrático de Direito;Título XII, DOS CRIMES CONTRA O ESTADO DEMOCRÁTICO DE DIREITO;tipo criado depois de 1940;;4 anos a 8 anos;agrava;1;LEI 14197/2021, publicada em 02/09/2021;02/09/2021, Lei 14197/2021: cria pena;Nova República: 1;0 de 1;2021: MVI 50.448 para 48.286;;
art. 359-M;Golpe de Estado;Título XII, DOS CRIMES CONTRA O ESTADO DEMOCRÁTICO DE DIREITO;tipo criado depois de 1940;;4 anos a 12 anos;agrava;2;"LEI 14197/2021, publicada em 02/09/2021; LEI 15402/2026, publicada em 08/05/2026";02/09/2021, Lei 14197/2021: cria pena;Nova República: 2;1 de 2;2021: MVI 50.448 para 48.286;;
art. 359-N;Interrupção do processo eleitoral;Título XII, DOS CRIMES CONTRA O ESTADO DEMOCRÁTICO DE DIREITO;tipo criado depois de 1940;;3 anos a 6 anos;agrava;1;LEI 14197/2021, publicada em 02/09/2021;02/09/2021, Lei 14197/2021: cria pena;Nova República: 1;0 de 1;2021: MVI 50.448 para 48.286;;
art. 359-O;;Título XII, DOS CRIMES CONTRA O ESTADO DEMOCRÁTICO DE DIREITO;tipo criado depois de 1940;;;sem pena declarada;1;LEI 14197/2021, publicada em 02/09/2021;;Nova República: 1;0 de 1;;;
art. 359-P;Violência política;Título XII, DOS CRIMES CONTRA O ESTADO DEMOCRÁTICO DE DIREITO;tipo criado depois de 1940;;3 anos a 6 anos;agrava;1;LEI 14197/2021, publicada em 02/09/2021;02/09/2021, Lei 14197/2021: cria pena;Nova República: 1;0 de 1;2021: MVI 50.448 para 48.286;;
art. 359-Q;;Título XII, DOS CRIMES CONTRA O ESTADO DEMOCRÁTICO DE DIREITO;tipo criado depois de 1940;;;sem pena declarada;1;LEI 14197/2021, publicada em 02/09/2021;;Nova República: 1;0 de 1;;;
art. 359-R;Sabotagem;Título XII, DOS CRIMES CONTRA O ESTADO DEMOCRÁTICO DE DIREITO;tipo criado depois de 1940;;2 anos a 8 anos;agrava;1;LEI 14197/2021, publicada em 02/09/2021;02/09/2021, Lei 14197/2021: cria pena;Nova República: 1;0 de 1;2021: MVI 50.448 para 48.286;;
art. 359-T;;Título XII, DOS CRIMES CONTRA O ESTADO DEMOCRÁTICO DE DIREITO;tipo criado depois de 1940;;;sem pena declarada;1;LEI 14197/2021, publicada em 02/09/2021;;Nova República: 1;0 de 1;;;
art. 359-U;;Título XII, DOS CRIMES CONTRA O ESTADO DEMOCRÁTICO DE DIREITO;tipo criado depois de 1940;;;sem pena declarada;1;LEI 14197/2021, publicada em 02/09/2021;;Nova República: 1;0 de 1;;;
art. 360;;Disposições finais;vigente desde 1940, sem alteração;;;nao mensuravel por faixa;0;;;;;;;
art. 361;;Disposições finais;vigente desde 1940, sem alteração;;;nao mensuravel por faixa;0;;;;;;;