ano;norma;dispositivo;parte;estado_anterior;piso_antes;teto_antes;piso_depois;teto_depois;variacao_do_teto;direcao
1968;5474/1968;art. 172;Parte Especial;texto original de 1940;12;36;12;60;24;agrava
1968;5478/1968;art. 244;Parte Especial;texto original de 1940;3;12;12;48;36;agrava
1981;6898/1981;art. 242;Parte Especial;texto original de 1940;12;72;12;72;0;mantem
1984;7251/1984;art. 245;Parte Especial;texto original de 1940;1;6;12;24;18;agrava
1990;8072/1990;art. 159;Parte Especial;texto original de 1940;72;360;96;360;0;agrava
1990;8137/1990;art. 172;Parte Especial;5474/1968;12;60;24;48;-12;abranda
1990;8072/1990;art. 267;Parte Especial;texto original de 1940;12;180;120;180;0;agrava
1990;8072/1990;art. 270;Parte Especial;texto original de 1940;6;180;120;180;0;agrava
1990;8137/1990;art. 316;Parte Especial;texto original de 1940;6;144;36;96;-48;abranda
1990;8137/1990;art. 318;Parte Especial;texto original de 1940;24;60;36;96;36;agrava
1993;8683/1993;art. 206;Parte Especial;texto original de 1940;12;36;12;36;0;mantem
1995;9127/1995;art. 332;Parte Especial;texto original de 1940;12;60;24;60;0;agrava
1996;9426/1996;art. 157;Parte Especial;texto original de 1940;48;180;84;180;0;agrava
1996;9426/1996;art. 180;Parte Especial;texto original de 1940;1;48;1;96;48;agrava
1996;9279/1996;art. 187;Parte Especial;texto original de 1940;6;12;3;12;0;abranda
1996;9279/1996;art. 188;Parte Especial;texto original de 1940;1;6;1;3;-3;abranda
1996;9279/1996;art. 189;Parte Especial;texto original de 1940;1;6;3;12;6;agrava
1996;9279/1996;art. 190;Parte Especial;texto original de 1940;1;3;1;3;0;mantem
1996;9279/1996;art. 191;Parte Especial;texto original de 1940;;;1;3;;cria pena
1996;9279/1996;art. 192;Parte Especial;texto original de 1940;3;12;1;3;-9;abranda
1996;9279/1996;art. 193;Parte Especial;texto original de 1940;1;6;1;3;-3;abranda
1996;9279/1996;art. 194;Parte Especial;texto original de 1940;1;6;1;3;-3;abranda
1996;9279/1996;art. 195;Parte Especial;texto original de 1940;;;3;12;;cria pena
1996;9426/1996;art. 309;Parte Especial;texto original de 1940;12;36;12;48;12;agrava
1996;9426/1996;art. 310;Parte Especial;texto original de 1940;12;48;6;36;-12;abranda
1996;9426/1996;art. 311;Parte Especial;texto original de 1940;6;36;36;72;36;agrava
1998;9777/1998;art. 203;Parte Especial;texto original de 1940;1;12;12;24;12;agrava
1998;9777/1998;art. 207;Parte Especial;texto original de 1940;2;12;12;36;24;agrava
1998;9677/1998;art. 272;Parte Especial;texto original de 1940;6;72;12;96;24;agrava
1998;9677/1998;art. 273;Parte Especial;texto original de 1940;2;36;12;180;144;agrava
1998;9677/1998;art. 274;Parte Especial;texto original de 1940;1;3;12;60;57;agrava
1998;9677/1998;art. 275;Parte Especial;texto original de 1940;1;3;12;60;57;agrava
1998;9677/1998;art. 276;Parte Especial;texto original de 1940;1;3;12;60;57;agrava
1998;9677/1998;art. 277;Parte Especial;texto original de 1940;6;12;12;60;48;agrava
2000;9983/2000;art. 153;Parte Especial;texto original de 1940;1;6;12;48;42;agrava
2000;9983/2000;art. 168-A;Parte Especial;artigo inexistente em 1940;;;24;60;;cria pena
2000;9983/2000;art. 313-A;Parte Especial;artigo inexistente em 1940;;;24;144;;cria pena
2000;9983/2000;art. 313-B;Parte Especial;artigo inexistente em 1940;;;3;24;;cria pena
2000;9983/2000;art. 325;Parte Especial;texto original de 1940;6;24;24;72;48;agrava
2000;9983/2000;art. 337-A;Parte Especial;artigo inexistente em 1940;;;24;60;;cria pena
2000;10028/2000;art. 359-A;Parte Especial;artigo inexistente em 1940;;;12;24;;cria pena
2000;10028/2000;art. 359-B;Parte Especial;artigo inexistente em 1940;;;6;24;;cria pena
2000;10028/2000;art. 359-C;Parte Especial;artigo inexistente em 1940;;;12;48;;cria pena
2000;10028/2000;art. 359-D;Parte Especial;artigo inexistente em 1940;;;12;48;;cria pena
2000;10028/2000;art. 359-E;Parte Especial;artigo inexistente em 1940;;;3;12;;cria pena
2000;10028/2000;art. 359-F;Parte Especial;artigo inexistente em 1940;;;6;24;;cria pena
2000;10028/2000;art. 359-G;Parte Especial;artigo inexistente em 1940;;;12;48;;cria pena
2000;10028/2000;art. 359-H;Parte Especial;artigo inexistente em 1940;;;12;48;;cria pena
2001;10224/2001;art. 216-A;Parte Especial;artigo inexistente em 1940;;;12;24;;cria pena
2001;10268/2001;art. 343;Parte Especial;texto original de 1940;12;36;36;48;12;agrava
2002;10467/2002;art. 337-B;Parte Especial;artigo inexistente em 1940;;;12;96;;cria pena
2002;10467/2002;art. 337-C;Parte Especial;artigo inexistente em 1940;;;24;60;;cria pena
2003;10803/2003;art. 149;Parte Especial;texto original de 1940;24;96;24;96;0;mantem
2003;10695/2003;art. 184;Parte Especial;texto original de 1940;3;12;3;48;36;agrava
2003;10763/2003;art. 317;Parte Especial;texto original de 1940;3;96;24;144;48;agrava
2003;10763/2003;art. 333;Parte Especial;texto original de 1940;12;96;24;144;48;agrava
2004;10886/2004;art. 129;Parte Especial;texto original de 1940;2;144;6;12;-132;abranda
2006;11340/2006;art. 129;Parte Especial;10886/2004;6;12;3;36;24;agrava
2007;11466/2007;art. 319-A;Parte Especial;artigo inexistente em 1940;;;3;12;;cria pena
2009;11923/2009;art. 158;Parte Especial;texto original de 1940;48;120;72;144;24;agrava
2009;12015/2009;art. 213;Parte Especial;texto original de 1940;36;96;72;360;264;agrava
2009;12015/2009;art. 215;Parte Especial;texto original de 1940;12;72;24;72;0;agrava
2009;12015/2009;art. 217-A;Parte Especial;artigo inexistente em 1940;;;96;360;;cria pena
2009;12015/2009;art. 218;Parte Especial;texto original de 1940;12;48;24;60;12;agrava
2009;12015/2009;art. 218-A;Parte Especial;artigo inexistente em 1940;;;24;48;;cria pena
2009;12015/2009;art. 218-B;Parte Especial;artigo inexistente em 1940;;;48;120;;cria pena
2009;12015/2009;art. 228;Parte Especial;texto original de 1940;24;120;24;96;-24;abranda
2009;12015/2009;art. 230;Parte Especial;texto original de 1940;12;96;24;96;0;agrava
2009;12012/2009;art. 349-A;Parte Especial;artigo inexistente em 1940;;;3;12;;cria pena
2011;12550/2011;art. 311-A;Parte Especial;artigo inexistente em 1940;;;12;72;;cria pena
2012;12653/2012;art. 135-A;Parte Especial;artigo inexistente em 1940;;;3;12;;cria pena
2012;12737/2012;art. 154-A;Parte Especial;artigo inexistente em 1940;;;3;24;;cria pena
2012;12720/2012;art. 288-A;Parte Especial;artigo inexistente em 1940;;;48;96;;cria pena
2013;12850/2013;art. 288;Parte Especial;texto original de 1940;12;36;12;36;0;mantem
2013;12850/2013;art. 342;Parte Especial;texto original de 1940;12;72;24;48;-24;abranda
2014;13008/2014;art. 334;Parte Especial;texto original de 1940;12;48;12;48;0;mantem
2014;13008/2014;art. 334-A;Parte Especial;artigo inexistente em 1940;;;24;60;;cria pena
2016;13344/2016;art. 149-A;Parte Especial;artigo inexistente em 1940;;;48;96;;cria pena
2018;13654/2018;art. 155;Parte Especial;texto original de 1940;12;48;48;120;72;agrava
2018;13654/2018;art. 157;Parte Especial;9426/1996;84;180;84;216;36;agrava
2018;13772/2018;art. 216-B;Parte Especial;artigo inexistente em 1940;;;6;12;;cria pena
2021;14188/2021;art. 147-B;Parte Especial;artigo inexistente em 1940;;;6;24;;cria pena
2021;14155/2021;art. 154-A;Parte Especial;12737/2012;3;24;12;60;36;agrava
2021;14155/2021;art. 171;Parte Especial;texto original de 1940;12;60;48;96;36;agrava
2021;14133/2021;art. 337-E;Parte Especial;artigo inexistente em 1940;;;48;96;;cria pena
2021;14133/2021;art. 337-F;Parte Especial;artigo inexistente em 1940;;;48;96;;cria pena
2021;14133/2021;art. 337-G;Parte Especial;artigo inexistente em 1940;;;6;36;;cria pena
2021;14133/2021;art. 337-H;Parte Especial;artigo inexistente em 1940;;;48;96;;cria pena
2021;14133/2021;art. 337-I;Parte Especial;artigo inexistente em 1940;;;6;36;;cria pena
2021;14133/2021;art. 337-J;Parte Especial;artigo inexistente em 1940;;;24;36;;cria pena
2021;14133/2021;art. 337-K;Parte Especial;artigo inexistente em 1940;;;36;60;;cria pena
2021;14133/2021;art. 337-L;Parte Especial;artigo inexistente em 1940;;;48;96;;cria pena
2021;14133/2021;art. 337-M;Parte Especial;artigo inexistente em 1940;;;12;72;;cria pena
2021;14133/2021;art. 337-N;Parte Especial;artigo inexistente em 1940;;;6;24;;cria pena
2021;14133/2021;art. 337-O;Parte Especial;artigo inexistente em 1940;;;6;36;;cria pena
2021;14197/2021;art. 359-I;Parte Especial;artigo inexistente em 1940;;;36;144;;cria pena
2021;14197/2021;art. 359-J;Parte Especial;artigo inexistente em 1940;;;24;72;;cria pena
2021;14197/2021;art. 359-K;Parte Especial;artigo inexistente em 1940;;;12;180;;cria pena
2021;14197/2021;art. 359-L;Parte Especial;artigo inexistente em 1940;;;48;96;;cria pena
2021;14197/2021;art. 359-M;Parte Especial;artigo inexistente em 1940;;;48;144;;cria pena
2021;14197/2021;art. 359-N;Parte Especial;artigo inexistente em 1940;;;36;72;;cria pena
2021;14197/2021;art. 359-P;Parte Especial;artigo inexistente em 1940;;;36;72;;cria pena
2021;14197/2021;art. 359-R;Parte Especial;artigo inexistente em 1940;;;24;96;;cria pena
2022;14478/2022;art. 171-A;Parte Especial;artigo inexistente em 1940;;;48;96;;cria pena
2023;14532/2023;art. 140;Parte Especial;texto original de 1940;1;12;12;36;24;agrava
2024;14994/2024;art. 121-A;Parte Especial;artigo inexistente em 1940;;;240;480;;cria pena
2024;14994/2024;art. 129;Parte Especial;11340/2006;3;36;24;60;24;agrava
2024;14811/2024;art. 146-A;Parte Especial;artigo inexistente em 1940;;;24;48;;cria pena
2025;15163/2025;art. 133;Parte Especial;texto original de 1940;6;144;24;168;24;agrava
2025;15163/2025;art. 136;Parte Especial;texto original de 1940;2;144;24;168;24;agrava
2025;15181/2025;art. 157;Parte Especial;13654/2018;84;216;72;144;-72;abranda
2025;15280/2025;art. 217-A;Parte Especial;12015/2009;96;360;120;480;120;agrava
2025;15280/2025;art. 218;Parte Especial;12015/2009;24;60;72;168;108;agrava
2025;15280/2025;art. 218-A;Parte Especial;12015/2009;24;48;60;144;96;agrava
2025;15280/2025;art. 218-B;Parte Especial;12015/2009;48;120;84;192;72;agrava
2025;15280/2025;art. 218-C;Parte Especial;artigo inexistente em 1940;;;48;120;;cria pena
2025;15280/2025;art. 338-A;Parte Especial;artigo inexistente em 1940;;;24;60;;cria pena
2026;15358/2026;art. 121;Parte Especial;texto original de 1940;12;360;240;480;120;agrava
2026;15384/2026;art. 121-B;Parte Especial;artigo inexistente em 1940;;;240;480;;cria pena
2026;15358/2026;art. 129;Parte Especial;14994/2024;24;60;240;480;420;agrava
2026;15358/2026;art. 147-C;Parte Especial;artigo inexistente em 1940;;;12;36;;cria pena
2026;15358/2026;art. 148;Parte Especial;texto original de 1940;12;96;144;240;144;agrava
2026;15358/2026;art. 155;Parte Especial;13654/2018;48;120;48;120;0;mantem
2026;15397/2026;art. 155;Parte Especial;15358/2026;48;120;12;120;0;abranda
2026;15358/2026;art. 157;Parte Especial;15181/2025;72;144;240;480;336;agrava
2026;15397/2026;art. 157;Parte Especial;15358/2026;240;480;72;360;-120;abranda
2026;15397/2026;art. 171;Parte Especial;14155/2021;48;96;12;60;-36;abranda
2026;15397/2026;art. 180;Parte Especial;9426/1996;1;96;24;72;-24;abranda
2026;15397/2026;art. 180-A;Parte Especial;artigo inexistente em 1940;;;36;96;;cria pena
2026;15397/2026;art. 266;Parte Especial;texto original de 1940;12;36;24;48;12;agrava
