especie;numero;ano;dispositivos_tocados;eleicao_geral;eleicao_municipal;tipos
lei;4729;1965;1;nao;nao;incluido=1
lei;5346;1967;1;nao;sim;incluido=1
lei;5474;1968;1;nao;nao;incluido=1
lei;5478;1968;2;nao;nao;incluido=1|redacao dada=1
lei;5726;1971;1;nao;sim;redacao dada=1
lei;6368;1976;2;nao;nao;revogado=2
lei;6416;1977;1;nao;nao;incluido=1
lei;6799;1980;1;nao;nao;incluido=1
lei;6898;1981;4;nao;nao;redacao dada=4
lei;7209;1984;300;nao;nao;incluida=1|incluido=56|redacao dada=243
lei;7251;1984;4;nao;nao;incluido=2|redacao dada=2
lei;8069;1990;2;sim;nao;incluido=1|redacao dada=1
lei;8072;1990;6;sim;nao;redacao dada=6
lei;8137;1990;6;sim;nao;redacao dada=5|revogado=1
lei;8683;1993;2;nao;nao;redacao dada=2
lei;9127;1995;4;nao;nao;redacao dada=4
lei;9268;1996;11;nao;sim;incluido=4|redacao dada=5|revogado=2
lei;9269;1996;1;nao;sim;redacao dada=1
lei;9279;1996;10;nao;sim;revogado=10
lei;9426;1996;16;nao;sim;incluido=5|redacao dada=11
lei;9677;1998;26;sim;nao;incluido=9|redacao dada=17
lei;9714;1998;28;sim;nao;incluido=19|redacao dada=9
lei;9777;1998;9;sim;nao;incluido=7|redacao dada=2
lei;10028;2000;27;nao;sim;incluido=27
lei;9983;2000;46;nao;sim;incluido=45|renumerado=1
lei;10224;2001;4;nao;nao;incluido=4
lei;10268;2001;6;nao;nao;redacao dada=6
lei;10467;2002;11;sim;nao;incluido=11
lei;10695;2003;14;nao;nao;incluido=6|redacao dada=7|revogado=1
lei;10741;2003;6;nao;nao;incluido=2|redacao dada=4
lei;10763;2003;3;nao;nao;incluido=1|redacao dada=2
lei;10803;2003;8;nao;nao;incluido=6|redacao dada=2
lei;10886;2004;2;nao;sim;incluido=2
lei;11035;2004;8;nao;sim;incluido=6|redacao dada=2
lei;11106;2005;15;nao;nao;incluido=2|redacao dada=4|revogado=9
lei;11340;2006;2;sim;nao;incluido=1|redacao dada=1
lei;11466;2007;1;nao;nao;incluido=1
lei;11596;2007;1;nao;nao;redacao dada=1
lei;11923;2009;1;nao;nao;incluido=1
lei;12012;2009;2;nao;nao;incluido=2
lei;12015;2009;53;nao;nao;incluido=26|redacao dada=22|revogado=5
lei;12033;2009;1;nao;nao;redacao dada=1
lei;12234;2010;4;sim;nao;redacao dada=3|revogado=1
lei;12550;2011;14;nao;nao;incluido=14
lei;12653;2012;4;nao;sim;incluido=4
lei;12694;2012;2;nao;sim;incluido=2
lei;12720;2012;2;nao;sim;incluido=1|redacao dada=1
lei;12737;2012;16;nao;sim;incluido=14|redacao dada=2
lei;12850;2013;3;nao;nao;redacao dada=3
lei;12978;2014;1;sim;nao;redacao dada=1
lei;13008;2014;18;sim;nao;incluido=9|redacao dada=9
lei;13104;2015;1;nao;nao;incluido=1
lei;13188;2015;1;nao;nao;incluido=1
lei;13344;2016;17;nao;sim;incluido=15|revogado=2
lei;13445;2017;7;nao;nao;incluido=7
lei;13531;2017;2;nao;nao;redacao dada=2
lei;13606;2018;1;sim;nao;incluido=1
lei;13654;2018;9;sim;nao;incluido=6|redacao dada=3
lei;13718;2018;19;sim;nao;incluido=14|redacao dada=5
lei;13772;2018;3;sim;nao;incluido=3
lei;13869;2019;2;nao;nao;revogado=2
lei;13964;2019;25;nao;nao;incluido=18|redacao dada=7
lei;13968;2019;13;nao;nao;incluido=10|redacao dada=3
lei;14110;2020;1;nao;sim;redacao dada=1
lei;14132;2021;8;nao;nao;incluido=8
lei;14133;2021;46;nao;nao;incluido=46
lei;14155;2021;10;nao;nao;incluido=4|redacao dada=6
lei;14188;2021;3;nao;nao;incluido=3
lei;14197;2021;50;nao;nao;incluido=49|redacao dada=1
lei;14245;2021;1;nao;nao;incluido=1
lei;14344;2022;7;sim;nao;incluido=5|redacao dada=2
lei;14478;2022;2;sim;nao;incluido=2
lei;14532;2023;2;nao;nao;redacao dada=2
lei;14562;2023;9;nao;nao;incluido=6|redacao dada=3
lei;14811;2024;7;nao;sim;incluido=6|redacao dada=1
lei;14967;2024;1;nao;sim;incluido=1
lei;14994;2024;28;nao;sim;incluido=21|redacao dada=4|revogado=3
lei;15035;2024;3;nao;sim;incluido=3
lei;15123;2025;1;nao;nao;incluido=1
lei;15134;2025;3;nao;nao;incluida=2|redacao dada=1
lei;15159;2025;13;nao;nao;incluido=10|redacao dada=3
lei;15160;2025;2;nao;nao;redacao dada=2
lei;15163;2025;6;nao;nao;redacao dada=6
lei;15181;2025;2;nao;nao;incluido=2
lei;15245;2025;2;nao;nao;incluido=2
lei;15280;2025;14;nao;nao;incluido=6|redacao dada=8
lei;15353;2026;2;sim;nao;incluido=1|redacao dada=1
lei;15358;2026;21;sim;nao;incluido=19|redacao dada=2
lei;15384;2026;7;sim;nao;incluido=7
lei;15397;2026;34;sim;nao;incluido=8|redacao dada=26
lei;15402;2026;2;sim;nao;incluido=2
lei;15425;2026;8;sim;nao;incluido=4|redacao dada=4
lei;15438;2026;1;sim;nao;incluido=1
lei;15455;2026;1;sim;nao;redacao dada=1
lei;15487;2026;1;sim;nao;redacao dada=1
lei complementar;225;2026;4;sim;nao;incluido=4
