dispositivo;artigo;parte;existia_em_1940;existe_hoje;clausulas_1940;clausulas_hoje;piso_1940_meses;teto_1940_meses;piso_hoje_meses;teto_hoje_meses;variacao_do_teto_meses;classe;direcao;normas_que_tocaram;atribuicao;normas
art. 1;1;Parte Geral;sim;sim;0;0;;;;;;sem faixa de pena nos dois lados;nao mensuravel por faixa;1;norma unica;L7209/1984
art. 2;2;Parte Geral;sim;sim;0;0;;;;;;sem faixa de pena nos dois lados;nao mensuravel por faixa;1;norma unica;L7209/1984
art. 3;3;Parte Geral;sim;sim;0;0;;;;;;sem faixa de pena nos dois lados;nao mensuravel por faixa;1;norma unica;L7209/1984
art. 4;4;Parte Geral;sim;sim;0;0;;;;;;sem faixa de pena nos dois lados;nao mensuravel por faixa;1;norma unica;L7209/1984
art. 5;5;Parte Geral;sim;sim;0;0;;;;;;sem faixa de pena nos dois lados;nao mensuravel por faixa;1;norma unica;L7209/1984
art. 6;6;Parte Geral;sim;sim;0;0;;;;;;sem faixa de pena nos dois lados;nao mensuravel por faixa;1;norma unica;L7209/1984
art. 7;7;Parte Geral;sim;sim;0;0;;;;;;sem faixa de pena nos dois lados;nao mensuravel por faixa;1;norma unica;L7209/1984
art. 8;8;Parte Geral;sim;sim;0;0;;;;;;sem faixa de pena nos dois lados;nao mensuravel por faixa;1;norma unica;L7209/1984
art. 9;9;Parte Geral;sim;sim;0;0;;;;;;sem faixa de pena nos dois lados;nao mensuravel por faixa;1;norma unica;L7209/1984
art. 10;10;Parte Geral;sim;sim;0;0;;;;;;sem faixa de pena nos dois lados;nao mensuravel por faixa;1;norma unica;L7209/1984
art. 11;11;Parte Geral;sim;sim;0;0;;;;;;sem faixa de pena nos dois lados;nao mensuravel por faixa;1;norma unica;L7209/1984
art. 12;12;Parte Geral;sim;sim;0;0;;;;;;sem faixa de pena nos dois lados;nao mensuravel por faixa;1;norma unica;L7209/1984
art. 13;13;Parte Geral;sim;sim;0;0;;;;;;sem faixa de pena nos dois lados;nao mensuravel por faixa;1;norma unica;L7209/1984
art. 14;14;Parte Geral;sim;sim;0;0;;;;;;sem faixa de pena nos dois lados;nao mensuravel por faixa;1;norma unica;L7209/1984
art. 15;15;Parte Geral;sim;sim;0;0;;;;;;sem faixa de pena nos dois lados;nao mensuravel por faixa;1;norma unica;L7209/1984
art. 16;16;Parte Geral;sim;sim;0;0;;;;;;sem faixa de pena nos dois lados;nao mensuravel por faixa;1;norma unica;L7209/1984
art. 17;17;Parte Geral;sim;sim;0;0;;;;;;sem faixa de pena nos dois lados;nao mensuravel por faixa;1;norma unica;L7209/1984
art. 18;18;Parte Geral;sim;sim;0;0;;;;;;sem faixa de pena nos dois lados;nao mensuravel por faixa;1;norma unica;L7209/1984
art. 19;19;Parte Geral;sim;sim;0;0;;;;;;sem faixa de pena nos dois lados;nao mensuravel por faixa;1;norma unica;L7209/1984
art. 20;20;Parte Geral;sim;sim;0;0;;;;;;sem faixa de pena nos dois lados;nao mensuravel por faixa;1;norma unica;L7209/1984
art. 21;21;Parte Geral;sim;sim;0;0;;;;;;sem faixa de pena nos dois lados;nao mensuravel por faixa;1;norma unica;L7209/1984
art. 22;22;Parte Geral;sim;sim;0;0;;;;;;sem faixa de pena nos dois lados;nao mensuravel por faixa;1;norma unica;L7209/1984
art. 23;23;Parte Geral;sim;sim;0;0;;;;;;sem faixa de pena nos dois lados;nao mensuravel por faixa;1;norma unica;L7209/1984
art. 24;24;Parte Geral;sim;sim;0;0;;;;;;sem faixa de pena nos dois lados;nao mensuravel por faixa;1;norma unica;L7209/1984
art. 25;25;Parte Geral;sim;sim;0;0;;;;;;sem faixa de pena nos dois lados;nao mensuravel por faixa;2;efeito liquido de 2 normas;L7209/1984 L13964/2019
art. 26;26;Parte Geral;sim;sim;0;0;;;;;;sem faixa de pena nos dois lados;nao mensuravel por faixa;1;norma unica;L7209/1984
art. 27;27;Parte Geral;sim;sim;0;0;;;;;;sem faixa de pena nos dois lados;nao mensuravel por faixa;1;norma unica;L7209/1984
art. 28;28;Parte Geral;sim;sim;0;0;;;;;;sem faixa de pena nos dois lados;nao mensuravel por faixa;1;norma unica;L7209/1984
art. 29;29;Parte Geral;sim;sim;0;0;;;;;;sem faixa de pena nos dois lados;nao mensuravel por faixa;1;norma unica;L7209/1984
art. 30;30;Parte Geral;sim;sim;0;0;;;;;;sem faixa de pena nos dois lados;nao mensuravel por faixa;1;norma unica;L7209/1984
art. 31;31;Parte Geral;sim;sim;0;0;;;;;;sem faixa de pena nos dois lados;nao mensuravel por faixa;1;norma unica;L7209/1984
art. 32;32;Parte Geral;sim;sim;0;0;;;;;;sem faixa de pena nos dois lados;nao mensuravel por faixa;1;norma unica;L7209/1984
art. 33;33;Parte Geral;sim;sim;0;0;;;;;;sem faixa de pena nos dois lados;nao mensuravel por faixa;2;efeito liquido de 2 normas;L7209/1984 L10763/2003
art. 34;34;Parte Geral;sim;sim;0;0;;;;;;sem faixa de pena nos dois lados;nao mensuravel por faixa;1;norma unica;L7209/1984
art. 35;35;Parte Geral;sim;sim;0;0;;;;;;sem faixa de pena nos dois lados;nao mensuravel por faixa;1;norma unica;L7209/1984
art. 36;36;Parte Geral;sim;sim;0;0;;;;;;sem faixa de pena nos dois lados;nao mensuravel por faixa;1;norma unica;L7209/1984
art. 37;37;Parte Geral;sim;sim;0;0;;;;;;sem faixa de pena nos dois lados;nao mensuravel por faixa;1;norma unica;L7209/1984
art. 38;38;Parte Geral;sim;sim;0;0;;;;;;sem faixa de pena nos dois lados;nao mensuravel por faixa;1;norma unica;L7209/1984
art. 39;39;Parte Geral;sim;sim;0;0;;;;;;sem faixa de pena nos dois lados;nao mensuravel por faixa;1;norma unica;L7209/1984
art. 40;40;Parte Geral;sim;sim;0;0;;;;;;sem faixa de pena nos dois lados;nao mensuravel por faixa;1;norma unica;L7209/1984
art. 41;41;Parte Geral;sim;sim;0;0;;;;;;sem faixa de pena nos dois lados;nao mensuravel por faixa;1;norma unica;L7209/1984
art. 42;42;Parte Geral;sim;sim;0;0;;;;;;sem faixa de pena nos dois lados;nao mensuravel por faixa;1;norma unica;L7209/1984
art. 43;43;Parte Geral;sim;sim;0;0;;;;;;sem faixa de pena nos dois lados;nao mensuravel por faixa;2;efeito liquido de 2 normas;L7209/1984 L9714/1998
art. 44;44;Parte Geral;sim;sim;0;0;;;;;;sem faixa de pena nos dois lados;nao mensuravel por faixa;1;norma unica;L9714/1998
art. 45;45;Parte Geral;sim;sim;0;0;;;;;;sem faixa de pena nos dois lados;nao mensuravel por faixa;1;norma unica;L9714/1998
art. 46;46;Parte Geral;sim;sim;0;0;;;;;;sem faixa de pena nos dois lados;nao mensuravel por faixa;2;efeito liquido de 2 normas;L7209/1984 L9714/1998
art. 47;47;Parte Geral;sim;sim;0;0;;;;;;sem faixa de pena nos dois lados;nao mensuravel por faixa;3;efeito liquido de 3 normas;L7209/1984 L9714/1998 L12550/2011
art. 48;48;Parte Geral;sim;sim;0;0;;;;;;sem faixa de pena nos dois lados;nao mensuravel por faixa;1;norma unica;L7209/1984
art. 49;49;Parte Geral;sim;sim;0;0;;;;;;sem faixa de pena nos dois lados;nao mensuravel por faixa;1;norma unica;L7209/1984
art. 50;50;Parte Geral;sim;sim;0;0;;;;;;sem faixa de pena nos dois lados;nao mensuravel por faixa;1;norma unica;L7209/1984
art. 51;51;Parte Geral;sim;sim;0;0;;;;;;sem faixa de pena nos dois lados;nao mensuravel por faixa;2;efeito liquido de 2 normas;L9268/1996 L13964/2019
art. 52;52;Parte Geral;sim;sim;0;0;;;;;;sem faixa de pena nos dois lados;nao mensuravel por faixa;1;norma unica;L7209/1984
art. 53;53;Parte Geral;sim;sim;0;0;;;;;;sem faixa de pena nos dois lados;nao mensuravel por faixa;1;norma unica;L7209/1984
art. 54;54;Parte Geral;sim;sim;0;0;;;;;;sem faixa de pena nos dois lados;nao mensuravel por faixa;1;norma unica;L7209/1984
art. 55;55;Parte Geral;sim;sim;0;0;;;;;;sem faixa de pena nos dois lados;nao mensuravel por faixa;1;norma unica;L9714/1998
art. 56;56;Parte Geral;sim;sim;0;0;;;;;;sem faixa de pena nos dois lados;nao mensuravel por faixa;1;norma unica;L7209/1984
art. 57;57;Parte Geral;sim;sim;0;0;;;;;;sem faixa de pena nos dois lados;nao mensuravel por faixa;1;norma unica;L7209/1984
art. 58;58;Parte Geral;sim;sim;0;0;;;;;;sem faixa de pena nos dois lados;nao mensuravel por faixa;1;norma unica;L7209/1984
art. 59;59;Parte Geral;sim;sim;0;0;;;;;;sem faixa de pena nos dois lados;nao mensuravel por faixa;1;norma unica;L7209/1984
art. 60;60;Parte Geral;sim;sim;0;0;;;;;;sem faixa de pena nos dois lados;nao mensuravel por faixa;1;norma unica;L7209/1984
art. 61;61;Parte Geral;sim;sim;0;0;;;;;;sem faixa de pena nos dois lados;nao mensuravel por faixa;4;efeito liquido de 4 normas;L7209/1984 L10741/2003 L11340/2006 L15159/2025
art. 62;62;Parte Geral;sim;sim;0;0;;;;;;sem faixa de pena nos dois lados;nao mensuravel por faixa;1;norma unica;L7209/1984
art. 63;63;Parte Geral;sim;sim;0;0;;;;;;sem faixa de pena nos dois lados;nao mensuravel por faixa;1;norma unica;L7209/1984
art. 64;64;Parte Geral;sim;sim;0;0;;;;;;sem faixa de pena nos dois lados;nao mensuravel por faixa;1;norma unica;L7209/1984
art. 65;65;Parte Geral;sim;sim;0;0;;;;;;sem faixa de pena nos dois lados;nao mensuravel por faixa;2;efeito liquido de 2 normas;L7209/1984 L15160/2025
art. 66;66;Parte Geral;sim;sim;0;0;;;;;;sem faixa de pena nos dois lados;nao mensuravel por faixa;1;norma unica;L7209/1984
art. 67;67;Parte Geral;sim;sim;0;0;;;;;;sem faixa de pena nos dois lados;nao mensuravel por faixa;1;norma unica;L7209/1984
art. 68;68;Parte Geral;sim;sim;0;0;;;;;;sem faixa de pena nos dois lados;nao mensuravel por faixa;1;norma unica;L7209/1984
art. 69;69;Parte Geral;sim;sim;0;0;;;;;;sem faixa de pena nos dois lados;nao mensuravel por faixa;1;norma unica;L7209/1984
art. 70;70;Parte Geral;sim;sim;0;0;;;;;;sem faixa de pena nos dois lados;nao mensuravel por faixa;1;norma unica;L7209/1984
art. 71;71;Parte Geral;sim;sim;0;0;;;;;;sem faixa de pena nos dois lados;nao mensuravel por faixa;1;norma unica;L7209/1984
art. 72;72;Parte Geral;sim;sim;0;0;;;;;;sem faixa de pena nos dois lados;nao mensuravel por faixa;1;norma unica;L7209/1984
art. 73;73;Parte Geral;sim;sim;0;0;;;;;;sem faixa de pena nos dois lados;nao mensuravel por faixa;1;norma unica;L7209/1984
art. 74;74;Parte Geral;sim;sim;0;0;;;;;;sem faixa de pena nos dois lados;nao mensuravel por faixa;1;norma unica;L7209/1984
art. 75;75;Parte Geral;sim;sim;0;0;;;;;;sem faixa de pena nos dois lados;nao mensuravel por faixa;2;efeito liquido de 2 normas;L7209/1984 L13964/2019
art. 76;76;Parte Geral;sim;sim;0;0;;;;;;sem faixa de pena nos dois lados;nao mensuravel por faixa;1;norma unica;L7209/1984
art. 77;77;Parte Geral;sim;sim;0;0;;;;;;sem faixa de pena nos dois lados;nao mensuravel por faixa;2;efeito liquido de 2 normas;L7209/1984 L9714/1998
art. 78;78;Parte Geral;sim;sim;0;0;;;;;;sem faixa de pena nos dois lados;nao mensuravel por faixa;2;efeito liquido de 2 normas;L7209/1984 L9268/1996
art. 79;79;Parte Geral;sim;sim;0;0;;;;;;sem faixa de pena nos dois lados;nao mensuravel por faixa;1;norma unica;L7209/1984
art. 80;80;Parte Geral;sim;sim;0;0;;;;;;sem faixa de pena nos dois lados;nao mensuravel por faixa;1;norma unica;L7209/1984
art. 81;81;Parte Geral;sim;sim;0;0;;;;;;sem faixa de pena nos dois lados;nao mensuravel por faixa;1;norma unica;L7209/1984
art. 82;82;Parte Geral;sim;sim;0;0;;;;;;sem faixa de pena nos dois lados;nao mensuravel por faixa;1;norma unica;L7209/1984
art. 83;83;Parte Geral;sim;sim;0;0;;;;;;sem faixa de pena nos dois lados;nao mensuravel por faixa;3;efeito liquido de 3 normas;L7209/1984 L13344/2016 L13964/2019
art. 84;84;Parte Geral;sim;sim;0;0;;;;;;sem faixa de pena nos dois lados;nao mensuravel por faixa;1;norma unica;L7209/1984
art. 85;85;Parte Geral;sim;sim;0;0;;;;;;sem faixa de pena nos dois lados;nao mensuravel por faixa;1;norma unica;L7209/1984
art. 86;86;Parte Geral;sim;sim;0;0;;;;;;sem faixa de pena nos dois lados;nao mensuravel por faixa;1;norma unica;L7209/1984
art. 87;87;Parte Geral;sim;sim;0;0;;;;;;sem faixa de pena nos dois lados;nao mensuravel por faixa;1;norma unica;L7209/1984
art. 88;88;Parte Geral;sim;sim;0;0;;;;;;sem faixa de pena nos dois lados;nao mensuravel por faixa;1;norma unica;L7209/1984
art. 89;89;Parte Geral;sim;sim;0;0;;;;;;sem faixa de pena nos dois lados;nao mensuravel por faixa;1;norma unica;L7209/1984
art. 90;90;Parte Geral;sim;sim;0;0;;;;;;sem faixa de pena nos dois lados;nao mensuravel por faixa;1;norma unica;L7209/1984
art. 91;91;Parte Geral;sim;sim;0;0;;;;;;sem faixa de pena nos dois lados;nao mensuravel por faixa;2;efeito liquido de 2 normas;L7209/1984 L12694/2012
art. 91-A;91;Parte Geral;nao;sim;0;0;;;;;;tipo novo;sem pena declarada;2;efeito liquido de 2 normas;L13964/2019 L15358/2026
art. 92;92;Parte Geral;sim;sim;0;0;;;;;;sem faixa de pena nos dois lados;nao mensuravel por faixa;5;efeito liquido de 5 normas;L7209/1984 L9268/1996 L14994/2024 L15358/2026 L15487/2026
art. 93;93;Parte Geral;sim;sim;0;0;;;;;;sem faixa de pena nos dois lados;nao mensuravel por faixa;1;norma unica;L7209/1984
art. 94;94;Parte Geral;sim;sim;0;0;;;;;;sem faixa de pena nos dois lados;nao mensuravel por faixa;1;norma unica;L7209/1984
art. 95;95;Parte Geral;sim;sim;0;0;;;;;;sem faixa de pena nos dois lados;nao mensuravel por faixa;1;norma unica;L7209/1984
art. 96;96;Parte Geral;sim;sim;0;0;;;;;;sem faixa de pena nos dois lados;nao mensuravel por faixa;1;norma unica;L7209/1984
art. 97;97;Parte Geral;sim;sim;0;0;;;;;;sem faixa de pena nos dois lados;nao mensuravel por faixa;1;norma unica;L7209/1984
art. 98;98;Parte Geral;sim;sim;0;0;;;;;;sem faixa de pena nos dois lados;nao mensuravel por faixa;1;norma unica;L7209/1984
art. 99;99;Parte Geral;sim;sim;0;0;;;;;;sem faixa de pena nos dois lados;nao mensuravel por faixa;1;norma unica;L7209/1984
art. 100;100;Parte Geral;sim;sim;0;0;;;;;;sem faixa de pena nos dois lados;nao mensuravel por faixa;1;norma unica;L7209/1984
art. 101;101;Parte Geral;sim;sim;0;0;;;;;;sem faixa de pena nos dois lados;nao mensuravel por faixa;1;norma unica;L7209/1984
art. 102;102;Parte Geral;sim;sim;0;0;;;;;;sem faixa de pena nos dois lados;nao mensuravel por faixa;1;norma unica;L7209/1984
art. 103;103;Parte Geral;sim;sim;0;0;;;;;;sem faixa de pena nos dois lados;nao mensuravel por faixa;2;efeito liquido de 2 normas;L7209/1984 L15438/2026
art. 104;104;Parte Geral;sim;sim;0;0;;;;;;sem faixa de pena nos dois lados;nao mensuravel por faixa;1;norma unica;L7209/1984
art. 105;105;Parte Geral;sim;sim;0;0;;;;;;sem faixa de pena nos dois lados;nao mensuravel por faixa;1;norma unica;L7209/1984
art. 106;106;Parte Geral;sim;sim;0;0;;;;;;sem faixa de pena nos dois lados;nao mensuravel por faixa;2;efeito liquido de 2 normas;L7209/1984 L11106/2005
art. 107;107;Parte Geral;sim;sim;0;0;;;;;;sem faixa de pena nos dois lados;nao mensuravel por faixa;0;nenhuma norma anotada;
art. 108;108;Parte Geral;sim;sim;0;0;;;;;;sem faixa de pena nos dois lados;nao mensuravel por faixa;1;norma unica;L7209/1984
art. 109;109;Parte Geral;sim;sim;0;0;;;;;;sem faixa de pena nos dois lados;nao mensuravel por faixa;2;efeito liquido de 2 normas;L7209/1984 L12234/2010
art. 110;110;Parte Geral;sim;sim;0;0;;;;;;sem faixa de pena nos dois lados;nao mensuravel por faixa;2;efeito liquido de 2 normas;L7209/1984 L12234/2010
art. 111;111;Parte Geral;sim;sim;0;0;;;;;;sem faixa de pena nos dois lados;nao mensuravel por faixa;2;efeito liquido de 2 normas;L7209/1984 L14344/2022
art. 112;112;Parte Geral;sim;sim;0;0;;;;;;sem faixa de pena nos dois lados;nao mensuravel por faixa;1;norma unica;L7209/1984
art. 113;113;Parte Geral;sim;sim;0;0;;;;;;sem faixa de pena nos dois lados;nao mensuravel por faixa;1;norma unica;L7209/1984
art. 114;114;Parte Geral;sim;sim;0;0;;;;;;sem faixa de pena nos dois lados;nao mensuravel por faixa;1;norma unica;L9268/1996
art. 115;115;Parte Geral;sim;sim;0;0;;;;;;sem faixa de pena nos dois lados;nao mensuravel por faixa;1;norma unica;L15160/2025
art. 116;116;Parte Geral;sim;sim;0;0;;;;;;sem faixa de pena nos dois lados;nao mensuravel por faixa;2;efeito liquido de 2 normas;L7209/1984 L13964/2019
art. 117;117;Parte Geral;sim;sim;0;0;;;;;;sem faixa de pena nos dois lados;nao mensuravel por faixa;3;efeito liquido de 3 normas;L7209/1984 L9268/1996 L11596/2007
art. 118;118;Parte Geral;sim;sim;0;0;;;;;;sem faixa de pena nos dois lados;nao mensuravel por faixa;1;norma unica;L7209/1984
art. 119;119;Parte Geral;sim;sim;0;0;;;;;;sem faixa de pena nos dois lados;nao mensuravel por faixa;1;norma unica;L7209/1984
art. 120;120;Parte Geral;sim;sim;0;0;;;;;;sem faixa de pena nos dois lados;nao mensuravel por faixa;1;norma unica;L7209/1984
art. 121;121;Parte Especial;sim;sim;3;5;12;360;12;480;120;faixa alterada;agrava;11;efeito liquido de 11 normas;L6416/1977 L10741/2003 L12720/2012 L13104/2015 L13964/2019 L14344/2022 L14811/2024 L14994/2024 L15134/2025 L15159/2025 L15358/2026
art. 121-A;121;Parte Especial;nao;sim;0;1;;;240;480;;tipo novo;agrava;2;efeito liquido de 2 normas;L14994/2024 L15384/2026
art. 121-B;121;Parte Especial;nao;sim;0;1;;;240;480;;tipo novo;agrava;2;efeito liquido de 2 normas;L13968/2019 L15384/2026
art. 122;122;Parte Especial;sim;sim;1;3;24;72;6;72;0;faixa alterada;abranda;2;efeito liquido de 2 normas;L13968/2019 L14811/2024
art. 123;123;Parte Especial;sim;sim;1;1;24;72;24;72;0;faixa alterada;mantem;0;nenhuma norma anotada;
art. 124;124;Parte Especial;sim;sim;1;1;12;36;12;36;0;faixa alterada;mantem;0;nenhuma norma anotada;
art. 125;125;Parte Especial;sim;sim;1;1;36;120;36;120;0;faixa alterada;mantem;0;nenhuma norma anotada;
art. 126;126;Parte Especial;sim;sim;1;1;12;48;12;48;0;faixa alterada;mantem;0;nenhuma norma anotada;
art. 127;127;Parte Especial;sim;sim;0;0;;;;;;sem faixa de pena nos dois lados;nao mensuravel por faixa;0;nenhuma norma anotada;
art. 128;128;Parte Especial;sim;sim;0;0;;;;;;sem faixa de pena nos dois lados;nao mensuravel por faixa;0;nenhuma norma anotada;
art. 129;129;Parte Especial;sim;sim;5;8;2;144;2;480;336;faixa alterada;agrava;8;efeito liquido de 8 normas;L8069/1990 L10886/2004 L11340/2006 L12720/2012 L14994/2024 L15159/2025 L15358/2026 L15455/2026
art. 130;130;Parte Especial;sim;sim;2;2;3;48;3;48;0;faixa alterada;mantem;0;nenhuma norma anotada;
art. 131;131;Parte Especial;sim;sim;1;1;12;48;12;48;0;faixa alterada;mantem;0;nenhuma norma anotada;
art. 132;132;Parte Especial;sim;sim;1;1;3;12;3;12;0;faixa alterada;mantem;1;norma unica;L9777/1998
art. 133;133;Parte Especial;sim;sim;3;3;6;144;24;168;24;faixa alterada;agrava;2;efeito liquido de 2 normas;L10741/2003 L15163/2025
art. 134;134;Parte Especial;sim;sim;3;3;6;72;6;72;0;faixa alterada;mantem;0;nenhuma norma anotada;
art. 135;135;Parte Especial;sim;sim;1;1;1;6;1;6;0;faixa alterada;mantem;1;norma unica;L12653/2012
art. 135-A;135;Parte Especial;nao;sim;0;1;;;3;12;;tipo novo;agrava;1;norma unica;L12653/2012
art. 136;136;Parte Especial;sim;sim;3;3;2;144;24;168;24;faixa alterada;agrava;2;efeito liquido de 2 normas;L8069/1990 L15163/2025
art. 137;137;Parte Especial;sim;sim;1;1;0.5;2;0.5;2;0;faixa alterada;mantem;0;nenhuma norma anotada;
art. 138;138;Parte Especial;sim;sim;1;1;6;24;6;24;0;faixa alterada;mantem;0;nenhuma norma anotada;
art. 139;139;Parte Especial;sim;sim;1;1;3;12;3;12;0;faixa alterada;mantem;0;nenhuma norma anotada;
art. 140;140;Parte Especial;sim;sim;2;3;1;12;1;36;24;faixa alterada;agrava;1;norma unica;L14532/2023
art. 141;141;Parte Especial;sim;sim;0;0;;;;;;sem faixa de pena nos dois lados;nao mensuravel por faixa;4;efeito liquido de 4 normas;L13964/2019 L14197/2021 L14344/2022 L14994/2024
art. 142;142;Parte Especial;sim;sim;0;0;;;;;;sem faixa de pena nos dois lados;nao mensuravel por faixa;0;nenhuma norma anotada;
art. 143;143;Parte Especial;sim;sim;0;0;;;;;;sem faixa de pena nos dois lados;nao mensuravel por faixa;1;norma unica;L13188/2015
art. 144;144;Parte Especial;sim;sim;0;0;;;;;;sem faixa de pena nos dois lados;nao mensuravel por faixa;0;nenhuma norma anotada;
art. 145;145;Parte Especial;sim;sim;0;0;;;;;;sem faixa de pena nos dois lados;nao mensuravel por faixa;1;norma unica;L12033/2009
art. 146;146;Parte Especial;sim;sim;1;1;3;12;3;12;0;faixa alterada;mantem;0;nenhuma norma anotada;
art. 146-A;146;Parte Especial;nao;sim;0;1;;;24;48;;tipo novo;agrava;1;norma unica;L14811/2024
art. 147;147;Parte Especial;sim;sim;1;1;1;6;1;6;0;faixa alterada;mantem;1;norma unica;L14994/2024
art. 147-A;147;Parte Especial;nao;sim;0;1;;;6;24;;tipo novo;agrava;2;efeito liquido de 2 normas;L14132/2021 L14188/2021
art. 147-B;147;Parte Especial;nao;sim;0;1;;;6;24;;tipo novo;agrava;2;efeito liquido de 2 normas;L14188/2021 L15123/2025
art. 147-C;147;Parte Especial;nao;sim;0;1;;;12;36;;tipo novo;agrava;1;norma unica;L15358/2026
art. 148;148;Parte Especial;sim;sim;3;3;12;96;12;240;144;faixa alterada;agrava;2;efeito liquido de 2 normas;L11106/2005 L15358/2026
art. 149;149;Parte Especial;sim;sim;1;1;24;96;24;96;0;faixa alterada;mantem;2;efeito liquido de 2 normas;L10803/2003 L13344/2016
art. 149-A;149;Parte Especial;nao;sim;0;1;;;48;96;;tipo novo;agrava;1;norma unica;L13344/2016
art. 150;150;Parte Especial;sim;sim;2;2;1;24;1;24;0;faixa alterada;mantem;1;norma unica;L13869/2019
art. 151;151;Parte Especial;sim;sim;2;2;1;36;1;36;0;faixa alterada;mantem;0;nenhuma norma anotada;
art. 152;152;Parte Especial;sim;sim;1;1;3;24;3;24;0;faixa alterada;mantem;0;nenhuma norma anotada;
art. 153;153;Parte Especial;sim;sim;1;2;1;6;1;48;42;faixa alterada;agrava;1;norma unica;L9983/2000
art. 154;154;Parte Especial;sim;sim;1;1;3;12;3;12;0;faixa alterada;mantem;1;norma unica;L12737/2012
art. 154-A;154;Parte Especial;nao;sim;0;2;;;12;60;;tipo novo;agrava;2;efeito liquido de 2 normas;L12737/2012 L14155/2021
art. 154-B;154;Parte Especial;nao;sim;0;0;;;;;;tipo novo;sem pena declarada;1;norma unica;L12737/2012
art. 155;155;Parte Especial;sim;sim;1;5;12;48;12;120;72;faixa alterada;agrava;4;efeito liquido de 4 normas;L13654/2018 L14155/2021 L15358/2026 L15397/2026
art. 156;156;Parte Especial;sim;sim;1;1;6;24;6;24;0;faixa alterada;mantem;0;nenhuma norma anotada;
art. 157;157;Parte Especial;sim;sim;2;4;48;180;72;480;300;faixa alterada;agrava;6;efeito liquido de 6 normas;L9426/1996 L13654/2018 L13964/2019 L15181/2025 L15358/2026 L15397/2026
art. 158;158;Parte Especial;sim;sim;1;2;48;120;48;144;24;faixa alterada;agrava;2;efeito liquido de 2 normas;L11923/2009 L15358/2026
art. 159;159;Parte Especial;sim;sim;4;4;72;360;96;360;0;faixa alterada;agrava;4;efeito liquido de 4 normas;L8072/1990 L9269/1996 L10741/2003 L15358/2026
art. 160;160;Parte Especial;sim;sim;1;1;12;36;12;36;0;faixa alterada;mantem;0;nenhuma norma anotada;
art. 161;161;Parte Especial;sim;sim;1;1;1;6;1;6;0;faixa alterada;mantem;0;nenhuma norma anotada;
art. 162;162;Parte Especial;sim;sim;1;1;6;36;6;36;0;faixa alterada;mantem;0;nenhuma norma anotada;
art. 163;163;Parte Especial;sim;sim;2;2;1;36;1;36;0;faixa alterada;mantem;1;norma unica;L13531/2017
art. 164;164;Parte Especial;sim;sim;1;1;0.5;6;0.5;6;0;faixa alterada;mantem;0;nenhuma norma anotada;
art. 165;165;Parte Especial;sim;sim;1;1;6;24;6;24;0;faixa alterada;mantem;0;nenhuma norma anotada;
art. 166;166;Parte Especial;sim;sim;1;1;1;12;1;12;0;faixa alterada;mantem;0;nenhuma norma anotada;
art. 167;167;Parte Especial;sim;sim;0;0;;;;;;sem faixa de pena nos dois lados;nao mensuravel por faixa;0;nenhuma norma anotada;
art. 168;168;Parte Especial;sim;sim;1;1;12;48;12;48;0;faixa alterada;mantem;1;norma unica;L9983/2000
art. 168-A;168;Parte Especial;nao;sim;0;1;;;24;60;;tipo novo;agrava;3;efeito liquido de 3 normas;L9983/2000 L13606/2018 L225/2026
art. 169;169;Parte Especial;sim;sim;1;1;1;12;1;12;0;faixa alterada;mantem;0;nenhuma norma anotada;
art. 170;170;Parte Especial;sim;sim;0;0;;;;;;sem faixa de pena nos dois lados;nao mensuravel por faixa;0;nenhuma norma anotada;
art. 171;171;Parte Especial;sim;sim;1;1;12;60;12;60;0;faixa alterada;mantem;2;efeito liquido de 2 normas;L14155/2021 L15397/2026
art. 171-A;171;Parte Especial;nao;sim;0;1;;;48;96;;tipo novo;agrava;1;norma unica;L14478/2022
art. 172;172;Parte Especial;sim;sim;1;1;12;36;24;48;12;faixa alterada;agrava;2;efeito liquido de 2 normas;L5474/1968 L8137/1990
art. 173;173;Parte Especial;sim;sim;1;1;24;72;24;72;0;faixa alterada;mantem;0;nenhuma norma anotada;
art. 174;174;Parte Especial;sim;sim;1;1;12;36;12;36;0;faixa alterada;mantem;0;nenhuma norma anotada;
art. 175;175;Parte Especial;sim;sim;2;2;6;60;6;60;0;faixa alterada;mantem;0;nenhuma norma anotada;
art. 176;176;Parte Especial;sim;sim;1;1;0.5;2;0.5;2;0;faixa alterada;mantem;0;nenhuma norma anotada;
art. 177;177;Parte Especial;sim;sim;1;1;12;48;12;48;0;faixa alterada;mantem;0;nenhuma norma anotada;
art. 178;178;Parte Especial;sim;sim;1;1;12;48;12;48;0;faixa alterada;mantem;0;nenhuma norma anotada;
art. 179;179;Parte Especial;sim;sim;1;1;6;24;6;24;0;faixa alterada;mantem;0;nenhuma norma anotada;
art. 180;180;Parte Especial;sim;sim;2;3;1;48;1;96;48;faixa alterada;agrava;5;efeito liquido de 5 normas;L9426/1996 L13531/2017 L15181/2025 L15358/2026 L15397/2026
art. 180-A;180;Parte Especial;nao;sim;0;1;;;36;96;;tipo novo;agrava;1;norma unica;L15397/2026
art. 181;181;Parte Especial;sim;sim;0;0;;;;;;sem faixa de pena nos dois lados;nao mensuravel por faixa;0;nenhuma norma anotada;
art. 182;182;Parte Especial;sim;sim;0;0;;;;;;sem faixa de pena nos dois lados;nao mensuravel por faixa;0;nenhuma norma anotada;
art. 183;183;Parte Especial;sim;sim;0;0;;;;;;sem faixa de pena nos dois lados;nao mensuravel por faixa;1;norma unica;L10741/2003
art. 183-A;183;Parte Especial;nao;sim;0;0;;;;;;tipo novo;sem pena declarada;1;norma unica;L14967/2024
art. 184;184;Parte Especial;sim;sim;1;3;3;12;3;48;36;faixa alterada;agrava;1;norma unica;L10695/2003
art. 185;185;Parte Especial;sim;sim;1;0;6;24;;;;pena retirada;abranda;1;norma unica;L10695/2003
art. 186;186;Parte Especial;sim;sim;0;0;;;;;;sem faixa de pena nos dois lados;nao mensuravel por faixa;1;norma unica;L10695/2003
art. 187;187;Parte Especial;sim;sim;1;0;6;12;;;;pena retirada;abranda;1;norma unica;L9279/1996
art. 188;188;Parte Especial;sim;sim;1;0;1;6;;;;pena retirada;abranda;1;norma unica;L9279/1996
art. 189;189;Parte Especial;sim;sim;1;0;1;6;;;;pena retirada;abranda;1;norma unica;L9279/1996
art. 190;190;Parte Especial;sim;sim;1;0;1;3;;;;pena retirada;abranda;1;norma unica;L9279/1996
art. 191;191;Parte Especial;sim;sim;0;0;;;;;;sem faixa de pena nos dois lados;nao mensuravel por faixa;1;norma unica;L9279/1996
art. 192;192;Parte Especial;sim;sim;1;0;3;12;;;;pena retirada;abranda;1;norma unica;L9279/1996
art. 193;193;Parte Especial;sim;sim;1;0;1;6;;;;pena retirada;abranda;1;norma unica;L9279/1996
art. 194;194;Parte Especial;sim;sim;1;0;1;6;;;;pena retirada;abranda;1;norma unica;L9279/1996
art. 195;195;Parte Especial;sim;sim;0;0;;;;;;sem faixa de pena nos dois lados;nao mensuravel por faixa;1;norma unica;L9279/1996
art. 196;196;Parte Especial;sim;sim;1;0;3;12;;;;pena retirada;abranda;1;norma unica;L9279/1996
art. 197;197;Parte Especial;sim;sim;2;2;1;12;1;12;0;faixa alterada;mantem;0;nenhuma norma anotada;
art. 198;198;Parte Especial;sim;sim;1;1;1;12;1;12;0;faixa alterada;mantem;0;nenhuma norma anotada;
art. 199;199;Parte Especial;sim;sim;1;1;1;12;1;12;0;faixa alterada;mantem;0;nenhuma norma anotada;
art. 200;200;Parte Especial;sim;sim;1;1;1;12;1;12;0;faixa alterada;mantem;0;nenhuma norma anotada;
art. 201;201;Parte Especial;sim;sim;1;1;6;24;6;24;0;faixa alterada;mantem;0;nenhuma norma anotada;
art. 202;202;Parte Especial;sim;sim;1;1;12;36;12;36;0;faixa alterada;mantem;0;nenhuma norma anotada;
art. 203;203;Parte Especial;sim;sim;1;1;1;12;12;24;12;faixa alterada;agrava;1;norma unica;L9777/1998
art. 204;204;Parte Especial;sim;sim;1;1;1;12;1;12;0;faixa alterada;mantem;0;nenhuma norma anotada;
art. 205;205;Parte Especial;sim;sim;1;1;3;24;3;24;0;faixa alterada;mantem;0;nenhuma norma anotada;
art. 206;206;Parte Especial;sim;sim;1;1;12;36;12;36;0;faixa alterada;mantem;1;norma unica;L8683/1993
art. 207;207;Parte Especial;sim;sim;1;1;2;12;12;36;24;faixa alterada;agrava;1;norma unica;L9777/1998
art. 208;208;Parte Especial;sim;sim;1;1;1;12;1;12;0;faixa alterada;mantem;0;nenhuma norma anotada;
art. 209;209;Parte Especial;sim;sim;1;1;1;12;1;12;0;faixa alterada;mantem;0;nenhuma norma anotada;
art. 210;210;Parte Especial;sim;sim;1;1;12;36;12;36;0;faixa alterada;mantem;0;nenhuma norma anotada;
art. 211;211;Parte Especial;sim;sim;1;1;12;36;12;36;0;faixa alterada;mantem;0;nenhuma norma anotada;
art. 212;212;Parte Especial;sim;sim;1;1;12;36;12;36;0;faixa alterada;mantem;1;norma unica;L12015/2009
art. 213;213;Parte Especial;sim;sim;1;3;36;96;72;360;264;faixa alterada;agrava;1;norma unica;L12015/2009
art. 214;214;Parte Especial;sim;sim;1;0;24;84;;;;pena retirada;abranda;1;norma unica;L12015/2009
art. 215;215;Parte Especial;sim;sim;2;1;12;72;24;72;0;faixa alterada;agrava;2;efeito liquido de 2 normas;L12015/2009 L13718/2018
art. 215-A;215;Parte Especial;nao;sim;0;1;;;12;60;;tipo novo;agrava;1;norma unica;L13718/2018
art. 216;216;Parte Especial;sim;sim;2;0;12;48;;;;pena retirada;abranda;2;efeito liquido de 2 normas;L10224/2001 L12015/2009
art. 216-A;216;Parte Especial;nao;sim;0;1;;;12;24;;tipo novo;agrava;3;efeito liquido de 3 normas;L10224/2001 L12015/2009 L13772/2018
art. 216-B;216;Parte Especial;nao;sim;0;1;;;6;12;;tipo novo;agrava;2;efeito liquido de 2 normas;L12015/2009 L13772/2018
art. 217;217;Parte Especial;sim;sim;1;0;24;48;;;;pena retirada;abranda;2;efeito liquido de 2 normas;L11106/2005 L12015/2009
art. 217-A;217;Parte Especial;nao;sim;0;3;;;120;480;;tipo novo;agrava;3;efeito liquido de 3 normas;L12015/2009 L15280/2025 L15353/2026
art. 218;218;Parte Especial;sim;sim;1;1;12;48;72;168;120;faixa alterada;agrava;2;efeito liquido de 2 normas;L12015/2009 L15280/2025
art. 218-A;218;Parte Especial;nao;sim;0;1;;;60;144;;tipo novo;agrava;3;efeito liquido de 3 normas;L12015/2009 L12978/2014 L15280/2025
art. 218-B;218;Parte Especial;nao;sim;0;1;;;84;192;;tipo novo;agrava;3;efeito liquido de 3 normas;L12015/2009 L13718/2018 L15280/2025
art. 218-C;218;Parte Especial;nao;sim;0;1;;;48;120;;tipo novo;agrava;2;efeito liquido de 2 normas;L13718/2018 L15280/2025
art. 219;219;Parte Especial;sim;sim;1;0;24;48;;;;pena retirada;abranda;1;norma unica;L11106/2005
art. 220;220;Parte Especial;sim;sim;1;0;12;36;;;;pena retirada;abranda;1;norma unica;L11106/2005
art. 221;221;Parte Especial;sim;sim;0;0;;;;;;sem faixa de pena nos dois lados;nao mensuravel por faixa;1;norma unica;L11106/2005
art. 222;222;Parte Especial;sim;sim;0;0;;;;;;sem faixa de pena nos dois lados;nao mensuravel por faixa;1;norma unica;L11106/2005
art. 223;223;Parte Especial;sim;sim;2;0;48;240;;;;pena retirada;abranda;1;norma unica;L12015/2009
art. 224;224;Parte Especial;sim;sim;0;0;;;;;;sem faixa de pena nos dois lados;nao mensuravel por faixa;1;norma unica;L12015/2009
art. 225;225;Parte Especial;sim;sim;0;0;;;;;;sem faixa de pena nos dois lados;nao mensuravel por faixa;1;norma unica;L13718/2018
art. 226;226;Parte Especial;sim;sim;0;0;;;;;;sem faixa de pena nos dois lados;nao mensuravel por faixa;3;efeito liquido de 3 normas;L11106/2005 L12015/2009 L13718/2018
art. 227;227;Parte Especial;sim;sim;3;3;12;96;12;96;0;faixa alterada;mantem;2;efeito liquido de 2 normas;L11106/2005 L12015/2009
art. 228;228;Parte Especial;sim;sim;3;3;24;120;24;120;0;faixa alterada;mantem;1;norma unica;L12015/2009
art. 229;229;Parte Especial;sim;sim;1;1;24;60;24;60;0;faixa alterada;mantem;1;norma unica;L12015/2009
art. 230;230;Parte Especial;sim;sim;3;3;12;96;12;96;0;faixa alterada;mantem;1;norma unica;L12015/2009
art. 231;231;Parte Especial;sim;sim;3;0;36;144;;;;pena retirada;abranda;1;norma unica;L13344/2016
art. 231-A;231;Parte Especial;nao;sim;0;0;;;;;;tipo novo;sem pena declarada;1;norma unica;L13344/2016
art. 232;232;Parte Especial;sim;sim;0;0;;;;;;sem faixa de pena nos dois lados;nao mensuravel por faixa;1;norma unica;L12015/2009
art. 232-A;232;Parte Especial;nao;sim;0;1;;;24;60;;tipo novo;agrava;0;nenhuma norma anotada;
art. 233;233;Parte Especial;sim;sim;1;1;3;12;3;12;0;faixa alterada;mantem;0;nenhuma norma anotada;
art. 234;234;Parte Especial;sim;sim;1;1;6;24;6;24;0;faixa alterada;mantem;1;norma unica;L12015/2009
art. 234-A;234;Parte Especial;nao;sim;0;0;;;;;;tipo novo;sem pena declarada;2;efeito liquido de 2 normas;L12015/2009 L13718/2018
art. 234-B;234;Parte Especial;nao;sim;0;0;;;;;;tipo novo;sem pena declarada;2;efeito liquido de 2 normas;L12015/2009 L15035/2024
art. 234-C;234;Parte Especial;nao;sim;0;0;;;;;;tipo novo;sem pena declarada;1;norma unica;L12015/2009
art. 235;235;Parte Especial;sim;sim;1;1;24;72;24;72;0;faixa alterada;mantem;0;nenhuma norma anotada;
art. 236;236;Parte Especial;sim;sim;1;1;6;24;6;24;0;faixa alterada;mantem;0;nenhuma norma anotada;
art. 237;237;Parte Especial;sim;sim;1;1;3;12;3;12;0;faixa alterada;mantem;0;nenhuma norma anotada;
art. 238;238;Parte Especial;sim;sim;1;1;12;36;12;36;0;faixa alterada;mantem;0;nenhuma norma anotada;
art. 239;239;Parte Especial;sim;sim;1;1;12;36;12;36;0;faixa alterada;mantem;0;nenhuma norma anotada;
art. 240;240;Parte Especial;sim;sim;1;0;0.5;6;;;;pena retirada;abranda;1;norma unica;L11106/2005
art. 241;241;Parte Especial;sim;sim;1;1;24;72;24;72;0;faixa alterada;mantem;0;nenhuma norma anotada;
art. 242;242;Parte Especial;sim;sim;2;2;12;72;12;72;0;faixa alterada;mantem;1;norma unica;L6898/1981
art. 243;243;Parte Especial;sim;sim;1;1;12;60;12;60;0;faixa alterada;mantem;0;nenhuma norma anotada;
art. 244;244;Parte Especial;sim;sim;1;1;3;12;12;48;36;faixa alterada;agrava;2;efeito liquido de 2 normas;L5478/1968 L10741/2003
art. 245;245;Parte Especial;sim;sim;1;1;1;6;12;24;18;faixa alterada;agrava;1;norma unica;L7251/1984
art. 246;246;Parte Especial;sim;sim;1;1;0.5;1;0.5;1;0;faixa alterada;mantem;0;nenhuma norma anotada;
art. 247;247;Parte Especial;sim;sim;1;1;1;3;1;3;0;faixa alterada;mantem;0;nenhuma norma anotada;
art. 248;248;Parte Especial;sim;sim;1;1;1;12;1;12;0;faixa alterada;mantem;0;nenhuma norma anotada;
art. 249;249;Parte Especial;sim;sim;1;1;2;24;2;24;0;faixa alterada;mantem;0;nenhuma norma anotada;
art. 250;250;Parte Especial;sim;sim;2;1;6;72;36;72;0;faixa alterada;agrava;0;nenhuma norma anotada;
art. 251;251;Parte Especial;sim;sim;3;3;6;72;6;72;0;faixa alterada;mantem;0;nenhuma norma anotada;
art. 252;252;Parte Especial;sim;sim;2;2;3;48;3;48;0;faixa alterada;mantem;0;nenhuma norma anotada;
art. 253;253;Parte Especial;sim;sim;1;1;6;24;6;24;0;faixa alterada;mantem;0;nenhuma norma anotada;
art. 254;254;Parte Especial;sim;sim;1;1;36;72;36;72;0;faixa alterada;mantem;0;nenhuma norma anotada;
art. 255;255;Parte Especial;sim;sim;1;1;12;36;12;36;0;faixa alterada;mantem;0;nenhuma norma anotada;
art. 256;256;Parte Especial;sim;sim;2;2;6;48;6;48;0;faixa alterada;mantem;0;nenhuma norma anotada;
art. 257;257;Parte Especial;sim;sim;1;1;24;60;24;60;0;faixa alterada;mantem;0;nenhuma norma anotada;
art. 258;258;Parte Especial;sim;sim;0;0;;;;;;sem faixa de pena nos dois lados;nao mensuravel por faixa;0;nenhuma norma anotada;
art. 259;259;Parte Especial;sim;sim;2;2;1;60;1;60;0;faixa alterada;mantem;0;nenhuma norma anotada;
art. 260;260;Parte Especial;sim;sim;3;3;6;144;6;144;0;faixa alterada;mantem;0;nenhuma norma anotada;
art. 261;261;Parte Especial;sim;sim;3;3;6;144;6;144;0;faixa alterada;mantem;0;nenhuma norma anotada;
art. 262;262;Parte Especial;sim;sim;3;3;3;60;3;60;0;faixa alterada;mantem;0;nenhuma norma anotada;
art. 263;263;Parte Especial;sim;sim;0;0;;;;;;sem faixa de pena nos dois lados;nao mensuravel por faixa;0;nenhuma norma anotada;
art. 264;264;Parte Especial;sim;sim;2;2;1;24;1;24;0;faixa alterada;mantem;0;nenhuma norma anotada;
art. 265;265;Parte Especial;sim;sim;1;1;12;60;12;60;0;faixa alterada;mantem;2;efeito liquido de 2 normas;L5346/1967 L12737/2012
art. 266;266;Parte Especial;sim;sim;1;1;12;36;24;48;12;faixa alterada;agrava;2;efeito liquido de 2 normas;L12737/2012 L15397/2026
art. 267;267;Parte Especial;sim;sim;2;2;12;180;12;180;0;faixa alterada;mantem;1;norma unica;L8072/1990
art. 268;268;Parte Especial;sim;sim;1;1;1;12;1;12;0;faixa alterada;mantem;0;nenhuma norma anotada;
art. 269;269;Parte Especial;sim;sim;1;1;6;24;6;24;0;faixa alterada;mantem;0;nenhuma norma anotada;
art. 270;270;Parte Especial;sim;sim;2;2;6;180;6;180;0;faixa alterada;mantem;1;norma unica;L8072/1990
art. 271;271;Parte Especial;sim;sim;2;2;2;60;2;60;0;faixa alterada;mantem;1;norma unica;L9677/1998
art. 272;272;Parte Especial;sim;sim;2;2;6;72;12;96;24;faixa alterada;agrava;1;norma unica;L9677/1998
art. 273;273;Parte Especial;sim;sim;2;2;2;36;12;180;144;faixa alterada;agrava;1;norma unica;L9677/1998
art. 274;274;Parte Especial;sim;sim;1;1;1;3;12;60;57;faixa alterada;agrava;1;norma unica;L9677/1998
art. 275;275;Parte Especial;sim;sim;1;1;1;3;12;60;57;faixa alterada;agrava;1;norma unica;L9677/1998
art. 276;276;Parte Especial;sim;sim;1;1;1;3;12;60;57;faixa alterada;agrava;1;norma unica;L9677/1998
art. 277;277;Parte Especial;sim;sim;1;1;6;12;12;60;48;faixa alterada;agrava;1;norma unica;L9677/1998
art. 278;278;Parte Especial;sim;sim;2;2;2;36;2;36;0;faixa alterada;mantem;0;nenhuma norma anotada;
art. 279;279;Parte Especial;sim;sim;1;0;12;36;;;;pena retirada;abranda;1;norma unica;L8137/1990
art. 280;280;Parte Especial;sim;sim;2;2;2;36;2;36;0;faixa alterada;mantem;2;efeito liquido de 2 normas;L5726/1971 L6368/1976
art. 281;281;Parte Especial;sim;sim;2;0;12;96;;;;pena retirada;abranda;2;efeito liquido de 2 normas;L6368/1976 L15425/2026
art. 282;282;Parte Especial;sim;sim;1;1;6;24;6;24;0;faixa alterada;mantem;1;norma unica;L15425/2026
art. 283;283;Parte Especial;sim;sim;1;1;3;12;3;12;0;faixa alterada;mantem;0;nenhuma norma anotada;
art. 284;284;Parte Especial;sim;sim;1;1;6;24;6;24;0;faixa alterada;mantem;0;nenhuma norma anotada;
art. 285;285;Parte Especial;sim;sim;0;0;;;;;;sem faixa de pena nos dois lados;nao mensuravel por faixa;0;nenhuma norma anotada;
art. 286;286;Parte Especial;sim;sim;1;1;3;6;3;6;0;faixa alterada;mantem;1;norma unica;L14197/2021
art. 287;287;Parte Especial;sim;sim;1;1;3;6;3;6;0;faixa alterada;mantem;0;nenhuma norma anotada;
art. 288;288;Parte Especial;sim;sim;1;1;12;36;12;36;0;faixa alterada;mantem;3;efeito liquido de 3 normas;L12720/2012 L12850/2013 L15245/2025
art. 288-A;288;Parte Especial;nao;sim;0;1;;;48;96;;tipo novo;agrava;1;norma unica;L12720/2012
art. 289;289;Parte Especial;sim;sim;1;1;36;144;36;144;0;faixa alterada;mantem;0;nenhuma norma anotada;
art. 290;290;Parte Especial;sim;sim;1;1;24;96;24;96;0;faixa alterada;mantem;0;nenhuma norma anotada;
art. 291;291;Parte Especial;sim;sim;1;1;24;72;24;72;0;faixa alterada;mantem;0;nenhuma norma anotada;
art. 292;292;Parte Especial;sim;sim;1;1;1;6;1;6;0;faixa alterada;mantem;0;nenhuma norma anotada;
art. 293;293;Parte Especial;sim;sim;2;2;12;96;12;96;0;faixa alterada;mantem;1;norma unica;L11035/2004
art. 294;294;Parte Especial;sim;sim;1;1;12;36;12;36;0;faixa alterada;mantem;0;nenhuma norma anotada;
art. 295;295;Parte Especial;sim;sim;0;0;;;;;;sem faixa de pena nos dois lados;nao mensuravel por faixa;0;nenhuma norma anotada;
art. 296;296;Parte Especial;sim;sim;1;1;24;72;24;72;0;faixa alterada;mantem;1;norma unica;L9983/2000
art. 297;297;Parte Especial;sim;sim;1;1;24;72;24;72;0;faixa alterada;mantem;2;efeito liquido de 2 normas;L9983/2000 L12737/2012
art. 298;298;Parte Especial;sim;sim;1;1;12;60;12;60;0;faixa alterada;mantem;1;norma unica;L12737/2012
art. 299;299;Parte Especial;sim;sim;1;1;12;60;12;60;0;faixa alterada;mantem;0;nenhuma norma anotada;
art. 300;300;Parte Especial;sim;sim;1;1;12;60;12;60;0;faixa alterada;mantem;0;nenhuma norma anotada;
art. 301;301;Parte Especial;sim;sim;2;2;2;24;2;24;0;faixa alterada;mantem;0;nenhuma norma anotada;
art. 302;302;Parte Especial;sim;sim;1;1;1;12;1;12;0;faixa alterada;mantem;0;nenhuma norma anotada;
art. 303;303;Parte Especial;sim;sim;1;1;12;36;12;36;0;faixa alterada;mantem;0;nenhuma norma anotada;
art. 304;304;Parte Especial;sim;sim;0;0;;;;;;sem faixa de pena nos dois lados;nao mensuravel por faixa;0;nenhuma norma anotada;
art. 305;305;Parte Especial;sim;sim;1;1;24;72;24;72;0;faixa alterada;mantem;0;nenhuma norma anotada;
art. 306;306;Parte Especial;sim;sim;2;2;12;72;12;72;0;faixa alterada;mantem;0;nenhuma norma anotada;
art. 307;307;Parte Especial;sim;sim;1;1;3;12;3;12;0;faixa alterada;mantem;0;nenhuma norma anotada;
art. 308;308;Parte Especial;sim;sim;1;1;4;24;4;24;0;faixa alterada;mantem;0;nenhuma norma anotada;
art. 309;309;Parte Especial;sim;sim;1;2;12;36;12;48;12;faixa alterada;agrava;1;norma unica;L9426/1996
art. 310;310;Parte Especial;sim;sim;1;1;12;48;6;36;-12;faixa alterada;abranda;2;efeito liquido de 2 normas;L9426/1996 L14562/2023
art. 311;311;Parte Especial;sim;sim;1;2;6;36;36;96;60;faixa alterada;agrava;3;efeito liquido de 3 normas;L9426/1996 L12550/2011 L14562/2023
art. 311-A;311;Parte Especial;nao;sim;0;2;;;12;72;;tipo novo;agrava;1;norma unica;L12550/2011
art. 312;312;Parte Especial;sim;sim;2;2;3;144;3;144;0;faixa alterada;mantem;0;nenhuma norma anotada;
art. 313;313;Parte Especial;sim;sim;1;1;12;48;12;48;0;faixa alterada;mantem;1;norma unica;L9983/2000
art. 313-A;313;Parte Especial;nao;sim;0;1;;;24;144;;tipo novo;agrava;1;norma unica;L9983/2000
art. 313-B;313;Parte Especial;nao;sim;0;1;;;3;24;;tipo novo;agrava;1;norma unica;L9983/2000
art. 314;314;Parte Especial;sim;sim;1;1;12;48;12;48;0;faixa alterada;mantem;0;nenhuma norma anotada;
art. 315;315;Parte Especial;sim;sim;1;1;1;3;1;3;0;faixa alterada;mantem;0;nenhuma norma anotada;
art. 316;316;Parte Especial;sim;sim;3;3;6;144;24;144;0;faixa alterada;agrava;2;efeito liquido de 2 normas;L8137/1990 L13964/2019
art. 317;317;Parte Especial;sim;sim;2;2;3;96;3;144;48;faixa alterada;agrava;1;norma unica;L10763/2003
art. 318;318;Parte Especial;sim;sim;1;1;24;60;36;96;36;faixa alterada;agrava;1;norma unica;L8137/1990
art. 319;319;Parte Especial;sim;sim;1;1;3;12;3;12;0;faixa alterada;mantem;0;nenhuma norma anotada;
art. 319-A;319;Parte Especial;nao;sim;0;1;;;3;12;;tipo novo;agrava;1;norma unica;L11466/2007
art. 320;320;Parte Especial;sim;sim;1;1;0.5;1;0.5;1;0;faixa alterada;mantem;0;nenhuma norma anotada;
art. 321;321;Parte Especial;sim;sim;2;2;1;12;1;12;0;faixa alterada;mantem;0;nenhuma norma anotada;
art. 322;322;Parte Especial;sim;sim;1;1;6;36;6;36;0;faixa alterada;mantem;0;nenhuma norma anotada;
art. 323;323;Parte Especial;sim;sim;3;3;0.5;36;0.5;36;0;faixa alterada;mantem;0;nenhuma norma anotada;
art. 324;324;Parte Especial;sim;sim;1;1;0.5;1;0.5;1;0;faixa alterada;mantem;0;nenhuma norma anotada;
art. 325;325;Parte Especial;sim;sim;1;2;6;24;6;72;48;faixa alterada;agrava;1;norma unica;L9983/2000
art. 326;326;Parte Especial;sim;sim;1;1;3;12;3;12;0;faixa alterada;mantem;0;nenhuma norma anotada;
art. 327;327;Parte Especial;sim;sim;0;0;;;;;;sem faixa de pena nos dois lados;nao mensuravel por faixa;2;efeito liquido de 2 normas;L6799/1980 L9983/2000
art. 328;328;Parte Especial;sim;sim;2;2;3;60;3;60;0;faixa alterada;mantem;0;nenhuma norma anotada;
art. 329;329;Parte Especial;sim;sim;2;2;2;36;2;36;0;faixa alterada;mantem;0;nenhuma norma anotada;
art. 330;330;Parte Especial;sim;sim;1;1;0.5;6;0.5;6;0;faixa alterada;mantem;0;nenhuma norma anotada;
art. 331;331;Parte Especial;sim;sim;1;1;6;24;6;24;0;faixa alterada;mantem;1;norma unica;L9127/1995
art. 332;332;Parte Especial;sim;sim;1;1;12;60;24;60;0;faixa alterada;agrava;1;norma unica;L9127/1995
art. 333;333;Parte Especial;sim;sim;1;1;12;96;24;144;48;faixa alterada;agrava;1;norma unica;L10763/2003
art. 334;334;Parte Especial;sim;sim;1;1;12;48;12;48;0;faixa alterada;mantem;1;norma unica;L13008/2014
art. 334-A;334;Parte Especial;nao;sim;0;1;;;24;60;;tipo novo;agrava;2;efeito liquido de 2 normas;L4729/1965 L13008/2014
art. 335;335;Parte Especial;sim;sim;1;1;6;24;6;24;0;faixa alterada;mantem;0;nenhuma norma anotada;
art. 336;336;Parte Especial;sim;sim;1;1;1;12;1;12;0;faixa alterada;mantem;0;nenhuma norma anotada;
art. 337;337;Parte Especial;sim;sim;1;1;24;60;24;60;0;faixa alterada;mantem;1;norma unica;L9983/2000
art. 337-A;337;Parte Especial;nao;sim;0;1;;;24;60;;tipo novo;agrava;3;efeito liquido de 3 normas;L9983/2000 L10467/2002 L225/2026
art. 337-B;337;Parte Especial;nao;sim;0;1;;;12;96;;tipo novo;agrava;1;norma unica;L10467/2002
art. 337-C;337;Parte Especial;nao;sim;0;1;;;24;60;;tipo novo;agrava;1;norma unica;L10467/2002
art. 337-D;337;Parte Especial;nao;sim;0;0;;;;;;tipo novo;sem pena declarada;2;efeito liquido de 2 normas;L10467/2002 L14133/2021
art. 337-E;337;Parte Especial;nao;sim;0;1;;;48;96;;tipo novo;agrava;1;norma unica;L14133/2021
art. 337-F;337;Parte Especial;nao;sim;0;1;;;48;96;;tipo novo;agrava;1;norma unica;L14133/2021
art. 337-G;337;Parte Especial;nao;sim;0;1;;;6;36;;tipo novo;agrava;1;norma unica;L14133/2021
art. 337-H;337;Parte Especial;nao;sim;0;1;;;48;96;;tipo novo;agrava;1;norma unica;L14133/2021
art. 337-I;337;Parte Especial;nao;sim;0;1;;;6;36;;tipo novo;agrava;1;norma unica;L14133/2021
art. 337-J;337;Parte Especial;nao;sim;0;1;;;24;36;;tipo novo;agrava;1;norma unica;L14133/2021
art. 337-K;337;Parte Especial;nao;sim;0;1;;;36;60;;tipo novo;agrava;1;norma unica;L14133/2021
art. 337-L;337;Parte Especial;nao;sim;0;1;;;48;96;;tipo novo;agrava;1;norma unica;L14133/2021
art. 337-M;337;Parte Especial;nao;sim;0;2;;;12;72;;tipo novo;agrava;1;norma unica;L14133/2021
art. 337-N;337;Parte Especial;nao;sim;0;1;;;6;24;;tipo novo;agrava;1;norma unica;L14133/2021
art. 337-O;337;Parte Especial;nao;sim;0;1;;;6;36;;tipo novo;agrava;1;norma unica;L14133/2021
art. 337-P;337;Parte Especial;nao;sim;0;0;;;;;;tipo novo;sem pena declarada;1;norma unica;L14133/2021
art. 338;338;Parte Especial;sim;sim;1;1;12;48;12;48;0;faixa alterada;mantem;1;norma unica;L15280/2025
art. 338-A;338;Parte Especial;nao;sim;0;1;;;24;60;;tipo novo;agrava;1;norma unica;L15280/2025
art. 339;339;Parte Especial;sim;sim;1;1;24;96;24;96;0;faixa alterada;mantem;1;norma unica;L14110/2020
art. 340;340;Parte Especial;sim;sim;1;1;1;6;1;6;0;faixa alterada;mantem;0;nenhuma norma anotada;
art. 341;341;Parte Especial;sim;sim;1;1;3;24;3;24;0;faixa alterada;mantem;0;nenhuma norma anotada;
art. 342;342;Parte Especial;sim;sim;2;1;12;72;24;48;-24;faixa alterada;abranda;2;efeito liquido de 2 normas;L10268/2001 L12850/2013
art. 343;343;Parte Especial;sim;sim;1;1;12;36;36;48;12;faixa alterada;agrava;1;norma unica;L10268/2001
art. 344;344;Parte Especial;sim;sim;1;1;12;48;12;48;0;faixa alterada;mantem;1;norma unica;L14245/2021
art. 345;345;Parte Especial;sim;sim;1;1;0.5;1;0.5;1;0;faixa alterada;mantem;0;nenhuma norma anotada;
art. 346;346;Parte Especial;sim;sim;1;1;6;24;6;24;0;faixa alterada;mantem;0;nenhuma norma anotada;
art. 347;347;Parte Especial;sim;sim;1;1;3;24;3;24;0;faixa alterada;mantem;0;nenhuma norma anotada;
art. 348;348;Parte Especial;sim;sim;2;2;0.5;6;0.5;6;0;faixa alterada;mantem;0;nenhuma norma anotada;
art. 349;349;Parte Especial;sim;sim;1;1;1;6;1;6;0;faixa alterada;mantem;0;nenhuma norma anotada;
art. 349-A;349;Parte Especial;nao;sim;0;1;;;3;12;;tipo novo;agrava;1;norma unica;L12012/2009
art. 350;350;Parte Especial;sim;sim;1;0;1;12;;;;pena retirada;abranda;1;norma unica;L13869/2019
art. 351;351;Parte Especial;sim;sim;3;3;6;72;6;72;0;faixa alterada;mantem;0;nenhuma norma anotada;
art. 352;352;Parte Especial;sim;sim;1;1;3;12;3;12;0;faixa alterada;mantem;0;nenhuma norma anotada;
art. 353;353;Parte Especial;sim;sim;1;1;12;48;12;48;0;faixa alterada;mantem;0;nenhuma norma anotada;
art. 354;354;Parte Especial;sim;sim;1;1;6;24;6;24;0;faixa alterada;mantem;0;nenhuma norma anotada;
art. 355;355;Parte Especial;sim;sim;1;1;6;36;6;36;0;faixa alterada;mantem;0;nenhuma norma anotada;
art. 356;356;Parte Especial;sim;sim;1;1;6;36;6;36;0;faixa alterada;mantem;0;nenhuma norma anotada;
art. 357;357;Parte Especial;sim;sim;1;1;12;60;12;60;0;faixa alterada;mantem;0;nenhuma norma anotada;
art. 358;358;Parte Especial;sim;sim;1;1;2;12;2;12;0;faixa alterada;mantem;0;nenhuma norma anotada;
art. 359;359;Parte Especial;sim;sim;1;1;3;24;3;24;0;faixa alterada;mantem;1;norma unica;L10028/2000
art. 359-A;359;Parte Especial;nao;sim;0;1;;;12;24;;tipo novo;agrava;1;norma unica;L10028/2000
art. 359-B;359;Parte Especial;nao;sim;0;1;;;6;24;;tipo novo;agrava;1;norma unica;L10028/2000
art. 359-C;359;Parte Especial;nao;sim;0;1;;;12;48;;tipo novo;agrava;1;norma unica;L10028/2000
art. 359-D;359;Parte Especial;nao;sim;0;1;;;12;48;;tipo novo;agrava;1;norma unica;L10028/2000
art. 359-E;359;Parte Especial;nao;sim;0;1;;;3;12;;tipo novo;agrava;1;norma unica;L10028/2000
art. 359-F;359;Parte Especial;nao;sim;0;1;;;6;24;;tipo novo;agrava;1;norma unica;L10028/2000
art. 359-G;359;Parte Especial;nao;sim;0;1;;;12;48;;tipo novo;agrava;1;norma unica;L10028/2000
art. 359-H;359;Parte Especial;nao;sim;0;1;;;12;48;;tipo novo;agrava;2;efeito liquido de 2 normas;L10028/2000 L14197/2021
art. 359-I;359;Parte Especial;nao;sim;0;2;;;36;144;;tipo novo;agrava;1;norma unica;L14197/2021
art. 359-J;359;Parte Especial;nao;sim;0;1;;;24;72;;tipo novo;agrava;1;norma unica;L14197/2021
art. 359-K;359;Parte Especial;nao;sim;0;3;;;12;180;;tipo novo;agrava;1;norma unica;L14197/2021
art. 359-L;359;Parte Especial;nao;sim;0;1;;;48;96;;tipo novo;agrava;1;norma unica;L14197/2021
art. 359-M;359;Parte Especial;nao;sim;0;1;;;48;144;;tipo novo;agrava;2;efeito liquido de 2 normas;L14197/2021 L15402/2026
art. 359-N;359;Parte Especial;nao;sim;0;1;;;36;72;;tipo novo;agrava;1;norma unica;L14197/2021
art. 359-O;359;Parte Especial;nao;sim;0;0;;;;;;tipo novo;sem pena declarada;1;norma unica;L14197/2021
art. 359-P;359;Parte Especial;nao;sim;0;1;;;36;72;;tipo novo;agrava;1;norma unica;L14197/2021
art. 359-Q;359;Parte Especial;nao;sim;0;0;;;;;;tipo novo;sem pena declarada;1;norma unica;L14197/2021
art. 359-R;359;Parte Especial;nao;sim;0;1;;;24;96;;tipo novo;agrava;1;norma unica;L14197/2021
art. 359-T;359;Parte Especial;nao;sim;0;0;;;;;;tipo novo;sem pena declarada;1;norma unica;L14197/2021
art. 359-U;359;Parte Especial;nao;sim;0;0;;;;;;tipo novo;sem pena declarada;1;norma unica;L14197/2021
art. 360;360;Parte Especial;sim;sim;0;0;;;;;;sem faixa de pena nos dois lados;nao mensuravel por faixa;0;nenhuma norma anotada;
art. 361;361;Parte Especial;sim;sim;0;0;;;;;;sem faixa de pena nos dois lados;nao mensuravel por faixa;0;nenhuma norma anotada;
