especie;numero;ano_da_norma;procedencia;publicacao_dou;fonte_da_data;segunda_fonte;regime;dentro_da_janela
LEI;1431;1951;so no Legin;1951-09-14;Legin, ficha, Publicação Original no DOU;1951-09-14;República de 1946;True
LEI;2505;1955;so no Legin;1955-06-16;Legin, ficha, Publicação Original no DOU;1955-06-16;República de 1946;True
LEI;4451;1964;so no Legin;1964-11-06;Legin, ficha, Publicação Original no DOU;1964-11-06;Ditadura militar;True
LEI;4729;1965;nas duas;1965-07-19;Legin, ficha, Publicação Original no DOU;1965-07-19;Ditadura militar;True
LEI;5346;1967;nas duas;1967-11-07;Legin, ficha, Publicação Original no DOU;1967-11-07;Ditadura militar;True
LEI;5467;1968;so no Legin;1968-07-08;Legin, ficha, Publicação Original no DOU;1968-07-08;Ditadura militar;True
LEI;5474;1968;nas duas;1968-07-19;Legin, ficha, Publicação Original no DOU;1968-07-19;Ditadura militar;True
LEI;5478;1968;nas duas;1968-07-26;Legin, ficha, Publicação Original no DOU;1968-07-26;Ditadura militar;True
DL;385;1968;so no Legin;1968-12-27;Legin, ficha, Publicação Original no DOU;1968-12-27;Ditadura militar;True
LEI;5726;1971;nas duas;1971-11-01;Legin, ficha, Publicação Original no DOU;1971-11-01;Ditadura militar;True
LEI;6368;1976;so no Planalto;1976-10-22;Normas.leg.br, datePublished;;Ditadura militar;True
LEI;6416;1977;nas duas;1977-05-25;Legin, ficha, Publicação Original no DOU;1977-05-25;Ditadura militar;True
LEI;6799;1980;nas duas;1980-06-24;Legin, ficha, Publicação Original no DOU;1980-06-24;Ditadura militar;True
LEI;6895;1980;so no Legin;1980-12-18;Legin, ficha, Publicação Original no DOU;1980-12-18;Ditadura militar;True
LEI;6898;1981;nas duas;1981-04-01;Legin, ficha, Publicação Original no DOU;1981-04-01;Ditadura militar;True
LEI;7209;1984;nas duas;1984-07-13;Legin, ficha, Publicação Original no DOU;1984-07-13;Ditadura militar;True
LEI;7251;1984;nas duas;1984-11-21;Legin, ficha, Publicação Original no DOU;1984-11-21;Ditadura militar;True
LEI;8069;1990;nas duas;1990-07-16;Legin, ficha, Publicação Original no DOU;1990-07-16;Nova República;True
LEI;8072;1990;nas duas;1990-07-26;Legin, ficha, Publicação Original no DOU;1990-07-26;Nova República;True
LEI;8137;1990;nas duas;1990-12-28;Legin, ficha, Publicação Original no DOU;1990-12-28;Nova República;True
LEI;8176;1991;so no Legin;1991-02-13;Legin, ficha, Publicação Original no DOU;1991-02-13;Nova República;True
LEI;8635;1993;so no Legin;1993-03-17;Legin, ficha, Publicação Original no DOU;1993-03-17;Nova República;True
LEI;8683;1993;nas duas;1993-07-16;Legin, ficha, Publicação Original no DOU;1993-07-16;Nova República;True
LEI;9127;1995;nas duas;1995-11-17;Legin, ficha, Publicação Original no DOU;1995-11-17;Nova República;True
LEI;9268;1996;nas duas;1996-04-02;Legin, ficha, Publicação Original no DOU;1996-04-02;Nova República;True
LEI;9269;1996;nas duas;1996-04-03;Legin, ficha, Publicação Original no DOU;1996-04-03;Nova República;True
LEI;9279;1996;nas duas;1996-05-15;Legin, ficha, Publicação Original no DOU;1996-05-15;Nova República;True
LEI;9281;1996;so no Legin;1996-06-05;Legin, ficha, Publicação Original no DOU;1996-06-05;Nova República;True
LEI;9318;1996;so no Legin;1996-12-06;Legin, ficha, Publicação Original no DOU;1996-12-06;Nova República;True
LEI;9426;1996;nas duas;1996-12-26;Legin, ficha, Publicação Original no DOU;1996-12-26;Nova República;True
LEI;9459;1997;so no Legin;1997-05-14;Legin, ficha, Publicação Original no DOU;1997-05-14;Nova República;True
LEI;9677;1998;nas duas;1998-07-03;Legin, ficha, Publicação Original no DOU;1998-07-03;Nova República;True
LEI;9714;1998;nas duas;1998-11-26;Legin, ficha, Publicação Original no DOU;1998-11-26;Nova República;True
LEI;9777;1998;nas duas;1998-12-30;Legin, ficha, Publicação Original no DOU;1998-12-30;Nova República;True
LEI;9983;2000;nas duas;2000-07-17;Legin, ficha, Publicação Original no DOU;2000-07-17;Nova República;True
LEI;10028;2000;nas duas;2000-10-20;Legin, ficha, Publicação Original no DOU;2000-10-20;Nova República;True
LEI;10224;2001;nas duas;2001-05-16;Legin, ficha, Publicação Original no DOU;2001-05-16;Nova República;True
LEI;10268;2001;nas duas;2001-08-29;Legin, ficha, Publicação Original no DOU;2001-08-29;Nova República;True
LEI;10467;2002;nas duas;2002-06-12;Legin, ficha, Publicação Original no DOU;2002-06-12;Nova República;True
LEI;10695;2003;nas duas;2003-07-02;Legin, ficha, Publicação Original no DOU;2003-07-02;Nova República;True
LEI;10741;2003;nas duas;2003-10-03;Legin, ficha, Publicação Original no DOU;2003-10-03;Nova República;True
LEI;10763;2003;nas duas;2003-11-13;Legin, ficha, Publicação Original no DOU;2003-11-13;Nova República;True
LEI;10803;2003;nas duas;2003-12-12;Legin, ficha, Publicação Original no DOU;2003-12-12;Nova República;True
LEI;10886;2004;nas duas;2004-06-18;Legin, ficha, Publicação Original no DOU;2004-06-18;Nova República;True
LEI;11035;2004;nas duas;2004-12-23;Legin, ficha, Publicação Original no DOU;2004-12-23;Nova República;True
LEI;11106;2005;nas duas;2005-03-29;Legin, ficha, Publicação Original no DOU;2005-03-29;Nova República;True
LEI;11340;2006;nas duas;2006-08-08;Legin, ficha, Publicação Original no DOU;2006-08-08;Nova República;True
LEI;11466;2007;nas duas;2007-03-29;Legin, ficha, Publicação Original no DOU;2007-03-29;Nova República;True
LEI;11596;2007;nas duas;2007-11-30;Legin, ficha, Publicação Original no DOU;2007-11-30;Nova República;True
LEI;11923;2009;nas duas;2009-04-17;Legin, ficha, Publicação Original no DOU;2009-04-17;Nova República;True
LEI;12012;2009;nas duas;2009-08-07;Legin, ficha, Publicação Original no DOU;2009-08-07;Nova República;True
LEI;12015;2009;nas duas;2009-08-10;Legin, ficha, Publicação Original no DOU;2009-08-10;Nova República;True
LEI;12033;2009;nas duas;2009-09-30;Legin, ficha, Publicação Original no DOU;2009-09-30;Nova República;True
LEI;12234;2010;nas duas;2010-05-06;Legin, ficha, Publicação Original no DOU;2010-05-06;Nova República;True
LEI;12550;2011;nas duas;2011-12-16;Legin, ficha, Publicação Original no DOU;2011-12-16;Nova República;True
LEI;12650;2012;so no Legin;2012-05-18;Legin, ficha, Publicação Original no DOU;2012-05-18;Nova República;True
LEI;12653;2012;nas duas;2012-05-29;Legin, ficha, Publicação Original no DOU;2012-05-29;Nova República;True
LEI;12694;2012;nas duas;2012-07-25;Legin, ficha, Publicação Original no DOU;2012-07-25;Nova República;True
LEI;12720;2012;nas duas;2012-09-28;Legin, ficha, Publicação Original no DOU;2012-09-28;Nova República;True
LEI;12735;2012;so no Legin;2012-12-03;Legin, ficha, Publicação Original no DOU;2012-12-03;Nova República;True
LEI;12737;2012;nas duas;2012-12-03;Legin, ficha, Publicação Original no DOU;2012-12-03;Nova República;True
LEI;12850;2013;nas duas;2013-08-05;Legin, ficha, Publicação Original no DOU;2013-08-05;Nova República;True
LEI;12978;2014;nas duas;2014-05-22;Legin, ficha, Publicação Original no DOU;2014-05-22;Nova República;True
LEI;13008;2014;nas duas;2014-06-27;Legin, ficha, Publicação Original no DOU;2014-06-27;Nova República;True
LEI;13104;2015;nas duas;2015-03-10;Legin, ficha, Publicação Original no DOU;2015-03-10;Nova República;True
LEI;13142;2015;so no Legin;2015-07-07;Legin, ficha, Publicação Original no DOU;2015-07-07;Nova República;True
LEI;13188;2015;nas duas;2015-11-12;Legin, ficha, Publicação Original no DOU;2015-11-12;Nova República;True
LEI;13228;2015;so no Legin;2015-12-29;Legin, ficha, Publicação Original no DOU;2015-12-29;Nova República;True
LEI;13330;2016;so no Legin;2016-08-03;Legin, ficha, Publicação Original no DOU;2016-08-03;Nova República;True
LEI;13344;2016;nas duas;2016-10-07;Legin, ficha, Publicação Original no DOU;2016-10-07;Nova República;True
LEI;13445;2017;nas duas;2017-05-25;Legin, ficha, Publicação Original no DOU;2017-05-25;Nova República;True
LEI;13531;2017;nas duas;2017-12-08;Legin, ficha, Publicação Original no DOU;2017-12-08;Nova República;True
LEI;13606;2018;nas duas;2018-01-10;Legin, ficha, Publicação Original no DOU;2018-01-10;Nova República;True
LEI;13654;2018;nas duas;2018-04-24;Legin, ficha, Publicação Original no DOU;2018-04-24;Nova República;True
LEI;13715;2018;so no Legin;2018-09-25;Legin, ficha, Publicação Original no DOU;2018-09-25;Nova República;True
LEI;13718;2018;nas duas;2018-09-25;Legin, ficha, Publicação Original no DOU;2018-09-25;Nova República;True
LEI;13771;2018;so no Legin;2018-12-20;Legin, ficha, Publicação Original no DOU;2018-12-20;Nova República;True
LEI;13772;2018;nas duas;2018-12-20;Legin, ficha, Publicação Original no DOU;2018-12-20;Nova República;True
LEI;13869;2019;nas duas;2019-09-05;Legin, ficha, Publicação Original no DOU;2019-09-05;Nova República;True
LEI;13964;2019;nas duas;2019-12-24;Legin, ficha, Publicação Original no DOU;2019-12-24;Nova República;True
LEI;13968;2019;nas duas;2019-12-27;Legin, ficha, Publicação Original no DOU;2019-12-27;Nova República;True
LEI;14110;2020;nas duas;2020-12-21;Legin, ficha, Publicação Original no DOU;2020-12-21;Nova República;True
LEI;14132;2021;nas duas;2021-04-01;Legin, ficha, Publicação Original no DOU;2021-04-01;Nova República;True
LEI;14133;2021;nas duas;2021-04-01;Legin, ficha, Publicação Original no DOU;2021-04-01;Nova República;True
LEI;14155;2021;nas duas;2021-05-28;Legin, ficha, Publicação Original no DOU;2021-05-28;Nova República;True
LEI;14188;2021;nas duas;2021-07-29;Legin, ficha, Publicação Original no DOU;2021-07-29;Nova República;True
LEI;14197;2021;nas duas;2021-09-02;Legin, ficha, Publicação Original no DOU;2021-09-02;Nova República;True
LEI;14245;2021;nas duas;2021-11-23;Legin, ficha, Publicação Original no DOU;2021-11-23;Nova República;True
LEI;14344;2022;nas duas;2022-05-25;Legin, ficha, Publicação Original no DOU;2022-05-25;Nova República;True
LEI;14478;2022;nas duas;2022-12-22;Legin, ficha, Publicação Original no DOU;2022-12-22;Nova República;True
LEI;14532;2023;nas duas;2023-01-11;Legin, ficha, Publicação Original no DOU;2023-01-11;Nova República;True
LEI;14562;2023;nas duas;2023-04-27;Legin, ficha, Publicação Original no DOU;2023-04-27;Nova República;True
LEI;14811;2024;nas duas;2024-01-15;Legin, ficha, Publicação Original no DOU;2024-01-15;Nova República;True
LEI;14967;2024;nas duas;2024-09-10;Legin, ficha, Publicação Original no DOU;2024-09-10;Nova República;True
LEI;14994;2024;nas duas;2024-10-10;Legin, ficha, Publicação Original no DOU;2024-10-10;Nova República;True
LEI;15035;2024;nas duas;2024-11-28;Legin, ficha, Publicação Original no DOU;2024-11-28;Nova República;True
LEI;15123;2025;nas duas;2025-04-25;Legin, ficha, Publicação Original no DOU;2025-04-25;Nova República;True
LEI;15134;2025;nas duas;2025-05-07;Legin, ficha, Publicação Original no DOU;2025-05-07;Nova República;True
LEI;15159;2025;nas duas;2025-07-04;Legin, ficha, Publicação Original no DOU;2025-07-04;Nova República;True
LEI;15160;2025;nas duas;2025-07-04;Legin, ficha, Publicação Original no DOU;2025-07-04;Nova República;True
LEI;15163;2025;nas duas;2025-07-04;Legin, ficha, Publicação Original no DOU;2025-07-04;Nova República;True
LEI;15181;2025;nas duas;2025-07-29;Legin, ficha, Publicação Original no DOU;2025-07-29;Nova República;True
LEI;15229;2025;so no Legin;2025-10-03;Legin, ficha, Publicação Original no DOU;2025-10-03;Nova República;True
LEI;15245;2025;nas duas;2025-10-30;Legin, ficha, Publicação Original no DOU;2025-10-30;Nova República;True
LEI;15280;2025;nas duas;2025-12-08;Legin, ficha, Publicação Original no DOU;2025-12-08;Nova República;True
LC;225;2026;nas duas;2026-01-09;Legin, ficha, Publicação Original no DOU;2026-01-09;Nova República;True
LEI;15353;2026;nas duas;2026-03-08;Legin, ficha, Publicação Original no DOU;2026-03-08;Nova República;True
LEI;15358;2026;nas duas;2026-03-25;Legin, ficha, Publicação Original no DOU;2026-03-25;Nova República;True
LEI;15384;2026;nas duas;2026-04-10;Legin, ficha, Publicação Original no DOU;2026-04-10;Nova República;True
LEI;15397;2026;nas duas;2026-05-04;Legin, ficha, Publicação Original no DOU;2026-05-04;Nova República;True
LEI;15402;2026;nas duas;2026-05-08;Legin, ficha, Publicação Original no DOU;2026-05-08;Nova República;True
LEI;15425;2026;nas duas;2026-06-08;Legin, ficha, Publicação Original no DOU;2026-06-08;Nova República;True
LEI;15438;2026;nas duas;2026-06-19;Legin, ficha, Publicação Original no DOU;2026-06-19;Nova República;True
LEI;15455;2026;nas duas;2026-07-02;Legin, ficha, Publicação Original no DOU;2026-07-02;Nova República;True
LEI;15487;2026;nas duas;2026-08-07;Legin, ficha, Publicação Original no DOU;2026-08-07;Nova República;True
